start,end,featureid,_1_idInfo_survey_ref_,_2_idInfo_aimag_,_3_idInfo_soum_,_4_idInfo_bagCode_,_5_idInfo_cbrm_orgName_,_6_idInfo_interviewerName_,_7_idInfo_interviewDate_,_idInfo_record_crntLoc_,_idInfo_record_crntLoc_lat_,_idInfo_record_crntLoc_lon_,_idInfo_record_crntLoc_alt_,_idInfo_record_crntLoc_prec_,_1_HHDems_num_HHmembers_,_2_HHDems_hoh_age_,_3_HHDems_hoh_sex_,_4_HHDems_hoh_education_,_5_HHDems_num_HHmems_sub16_camp_tot_,_5_a_HHDems_num_HHmems_sub16_soum_,_5_b_HHDems_num_HHmems_sub16_aimag_,_5_c_HHDems_num_HHmems_sub16_ub_,_6_HHDems_num_HHmems_16to30_camp_tot_,_6_a_HHDems_num_HHmems_16to30_soum_,_6_b_HHDems_num_HHmems_16to30_aimag_,_6_c_HHDems_num_HHmems_16to30_ub_,_7_HHDems_num_HHmems_30to60_camp_tot_,_7_a_HHDems_num_HHmems_30to60_soum_,_7_b_HHDems_num_HHmems_30to60_aimag_,_7_c_HHDems_num_HHmems_30to60_ub_,_8_HHDems_num_HHmems_60plus_camp_tot_,_8_a_HHDems_num_HHmems_60plus_soum_,_8_b_HHDems_num_HHmems_60plus_aimag_,_8_c_HHDems_num_HHmems_60plus_ub_,_9_HHDems_num_HH_khotAil_,_10_HHDems_num_people_khotAil_,_11_HHDems_do_HH_stayTogether_,_1_labor_HHmems_movesAnimals_daily_,_1_labor_HHmems_movesAnimals_daily_female_,_1_labor_HHmems_movesAnimals_daily_male_,_1_labor_HHmems_movesAnimals_daily_husband_,_1_labor_HHmems_movesAnimals_daily_wife_,_1_labor_HHmems_movesAnimals_daily_son_,_1_labor_HHmems_movesAnimals_daily_daughter_,_1_labor_HHmems_movesAnimals_daily_children_,_1_labor_HHmems_movesAnimals_daily_grandchildren_,_1_labor_HHmems_movesAnimals_daily_grandparents_,_1_labor_HHmems_movesAnimals_daily_siblings_,_1_labor_HHmems_movesAnimals_daily_hiredHelp_,_1_labor_HHmems_movesAnimals_daily_neighbors_,_1_labor_HHmems_movesAnimals_daily_unspecified_,_2_labor_HHmems_seasonalMig_toCamp_,_2_labor_HHmems_seasonalMig_toCamp_female_,_2_labor_HHmems_seasonalMig_toCamp_male_,_2_labor_HHmems_seasonalMig_toCamp_husband_,_2_labor_HHmems_seasonalMig_toCamp_wife_,_2_labor_HHmems_seasonalMig_toCamp_son_,_2_labor_HHmems_seasonalMig_toCamp_daughter_,_2_labor_HHmems_seasonalMig_toCamp_children_,_2_labor_HHmems_seasonalMig_toCamp_grandchildren_,_2_labor_HHmems_seasonalMig_toCamp_grandparents_,_2_labor_HHmems_seasonalMig_toCamp_siblings_,_2_labor_HHmems_seasonalMig_toCamp_hiredHelp_,_2_labor_HHmems_seasonalMig_toCamp_neighbors_,_2_labor_HHmems_seasonalMig_toCamp_unspecified_,_2_labor_HHmems_seasonalMig_toCamp_other_,_2_a_labor_HHmems_seasonalMig_toCamp_num_,_2_b_labor_HHmems_durAutmnWinter_,_2_c_labor_HHmems_durSpringSummer_,_3_labor_HHmems_leftCamp_,_3_a_labor_HHmems_leftCamp_reason_,_3_a_labor_HHmems_leftCamp_reason_school_,_3_a_labor_HHmems_leftCamp_reason_kinderg_,_3_a_labor_HHmems_leftCamp_reason_higherEd_,_3_a_labor_HHmems_leftCamp_reason_employ_,_3_a_labor_HHmems_leftCamp_reason_marriage_,_3_a_labor_HHmems_leftCamp_reason_home_,_3_a_labor_HHmems_leftCamp_reason_childWatch_,_3_a_labor_HHmems_leftCamp_reason_cattle_,_3_a_labor_HHmems_leftCamp_reason_retire_,_3_a_labor_HHmems_leftCamp_reason_healthcare_,_3_a_labor_HHmems_leftCamp_reason_family_,_3_a_labor_HHmems_leftCamp_reason_military_,_3_b_i_labor_HHmems_leftCamp_yr_,_3_b_ii_labor_HHmems_leftCamp_month_,_3_c_labor_HHmems_returnCamp_,_3_c_labor_HHmems_returnCamp_weekly,_3_c_labor_HHmems_returnCamp_monthly_,_3_c_labor_HHmems_returnCamp_seasonally_,_3_c_labor_HHmems_returnCamp_naadam_,_3_c_labor_HHmems_returnCamp_schoolBreaks_,_3_c_labor_HHmems_returnCamp_other_,_3_c_i_labor_other_text_,_3_d_labor_permMove_,_3_e_labor_returnPlan_,_4_labor_HHmems_moveReason_,_4_labor_HHmems_moveReason_school_,_4_labor_HHmems_moveReason_university_,_4_labor_HHmems_moveReason_serviceAccess_,_4_labor_HHmems_moveReason_employment_,_4_labor_HHmems_moveReason_other_,_4_a_other_text_,_5_labor_HHmems_mig_impHerdLabor_,_5_a_labor_herdLabor_ifYes_how_,_6_labor_HHmems_mig_impHerdPractices_,_6_a_labor_herdPractices_ifYes_how_,_7_labor_hireLabor_,_7_a_labor_hireLabor_dailyHerdMvmts_,_7_b_labor_hireLabor_moveToPasture_,_7_c_labor_hireLabor_assistOtor_,_8_labor_hireLabor_otherHusbandry_,_8_a_labor_ifYes_how_text_,_8_a_labor_ifYes_how_text_daylabor,_8_a_labor_ifYes_how_text_herding,_8_a_labor_ifYes_how_text_chores,_8_a_labor_ifYes_how_text_livestock,_8_a_labor_ifYes_how_text_migrate,_8_a_labor_ifYes_how_text_shearing,_1_tenure_HH_winterCamp_,_2_tenure_HH_winterCamp_contract_,_2_a_tenure_ifYes_whoHolds_contract_,_2_a_tenure_ifYes_whoHolds_contract_edited,_3_tenure_HH_winterPasture_,_4_tenure_HH_winterPasture_contract_,_5_tenure_isWinterCamp_springCamp_,_6_tenure_HH_springCamp_,_7_tenure_HH_springCamp_contract_,_8_tenure_HH_springPasture_contract_,_1_altLivelihoods_HHmems_nonHerdingWork_,_1_a_i_altLivelihoods_IfYes_who_,_1_a_i_altLivelihoods_IfYes_what_,_1_b_altLivelihoods_otherInc_,_1_b_altLivelihoods_otherInc_pension_,_1_b_altLivelihoods_otherInc_herdingLivestock_,_1_b_altLivelihoods_otherInc_salary_,_1_b_altLivelihoods_otherInc_govAllowance_,_1_b_altLivelihoods_otherInc_govAllowance_childBenefit_,_1_b_altLivelihoods_otherInc_hourlyWage_,_1_b_altLivelihoods_otherInc_remits_,_1_b_altLivelihoods_otherInc_crafts_,_1_b_altLivelihoods_otherInc_investments_,_1_b_altLivelihoods_otherInc_agencyAid_,_1_b_altLivelihoods_otherInc_other_,_1_b_i_other_text_,_2_altLivelihoods_loans_whereToGet_,_3_altLivelihoods_loans_howOften_yr_,_4_altLivelihoods_loans_minMax_,_4_altLivelihoods_loans_min_millions_,_4_altLivelihoods_loans_max_millions_,_5_altLivelihoods_finNeed_difTime_,_5_altLivelihoods_finNeed_difTime_winter_,_5_altLivelihoods_finNeed_difTime_autumn_,_5_altLivelihoods_finNeed_difTime_lunarNY_,_5_altLivelihoods_finNeed_difTime_spring_,_5_altLivelihoods_finNeed_difTime_summer_,_5_altLivelihoods_finNeed_difTime_yearround_,_1_socConnection_commOrg_mem_,_1_socConnection_commOrg_mem_bagSoum_,_1_socConnection_commOrg_mem_comm_,_1_socConnection_commOrg_mem_otherComOrg_,_1_socConnection_commOrg_mem_localParty_,_1_a_socConnection_otherLocalOrg_mem_,_2_socConnection_advice_inBagSoum_peopleOrgs_,_2_socConnection_advice_inBagSoum_people_num_,_2_socConnection_advice_inBagSoum_people_relationship_,_2_socConnection_advice_inBagSoum_orgs_,_3_socConnection_hardshipHelp_inBagSoum_peopleOrgs_,_3_socConnection_hardshipHelp_inBagSoum_people_num_,_3_socConnection_hardshipHelp_inBagSoum_people_relationship_,_3_socConnection_hardshipHelp_inBagSoum_orgs_,_1_socConnection_advice_outBagSoum_peopleOrgs_,_1_socConnection_advice_outBagSoum_people_num_,_1_socConnection_advice_outBagSoum_people_relationships_,_1_socConnection_advice_outBagSoum_orgs_,_2_socConnection_hardshipHelp_outBagSoum_laborLending_,_2_socConnection_hardshipHelp_outBagSoum_labor_num_,_2_socConnection_hardshipHelp_outBagSoum_labor_relationship_,_2_socConnection_hardshipHelp_outBagSoum_lending_,_1_socConnection_mostTrust_topThree_,_1_socConnection_mostTrust_topThree_parents_,_1_socConnection_mostTrust_topThree_spouse_,_1_socConnection_mostTrust_topThree_child_,_1_socConnection_mostTrust_topThree_friend_,_1_socConnection_mostTrust_topThree_siblings_,_1_socConnection_mostTrust_topThree_otherRelatives_,_1_socConnection_mostTrust_topThree_civic_,_1_socConnection_mostTrust_topThree_other_,_2_a_socConnection_mostTrust_khotAilMembers_,_2_b_socConnection_mostTrust_commMem_,_2_c_socConnection_mostTrust_bagGov_,_2_d_socConnection_mostTrust_soumAuth_,_2_e_socConnection_mostTrust_interTrader_,_3_socConnection_mostTrust_org_yn_,_3_a_socConnection_mostTrust_orgName_,_1_socConnection_recip_youHelp_past5Yrs_yn_,_2_socConnection_recip_dzudHost_yn_,_2_a_socConnection_recip_ifYes_reason_,_3_socConnection_recip_dzudDrought_host_,_3_a_socConnection_recip_ifYes_confidHelp_,_1_herdMgmt_dailyHerd_dist_km_,_1_a_herdMgmt_dailyHerd_summer_dist_km_,_1_b_herdMgmt_dailyHerd_winter_dist_km_,_2_herdMgmt_summerCamp_distFrom_km_,_3_herdMgmt_winterCamp_distFrom_km_,_4_herdMgmt_thisYr_timesMoved_camp_,_5_herdMgmt_lastYr_timesMoved_camp_,_6_herdMgmt_lastYr_avgMoveDist_km_,_7_herdMgmt_lastYr_totMoveDist_km_,_8_herdMgmt_10yrsAgo_avgMoveDist_km_,_9_herdMgmt_lastYr_otor_yn_,_9_a_ifYes_,_10_herdMgmt_thisYr_otor_yn_,_11_herdMgmt_thisYr_winterPasture_res_yn_,_12_herdMgmt_lastYr_winterPasture_res_yn_,_13_herdMgmt_thisYr_springPasture_res_yn_,_14_herdMgmt_lastYr_springPasture_res_yn_,_15_herdMgmt_thisYr_dzudPasture_res_yn_,_16_herdMgmt_lastYr_dzudPasture_res_yn_,_17_herdMgmt_past5yrs_resPasture_grazed_yn_,_18_a_herdMgmt_10yrsAgo_dailyHerd_means_,_18_a_herdMgmt_10yrsAgo_dailyHerd_means_walk_km_,_18_a_herdMgmt_10yrsAgo_dailyHerd_means_horseCamel_km_,_18_a_herdMgmt_10yrsAgo_dailyHerd_means_car_km_,_18_a_herdMgmt_10yrsAgo_dailyHerd_means_motorbike_km_,_18_b_herdMgmt_5yrsAgo_dailyHerd_means_,_18_b_herdMgmt_5yrsAgo_dailyHerd_means_walk_km_,_18_b_herdMgmt_5yrsAgo_dailyHerd_means_horseCamel_km_,_18_b_herdMgmt_5yrsAgo_dailyHerd_means_car_km_,_18_b_herdMgmt_5yrsAgo_dailyHerd_means_motorbike_km_,_18_c_herdMgmt_lastYr_dailyHerd_means_,_18_c_herdMgmt_lastYr_dailyHerd_means_walk_km_,_18_c_herdMgmt_lastYr_dailyHerd_means_horseCamel_km_,_18_c_herdMgmt_lastYr_dailyHerd_means_car_km_,_18_c_herdMgmt_lastYr_dailyHerd_means_motorbike_km_,_19_herdMgmt_10yrsAgo_dailyHerd_distTrav_km_,_19_a_herdMgmt_10yrsAgo_winter_dailyHerd_distTrav_km_,_19_b_herdMgmt_10yrsAgo_summer_dailyHerd_distTrav_km_,_20_herdMgmt_5yrsAgo_dailyHerd_distTrav_km_,_20_a_herdMgmt_5yrsAgo_winter_dailyHerd_distTrav_km_,_20_b_herdMgmt_5yrsAgo_summer_dailyHerd_distTrav_km_,_21_herdMgmt_lastYr_dailyHerd_distTrav_km_,_21_a_herdMgmt_lastYr_winter_dailyHerd_distTrav_km_,_21_b_herdMgmt_lastYr_summer_dailyHerd_distTrav_km_,_22_herdMgmt_past5yrs_mgmtPractices_chgd_yn_,_22_a_herdMgmt_ifYes_how_,_23_herdMgmt_next5Yrs_mgmtPractices_chgs_yn_,_23_a_herdMgmt_ifYes_how_,_24_herdMgmt_mgmtPractices_chgs_cantMake_,_25_a_herdMgmt_ifYes_lmtngFactor_,_1_remInc_remExchange_HHmems_yn_,_1_a_remInc_ifYes_sendingReceiving_,_1_b_remInc_ifSending_what_,_1_b_remInc_ifSending_what_meatDairy_,_1_b_remInc_ifSending_what_cash_,_1_b_remInc_ifSending_what_fiberProducts_,_1_b_remInc_ifSending_what_other_,_1_b_i_remInc_IfSending_other_,_1_c_remInc_ifReceiving_what_,_1_c_remInc_ifReceiving_what_food_,_1_c_remInc_ifReceiving_what_cash_,_1_c_remInc_ifReceiving_what_fiber_,_1_c_remInc_ifReceiving_what_tech_,_1_c_remInc_ifReceiving_what_other_,_1_c_i_remInc_ifReceiving_other_,_1_d_remInc_ifReceiving_howUsing_,_1_d_remInc_ifReceiving_howUsing_buyLivestock_,_1_d_remInc_ifReceiving_howUsing_school_,_1_d_remInc_ifReceiving_howUsing_HHImpr_,_1_d_remInc_ifReceiving_howUsing_suppFodder_,_1_d_remInc_ifReceiving_howUsing_husbandry_,_1_d_remInc_ifReceiving_howUsing_vehicle_,_2_remInc_rcvg_HHmembers_fromExtMig_yn_,_1_livestock_EOY_2023_camel_tot_,_2_livestock_EOY_2023_cow_tot_,_3_livestock_EOY_2023_horse_tot_,_4_livestock_EOY_2023_sheep_tot_,_5_livestock_EOY_2023_goat_tot_,_1_1_livestock_EOY_5yrsAgo_camel_tot_,_2_1_livestock_EOY_5yrsAgo_cow_tot_,_3_1_livestock_EOY_5yrsAgo_horse_tot_,_4_1_livestock_EOY_5yrsAgo_sheep_tot_,_5_1_livestock_EOY_5yrsAgo_goat_tot_,_7_livestock_lastYr_suppFodder_yn_,_8_livestock_thisYr_suppFodder_yn_,_9_livestock_vegForageShifts_longTerm_yn_,_9_a_livestock_vegForageShifts_ifSo_quanQual_,_9_b_livestock_vegForageShifts_ifSo_chgType_,_10_livestock_past5yrs_herdSzChg_,_10_a_livestock_past5Yrs_herdSzChg_inc_reason_,_10_a_livestock_past5Yrs_herdSzChg_inc_births_,_10_a_livestock_past5Yrs_herdSzChg_inc_prchsdMore_,_10_a_livestock_past5Yrs_herdSzChg_inc_gift_,_10_a_livestock_past5Yrs_herdSzChg_inc_other_,_10_a_i_livestock_past5Yrs_herdSzChg_inc_reason_other_text_,_10_b_livestock_past5yrs_herdSzChg_dec_reason_,_10_b_i_livestock_past5yrs_herdSzChg_dec_reason_other_text_,_11_livestock_nextYr_herdSzChg_plans_yn_,_11_a_livestock_nextYr_herdSzChg_plans_ifYes_what_,_11_a_livestock_nextYr_herdSzChg_plans_ifYes_why_,_1_resUse_past3yrs_pastureCon_chg_,_1_a_resUse_past3yrs_pastureCon_chg_deg_,_2_resUse_illegalHunting_yn_,_2_a_resUse_illegalHunting_freq_last12mths_,_3_resUse_illegalHunting_snctnsAwrns_yn_,_4_resUse_illegalHunting_willReport_yn_,_5_resUse_localWildlife_imp_,_6_resUse_past3yrs_wildlifePopChg_yn_,_6_1_resUse_past3yrs_wildlifePopChg_IfYes_level_,_7_resUse_past12mths_cons_involve_yn_,_1_a_consAttitudes_rateImport_protAreas_,_1_b_consAttitudes_rateImport_supSpecCons_,_1_c_consAttitudes_rateImport_presCultHrtge_,_1_d_consAttitudes_rateImport_presNatEnv_,_1_e_consAttitudes_rateImport_prohHntng_,_1_f_consAttitudes_rateImport_regRnglndUse_,_1_g_consAttitudes_rateImport_encrgParticip_,_1_h_consAttitudes_rateImport_implProj_,_2_a_consAttitudes_doYouAgree_consIsADuty_,_2_b_consAttitudes_doYouAgree_ProNature_,_2_c_consAttitudes_doYouAgree_fightPoaching_,_2_d_consAttitudes_doYouAgree_approResUse_
12/25/23,12/25/23,726,1,Dundgovi,Deren,Bag 1,,Bilguun,12/25/23,46.2126606 106.7091468 1260.9000244140625 20.0,46.2126606,106.7091468,1260.900024,20,1,64,Female,Complete secondary/High school,0,3,0,0,0,0,0,0,0,0,0,0,0,0,0,0,2,6,Yes,Son,NA,1,NA,NA,1,NA,1,NA,NA,NA,NA,NA,NA,"Son, wife",1,1,NA,1,1,NA,NA,NA,NA,NA,NA,NA,NA,NA,2,1,1,Yes,Employment,NA,NA,NA,1,NA,NA,NA,NA,NA,NA,NA,NA,2021,,To assist with migration to new camp (seasonal),NA,NA,1,NA,NA,NA,,Yes,No,Employment,NA,NA,NA,1,NA,,Yes,Decreased,Yes,Lacking human capacity,No,,,,No,,NA,NA,NA,NA,NA,NA,Yes,No,,,Yes,Yes,Yes,,,,Yes,Not specified,Private business,"Salary, Pension, Saving in bank",1,NA,1,NA,NA,NA,NA,NA,NA,NA,NA,,Bank,2,"2,5-10 mil",2.5,10,Lunar New year and need of fodder,NA,NA,1,NA,NA,NA,Local party,NA,NA,NA,1,,salesmen and government official,2,Professional,,0,0,,,"a salesman, and siblings ",Not specified,"Family, Professional",,"1 person, brother, age 68 ",1,Family,,mother and siblings,1,NA,NA,NA,1,NA,NA,NA,5,NA,5,5,3,Yes,People's party,Yes,No,,Yes,Strongly confident,3,6,7,6,6,3,3,3,10,30,No,,No,Yes,Yes,No,No,No,No,Yes,"Horse, Camel, Motorbike",0,1,0,1,"Horse, Camel, Motorbike",0,1,0,1,"Horse, Camel, Motorbike",0,1,0,1,NA,20,20,NA,20,20,NA,20,20,No,,Yes,Planting pasture grass,Yes,Need to plant pasture grass,Yes,Both,Meat & dairy,1,NA,NA,NA,,"Food, Cash",1,1,NA,NA,NA,,"Household improvements, Supplemental fodder, Husbandry, Vehicle or fuel costs",NA,NA,1,1,1,1,No,0,19,12,70,170,0,10,10,100,200,Yes,Yes,Yes,Both,"Shorter/sparser vegetation, More weeds, Less nutritious plants",Increase,Births,1,NA,NA,NA,,,,No,,,Improved,Medium,No,,Yes,Yes,Good,,,Yes,Very important,Very important,Very important,Very important,Very important,Very important,Very important,Very important,Strongly agree,Strongly agree,Strongly agree,Strongly agree
12/28/23,12/28/23,726,2,Dundgovi,Deren,Bag 1,,Bolor,12/25/23,46.2126305 106.7091099 0 0,46.2126305,106.7091099,0,0,5,50,Male,Secondary,1,1,0,0,2,0,1,1,1,1,0,0,0,3,1,1,2,3,Yes,"Husband, wife",1,1,1,1,NA,NA,NA,NA,NA,NA,NA,NA,NA,"Husband, wife, son",1,2,1,NA,1,NA,NA,NA,NA,NA,NA,NA,NA,NA,3,1,1,Yes,"School, Employment",1,NA,NA,1,NA,NA,NA,NA,NA,NA,NA,NA,2009,,Weekly Monthly To assist with migration to new camp (seasonal) During Naadam Other,1,1,1,1,NA,1,November /winter meat prep and May sheep and goat shearing/,Yes,No,School for children,1,NA,NA,NA,NA,,Yes,Decreased,Yes,Lacking human capacity,No,,,,Yes,Shearing livestock,NA,NA,NA,NA,NA,1,Yes,No,,,Yes,No,No,Yes,Yes,No,Yes,Wife,Procurement at the Governor Office,"Salary, Government allowances",NA,NA,1,1,NA,NA,NA,NA,NA,NA,NA,,Bank,1,2-5 mil,2,5,"Aug, Dec ",1,1,NA,NA,NA,NA,,NA,NA,NA,NA,,soum's herder's cooperative,Not specified,Not specified,Soum herder's cooperative,"all organizations in the soum, and people ",Not specified,Not specified,"Soum government, Soum organizations",0,0,,,0,0,,,"wife, brother and sister",NA,1,NA,NA,1,NA,NA,NA,5,NA,4,4,1,Yes,Soum organizations,Yes,Yes,Agree,Yes,Confident,NA,10,7,5,1,3,3,NA,13,11,No,,Yes,No,No,Yes,No,No,No,No,"Horse, Camel",0,1,0,0,Motorbike,0,0,0,1,Motorbike,0,0,0,1,6,6,15,NA,6,15,NA,6,15,Yes,Reserved pasture areas,Yes,Fencing the pasture,Yes,Financial difficulty,Yes,Both,"Meat & dairy, Cash",1,1,NA,NA,,"Food, Cash, Fiber",1,1,1,NA,NA,,"Supplemental fodder, Husbandry, Vehicle or fuel costs",NA,NA,NA,1,1,1,No,0,0,0,40,60,0,0,3,110,140,Yes,Yes,Yes,Both,No more forbs,Decrease,,NA,NA,NA,NA,,Slaughter for home consumption,,No,,,Improved,Medium,No,,Yes,Yes,Medium,,,Yes,Very important,Important,Very important,Very important,Important,Important,Very important,Very important,Generally agree,Generally agree,Strongly agree,Neither agree nor disagree
12/28/23,12/28/23,726,3,Dundgovi,Deren,Bag 1,???????,Tungalag,12/25/23,,NA,NA,NA,NA,2,21,Male,Secondary,0,0,0,0,0,0,0,0,0,0,0,0,0,1,0,0,2,3,No,Husband,NA,1,1,NA,NA,NA,NA,NA,NA,NA,NA,NA,NA,"Husband, ask for help",1,NA,NA,NA,NA,NA,NA,NA,NA,NA,NA,NA,NA,1,1,3,2,Yes,Healthcare services,NA,NA,NA,NA,NA,NA,NA,NA,NA,1,NA,NA,2022,,Weekly,1,NA,NA,NA,NA,NA,,No,Yes,Access to services (health care),NA,NA,1,NA,NA,,No,,No,,No,,,,No,,NA,NA,NA,NA,NA,NA,No,No,,,Yes,No,Yes,,,,No,Not specified,Grandmother,Pension,1,NA,NA,NA,NA,NA,NA,NA,NA,NA,NA,,Bank,1,3 mil,3,3,Winter and spring-fodder,1,NA,NA,1,NA,NA,,NA,NA,NA,NA,,0,0,,,"2-3 persons, male, ages 21 ",3,Not specified,,0,0,,,0,0,,,"sister, age 30+, 2 friends in the soum",NA,NA,NA,1,1,NA,NA,NA,5,NA,2,3,1,No,,Yes,Yes,Neutral,Yes,Confident,NA,8,4,4,3,2,2,6.5,20,6.5,No,,No,No,No,No,No,No,No,No,,NA,NA,NA,NA,"Horse, Camel, Motorbike",0,1,0,1,"Horse, Camel, Motorbike",0,1,0,1,NA,NA,NA,NA,4,0,NA,4,0,No,,Yes,Fencing the pasture,Yes,Financial difficulty,Yes,Sending,"Meat & dairy, Other",1,NA,NA,1,I will deliver the fuel to my grandmother,,NA,NA,NA,NA,NA,,,NA,NA,NA,NA,NA,NA,No,0,0,12,180,170,0,0,2,20,30,Yes,Yes,Yes,Quantity,Less vegetation overall,Increase,"Births, Purchased more",1,1,NA,NA,,,,Yes,Increase,Livelihood improvement,Degraded,Medium,Yes,2-Jan,Yes,Yes,Good,No change,,No,Important,Very important,Very important,Important,Important,Very important,Very important,,Strongly agree,Strongly agree,Generally agree,Strongly disagree
12/25/23,12/25/23,727,4,Dundgovi,Deren,Bag 2,,Bilguun,12/25/23,46.2128266 106.7093315 1261.4000244140625 21.558,46.2128266,106.7093315,1261.400024,21.558,2,53,Male,Secondary,0,0,0,0,0,NA,1,1,2,0,0,0,0,0,0,0,3,6,Yes,Husband,NA,1,1,NA,NA,NA,NA,NA,NA,NA,NA,NA,NA,"Husband, assistant herder",NA,1,1,NA,NA,NA,NA,NA,NA,NA,1,NA,NA,NA,2,1,1,Yes,Marriage,NA,NA,NA,NA,1,NA,NA,NA,NA,NA,NA,NA,2010,,During Naadam,NA,NA,NA,1,NA,NA,,Yes,Yes,Employment,NA,NA,NA,1,NA,,No,,No,,Yes,Yes,Yes,Yes,No,,NA,NA,NA,NA,NA,NA,Yes,Yes,Husband,Husband,Yes,No,Yes,,,,No,,,,NA,NA,NA,NA,NA,NA,NA,NA,NA,NA,NA,,Bank,2,3- 9 mil,3,9,Lunar new year,NA,NA,1,NA,NA,NA,,NA,NA,NA,NA,,0,0,,,"2 persons ages 50, female and male, in the soum",2,Not specified,,0,0,,,"1 person, age 50",1,Not specified,,friends,NA,NA,NA,1,NA,NA,NA,NA,5,NA,5,1,1,,,Yes,No,,Yes,Neutral,4,6,4,5,5,2,2,4,8,10,No,,No,Yes,Yes,Yes,Yes,Yes,Yes,Yes,"Horse, Camel, Motorbike",0,1,0,1,Motorbike,0,0,0,1,Motorbike,0,0,0,1,NA,10,10,NA,10,10,NA,10,10,Yes,Reserved pasture areas,Yes,Increase the number of camps,Yes,Lack of equipment,Yes,Sending,Meat & dairy,1,NA,NA,NA,,,NA,NA,NA,NA,NA,,,NA,NA,NA,NA,NA,NA,No,0,8,3,130,301,0,8,3,130,300,Yes,Yes,Yes,Both,Reduced plant species diversity,The same,,NA,NA,NA,NA,,,,No,,,Degraded,Medium,No,,Yes,Yes,Good,,,No,Very important,Very important,Very important,Very important,Moderately important,Moderately important,Not important at all,Very important,Strongly agree,Strongly agree,Strongly agree,Strongly disagree
12/25/23,12/26/23,727,5,Dundgovi,Deren,Bag 2,No,Tungalag,12/25/23,46.2126249 106.7089767 1272.0 10.0,46.2126249,106.7089767,1272,10,1,67,Female,Elementary,0,0,0,0,0,0,0,0,0,0,0,0,0,1,0,0,2,7,Yes,"Wife, son, daughter-in-law, grandchild, grandchild",1,2,1,NA,1,1,2,2,NA,NA,NA,NA,NA,3,NA,NA,NA,NA,NA,NA,NA,NA,NA,NA,NA,NA,3,NA,3,5,4,Yes,"Look after children, Cattle in soum",NA,NA,NA,NA,NA,NA,1,1,NA,NA,NA,NA,NA,September,To assist with migration to new camp (seasonal),NA,NA,1,NA,NA,NA,,No,Yes,School for children,1,NA,NA,NA,NA,,No,,No,,No,,,,No,,NA,NA,NA,NA,NA,NA,Yes,Yes,Deceased father,Father,Yes,No,Yes,,,,No,,,Pension,1,NA,NA,NA,NA,NA,NA,NA,NA,NA,NA,,Bank,2,"4,5 mil",5,5,Winter-fodder,1,NA,NA,NA,NA,NA,,NA,NA,NA,NA,,0,0,,,Soum govt sent me to an event during hard times,,,Soum government,"3 persons, 2 female and 1 male, age 70+, UB",3,Not specified,,"2 sisters, 1 brother, age 70+, in UB",3,Family,,"a sister, a friend ",NA,NA,NA,1,1,NA,NA,NA,5,NA,3,4,3,Yes,Soum government,Yes,Yes,Strongly agree,Yes,Strongly confident,NA,8,5,4,3,3,4,11,32,11,No,,No,No,No,No,No,No,No,Yes,"Horse, Camel",0,1,0,0,"Horse, Camel, Motorbike",0,1,0,1,"Motorbike, Horse, Camel",0,1,0,1,NA,5,8,NA,0,0,0,0,0,No,,Yes,Fence needlegrass,Yes,Lacking human capacity,Yes,Both,Meat & dairy,1,NA,NA,NA,,Food,1,NA,NA,NA,NA,,,NA,NA,NA,NA,NA,NA,No,0,0,4,60,50,0,0,5,100,110,Yes,Yes,Yes,Both,"Shorter/sparser vegetation, more needlegrass",Decrease,,NA,NA,NA,NA,,Slaughter for home consumption,,Yes,Maintain,Lacking human capacity,Degraded,Medium,No,,Yes,No,Medium,,,No,Important,Very important,Important,Very important,Very important,Important,Important,Important,Strongly agree,Strongly agree,Strongly agree,Neither agree nor disagree
12/25/23,12/26/23,727,6,Dundgovi,Deren,Bag 2,,Odonchimeg,12/25/23,46.2130587 106.7093211 1260.9000244140625 9.9,46.2130587,106.7093211,1260.900024,9.9,7,40,Female,Complete secondary/High school,4,2,0,1,1,0,0,0,1,0,0,0,0,0,0,0,1,3,No,"Husband, wife, son",1,2,1,1,1,NA,1,NA,NA,NA,NA,NA,NA,"Husband, wife",1,1,1,1,NA,NA,NA,NA,NA,NA,NA,NA,NA,NA,3,2,1,Yes,School,1,NA,NA,NA,NA,NA,NA,NA,NA,NA,NA,NA,NA,September,During school breaks Weekly To assist with migration to new camp (seasonal),1,NA,1,NA,1,NA,,No,Yes,School for children,1,NA,NA,NA,NA,,Yes,Decreased,Yes,Lacking human capacity,No,,,,No,,NA,NA,NA,NA,NA,NA,Yes,Yes,Husband,Husband,Yes,No,No,Yes,Yes,No,No,,,Government allowances,NA,NA,NA,1,NA,NA,NA,NA,NA,NA,NA,,Bank,1,5-26 mil,5,26,"Autumn, winter",1,1,NA,NA,NA,NA,Local party,NA,NA,NA,1,,None,0,,,Bag and soum provide fodder,,,"Bag government, Soum government",none,0,,,none,0,,,"parents, husband",1,NA,NA,NA,NA,NA,NA,NA,5,NA,5,5,1,No,,No,No,Agree,Yes,Strongly confident,6,4,4,3,5,2,2,15,30,30,No,,No,Yes,Yes,No,Yes,Yes,Yes,No,"Horse, Camel",0,1,0,0,"Horse, Camel",0,1,0,0,"Horse, Camel",0,1,0,0,4,5,4,4,5,4,5,4,5,No,,No,,Yes,Critiques from other herders around building fences in grazing areas,Yes,Sending,"Meat & dairy, Cash",1,1,NA,NA,,,NA,NA,NA,NA,NA,,,NA,NA,NA,NA,NA,NA,No,0,10,35,900,600,0,16,40,500,400,Yes,Yes,Yes,Quantity,Less vegetation overall,Increase,Births,1,NA,NA,NA,,,,Yes,Increase,Livelihood improvement,Degraded,Medium,Yes,2-Jan,No,Yes,Not enough,No change,,No,Not important at all,Important,Very important,Very important,Very important,Very important,Very important,Very important,Strongly agree,Strongly agree,Strongly agree,Strongly agree
12/25/23,12/27/23,727,7,Dundgovi,Deren,Bag 2,,Odonchimeg,12/25/23,46.2126622 106.7091481 1260.9000244140625 20.0,46.2126622,106.7091481,1260.900024,20,3,69,Female,Elementary,2,2,0,0,0,0,0,0,0,0,0,0,0,0,0,0,1,5,No,"Son, daughter-in-law, grandchild, grandchild",1,1,NA,NA,1,NA,2,1,NA,NA,NA,NA,NA,"Son, daughter-in-law, grandchidlren",1,1,NA,NA,1,1,NA,2,NA,NA,NA,NA,NA,NA,5,2,2,Yes,"School, Kindergarten, Look after children",1,1,NA,NA,NA,NA,1,NA,NA,NA,NA,NA,2018,,During school breaks During Naadam,NA,NA,NA,1,1,NA,,Yes,Don't know,"School for children, Access to services (health care)",1,NA,1,NA,NA,,No,,No,,No,,,,No,,NA,NA,NA,NA,NA,NA,Yes,Yes,Head of the household,Head of the household,Yes,No,No,Yes,Yes,No,No,,,"Pension, Remits",1,NA,NA,NA,NA,NA,1,NA,NA,NA,NA,,Bank,3-Feb,1mil,1,1,Lunar new year,NA,NA,1,NA,NA,NA,Local party,NA,NA,NA,1,,none,0,,,none,0,,,none,0,,,none,0,,,3 children,NA,NA,1,NA,NA,NA,NA,NA,5,NA,5,4,3,Yes,Soum school,Yes,Yes,Agree,No,,4,6,4,7,5,3,4,15,30,100,No,,No,No,No,No,No,Yes,Yes,Yes,"Horse, Camel, Motorbike",0,1,0,1,Motorbike,0,0,0,1,Motorbike,0,0,0,1,10,4,10,10,5,8,10,5,8,No,,Yes,Fence needlegrass,Yes,Financial difficulty,Yes,Both,Cash,NA,1,NA,NA,,"Food, Other",1,NA,NA,NA,1,"Petrol, Dung",,NA,NA,NA,NA,NA,NA,No,0,6,0,15,15,0,15,4,50,50,Yes,Yes,Yes,Both,Shorter/sparser vegetation,Decrease,,NA,NA,NA,NA,,Drought-related death,,No,,,Degraded,Substantial,No,,No,Yes,Medium,,,No,Important,Very important,Very important,Very important,Very important,Very important,Very important,Very important,Strongly agree,Strongly agree,Strongly agree,Neither agree nor disagree
12/28/23,12/28/23,727,8,Dundgovi,Deren,Bag 2,,Munkhtur,12/25/23,,NA,NA,NA,NA,5,46,Male,Complete secondary/High school,1,1,0,0,2,1,0,0,1,0,0,0,0,0,0,0,1,5,No,Husband,NA,1,1,NA,NA,NA,NA,NA,NA,NA,NA,NA,NA,"Husband, wife, son",1,2,1,1,1,NA,NA,NA,NA,NA,NA,NA,NA,NA,3,1,1,Yes,Employment,NA,NA,NA,1,NA,NA,NA,NA,NA,NA,NA,NA,2022,,During Naadam,NA,NA,NA,1,NA,NA,,Yes,No,Employment,NA,NA,NA,1,NA,,No,,No,,No,,,,Yes,Day laboring,1,NA,NA,NA,NA,NA,Yes,Yes,Head of the household,Head of the household,Yes,No,No,Yes,Yes,No,Yes,Not specified,Public service,"Salary, Government allowances",NA,NA,1,1,NA,NA,NA,NA,NA,NA,NA,,Bank,2,10mil,10,10,winter,1,NA,NA,NA,NA,NA,,NA,NA,NA,NA,,"a wife, age 40 , in the soum ",1,Spouse,,none,0,,,none,0,,,none,0,,,"wife, parents ",1,1,NA,NA,NA,NA,NA,NA,5,1,5,5,1,No,,Yes,Yes,Agree,No,,5,5,5,5,5,2,2,1,2,5,No,,No,Yes,Yes,Yes,Yes,Yes,Yes,Yes,"Horse, Camel",0,1,0,0,Motorbike,0,0,0,1,Motorbike,0,0,0,1,12,10,12,12,10,12,12,10,12,Yes,Improve the quality of the livestock,Yes,Fencing the pasture,Yes,Fence needlegrass,Yes,Both,"Meat & dairy, Cash, Other",1,1,NA,1,Dairy products,Food,1,NA,NA,NA,NA,,,NA,NA,NA,NA,NA,NA,No,0,19,61,131,198,0,20,23,300,200,No,Yes,Yes,Both,"Less vegetation overall, Less nutritious plants",Decrease,,NA,NA,NA,NA,,Drought-related death,,Yes,Increase,,No change,,No,,No,Yes,Medium,,,No,Very important,Very important,Very important,Very important,Very important,Very important,Very important,,Strongly agree,Strongly agree,Strongly agree,Strongly disagree
12/28/23,12/28/23,727,9,Dundgovi,Deren,Bag 2,,Munkhtur,12/28/23,,NA,NA,NA,NA,6,35,Male,Elementary,4,2,0,0,NA,0,0,0,1,0,0,0,0,0,0,0,1,6,No,"Husband, wife",1,1,1,1,NA,NA,NA,NA,NA,NA,NA,NA,NA,"Husband, wife",1,1,1,1,NA,NA,NA,NA,NA,NA,NA,NA,NA,NA,2,3,3,Yes,School,1,NA,NA,NA,NA,NA,NA,NA,NA,NA,NA,NA,2020,,During school breaks,NA,NA,NA,NA,1,NA,,No,No,School for children,1,NA,NA,NA,NA,,No,,No,,No,,,,Yes,Day laboring,1,NA,NA,NA,NA,NA,Yes,Yes,Head of the household,Head of the household,Yes,No,Yes,,,,No,,,Government allowances,NA,NA,NA,1,NA,NA,NA,NA,NA,NA,NA,,Bank,2,10-21 mil,10,21,winter,1,NA,NA,NA,NA,NA,Other local organizations:,NA,NA,1,NA,Women's Council,"1 person, age 35, in the soum",1,Not specified,,none,0,,,0,0,,,0,0,,,"husnabd, son and daughter",NA,1,1,NA,NA,NA,NA,NA,5,4,4,3,1,No,,Yes,Yes,Agree,No,,6,6,4,3,2,3,5,15,75,10,Yes,Outside soum,No,Yes,Yes,No,No,Yes,No,Yes,Motorbike,0,0,0,1,Motorbike,0,0,0,1,"Car, Motorbike",0,0,1,1,5,3,5,5,3,5,8,6,8,Yes,Reduced the herd size,Yes,Improve the quality of the livestock,Yes,Need to plant pasture grass,No,,,NA,NA,NA,NA,,,NA,NA,NA,NA,NA,,,NA,NA,NA,NA,NA,NA,No,0,0,60,200,300,0,38,20,100,200,Yes,Yes,Yes,Both,,Decrease,,NA,NA,NA,NA,,Drought-related death,,Yes,Increase,,Degraded,Medium,No,,Yes,Yes,Medium,,,Yes,Very important,Slightly important,Very important,Very important,Very important,Very important,Very important,Very important,Strongly agree,Strongly agree,Strongly agree,Strongly disagree
12/25/23,12/25/23,727,10,Dundgovi,Deren,Bag 2,? ?????????,Munkhtuvshin,12/25/23,46.2126305 106.7091099 1260.9000244140625 7.65,46.2126305,106.7091099,1260.900024,7.65,5,43,Male,Complete secondary/High school,1,1,0,0,2,0,0,0,2,2,0,0,0,0,0,0,2,2,No,"Unspecified, unspecified",NA,NA,NA,NA,NA,NA,NA,NA,NA,NA,NA,NA,2,"Husband, wife, 3 children",1,1,1,1,NA,NA,3,NA,NA,NA,NA,NA,NA,NA,5,2,2,Yes,"School, Employment",1,NA,NA,1,NA,NA,NA,NA,NA,NA,NA,NA,2000,,Weekly,1,NA,NA,NA,NA,NA,,Yes,Yes,"School for children, Employment",1,NA,NA,1,NA,,Yes,Decreased,Yes,Climate changes,No,,,,Yes,Shearing livestock,NA,NA,NA,NA,NA,1,No,No,,,Yes,No,No,Yes,No,No,Yes,Not specified,Cashier at grocery store,"Government allowances, Salary, Other",NA,NA,1,1,NA,NA,NA,NA,NA,NA,1,Shop profits,Bank,1,50 mil,50,50,autumn -sep,NA,1,NA,NA,NA,NA,,NA,NA,NA,NA,,"uncle, age 54, veterinarian, age 55,",1,"Family, Professional",,"Brother, age 71, local government ",1,"Family, Civic",Bag government,"a brother, age 50",1,Family,,"brother, age 50, brother, age 70",1,Family,,"wife, brother, and a friend ",NA,1,NA,1,1,NA,NA,NA,3,4,5,5,5,Yes,Cooperative,Yes,Yes,Strongly agree,Yes,Confident,10,10,7,10,7,4,2,30,60,30,No,,No,No,No,No,Yes,No,No,No,Motorbike,0,0,0,1,Motorbike,0,0,0,1,Motorbike,0,0,0,1,5,3,7,4,4,7,10,7,10,Yes,"Rotational grazing, Moved to better pasture area",Yes,Rotational grazing,Yes,Establish more water points,Yes,Both,"Meat & dairy, Cash",1,1,NA,NA,,"Food, Other",1,NA,NA,NA,1,Clothes,,NA,NA,NA,NA,NA,NA,No,0,18,10,200,150,0,10,3,40,70,Yes,Yes,Yes,Both,Less vegetation overall,Increase,Births,1,NA,NA,NA,,,,Yes,Increase,Purchase more,Degraded,Substantial,No,,Yes,Yes,Good,,,Yes,Very important,Very important,Very important,Very important,Very important,Important,Very important,Very important,Strongly agree,Strongly agree,Strongly agree,Generally agree
12/25/23,12/25/23,727,11,Dundgovi,Deren,Bag 2,????????,Munkhtuvshin,12/25/23,46.2126296 106.7090665 1260.9000244140625 7.766,46.2126296,106.7090665,1260.900024,7.766,6,66,Male,Secondary,3,3,0,0,0,0,0,0,0,0,0,0,2,2,0,0,1,6,No,"Unspecified, unspecified, unspecified",NA,NA,NA,NA,NA,NA,NA,NA,NA,NA,NA,NA,3,"Husband, wife, child, grandchildren",1,1,1,1,NA,NA,1,3,NA,NA,NA,NA,NA,NA,6,5,1,No,,NA,NA,NA,NA,NA,NA,NA,NA,NA,NA,NA,NA,NA,,,NA,NA,NA,NA,NA,NA,,,,,NA,NA,NA,NA,NA,,No,,No,,No,,,,No,,NA,NA,NA,NA,NA,NA,Yes,No,,,Yes,No,No,Yes,No,No,Yes,Not specified,Cook at school kitchen,"Pension, Salary, Government allowances",1,NA,1,1,NA,NA,NA,NA,NA,NA,NA,,Bank,1,3 mil,3,3,autumn,NA,1,NA,NA,NA,NA,At Bag/Soum level,1,NA,NA,NA,,0,0,,,0,0,,,"son, age 43",1,Family,,"son, age 43",1,Family,,"husband, daughter and son",NA,1,1,NA,NA,NA,NA,NA,4,2,3,3,1,No,,Yes,Yes,Neutral,Yes,Strongly confident,6,5,10,8,10,2,2,22,22,30,No,,No,No,No,No,No,No,No,Yes,Walk,1,0,0,0,Walk,1,0,0,0,"Walk, Car",1,0,1,0,12,4,8,10,12,6,10,15,8,Yes,Rotational grazing,Yes,Improve the quality of the livestock,No,,Yes,Both,Meat & dairy,1,NA,NA,NA,,Food,1,NA,NA,NA,NA,,,NA,NA,NA,NA,NA,NA,No,0,16,5,20,210,0,26,4,54,385,Yes,Yes,Yes,Both,"Less vegetation overall, Reduced plant species diversity",Increase,Births,1,NA,NA,NA,,,,Yes,Increase,Purchase more,No change,,No,,No,Yes,Medium,,,No,Important,Very important,Very important,Very important,Very important,Very important,Very important,Important,Strongly agree,Strongly agree,Strongly agree,Generally agree
12/28/23,12/28/23,727,12,Dundgovi,Deren,Bag 2,???????,Tungalag,12/25/23,,NA,NA,NA,NA,4,37,Male,Complete secondary/High school,0,2,0,0,0,0,0,0,0,1,0,0,0,0,0,0,1,4,No,"Husband, wife, daughter, son",2,2,1,1,NA,1,2,NA,NA,NA,NA,NA,NA,"Husband, wife",1,1,1,1,NA,NA,NA,NA,NA,NA,NA,NA,NA,NA,2,7,2,Yes,School,1,NA,NA,NA,NA,NA,NA,NA,NA,NA,NA,NA,NA,September,Weekly During school breaks,1,NA,NA,NA,1,NA,,No,,School for children,1,NA,NA,NA,NA,,Yes,Decreased,Yes,Herding and Livestock Management,Yes,No,Yes,Yes,No,,NA,NA,NA,NA,NA,NA,Yes,Yes,Head of the household,Head of the household,Yes,No,Yes,,,,No,,,Government allowances,NA,NA,NA,1,1,NA,NA,NA,NA,NA,NA,,Bank,2-Jan,5-15mil,5,15,"Autumn, winter-fodder and petrol",1,1,NA,NA,NA,NA,At Community level,NA,1,NA,NA,,"a wife, ages 38",1,Spouse,,"A friend, ages 30",1,Friends,,0,0,,,0,0,,,wife and parents,1,1,NA,NA,NA,NA,NA,NA,NA,NA,3,2,1,No,,Yes,Yes,Neutral,Yes,Confident,NA,10,5,3,2,3,3,1.5,5,1.5,No,,No,No,No,No,No,No,No,Yes,"Horse, Camel",0,1,0,0,"Horse, Camel",0,1,0,0,Motorbike,0,0,0,1,0,0,0,0,0,0,NA,0,0,Yes,Fencing the pasture,No,,No,,No,,,NA,NA,NA,NA,,,NA,NA,NA,NA,NA,,,NA,NA,NA,NA,NA,NA,No,3,11,155,303,293,24,0,90,400,350,Yes,Yes,Yes,Both,"Shorter/sparser vegetation, Less nutritious plants",Decrease,,NA,NA,NA,NA,,Drought-related death,,Yes,Decrease,,Degraded,Substantial,No,,No,Yes,Medium,,,No,Very important,Very important,Very important,Very important,Very important,Very important,Very important,,Strongly agree,Strongly agree,Strongly agree,Neither agree nor disagree
12/28/23,12/28/23,727,13,Dundgovi,Deren,Bag 2,???????,Tungalag,12/25/23,,NA,NA,NA,NA,6,40,Male,Elementary,0,4,0,0,0,0,0,0,0,1,0,0,0,0,0,0,1,6,No,"Husband, wife, child, child, child, child",1,1,1,1,NA,NA,1,NA,NA,NA,NA,NA,NA,"Husband, wife",1,1,1,1,NA,NA,NA,NA,NA,NA,NA,NA,NA,NA,2,7,3,Yes,School,1,NA,NA,NA,NA,NA,NA,NA,NA,NA,NA,NA,2019,,Weekly During school breaks,1,NA,NA,NA,1,NA,,No,Yes,School for children,1,NA,NA,NA,NA,,No,,No,,No,,,,No,,NA,NA,NA,NA,NA,NA,Yes,Yes,Head of the household,Head of the household,Yes,No,No,Yes,Yes,No,No,,,Government allowances,NA,NA,NA,1,1,NA,NA,NA,NA,NA,NA,,Bank,1,"4,5 -12mil",4.5,12,Autumn-school new year and winter,1,1,NA,NA,NA,NA,,NA,NA,NA,NA,,"parents, ages  67",2,Family,,0,,,,0,0,,,siblings live in UB and help,Not specified,Family,,husband and parents,1,1,NA,NA,NA,NA,NA,NA,NA,NA,3,2,3,Yes,Kindergarten,No,Yes,Neutral,No,,NA,3,1,2,0.6,3,3,2.5,8,2.5,No,,No,No,No,No,No,No,No,Yes,Motorbike,0,0,0,1,Motorbike,0,0,0,1,"Motorbike, Car",0,0,1,1,4,1,0,0,1,0,0,1,0,Yes,Fencing the pasture,Yes,Dig a water well,No,,No,,,NA,NA,NA,NA,,,NA,NA,NA,NA,NA,,,NA,NA,NA,NA,NA,NA,No,17,2,11,165,187,0,0,21,156,158,Yes,Yes,Yes,Both,"Less vegetation overall, Reduced plant regeneration ",Increase,"Births, Purchased more",1,1,NA,NA,,,,Yes,Increase,Children's consumption,Degraded,Slight,No,,No,Yes,Not enough,,,No,Very important,Important,Very important,Very important,Important,Important,Important,,Strongly agree,Generally agree,Strongly agree,Neither agree nor disagree
12/25/23,12/25/23,728,14,Dundgovi,Deren,Bag 3,,Bilguun,12/25/23,46.2126687 106.7092292 1261.4000244140625 13.005,46.2126687,106.7092292,1261.400024,13.005,2,75,Male,Elementary,0,0,0,0,0,2,NA,1,0,0,0,0,0,0,0,0,2,8,Yes,"Unspecified, unspecified",NA,NA,NA,NA,NA,NA,NA,NA,NA,NA,NA,NA,NA,Children,NA,NA,NA,NA,NA,NA,2,NA,NA,NA,NA,NA,NA,NA,7,1,1,Yes,Higher Education,NA,NA,1,NA,NA,NA,NA,NA,NA,NA,NA,NA,2001,,Other,NA,NA,NA,NA,NA,1,During holidays,Yes,No,"University, Employment",NA,1,NA,1,NA,,Yes,Decreased,No,,Yes,Yes,Yes,No,No,,NA,NA,NA,NA,NA,NA,Yes,Yes,Husband,Husband,Yes,No,No,Yes,No,Yes,No,,,Pension,1,NA,NA,NA,NA,NA,NA,NA,NA,NA,NA,,Bank,1,5  mil,5,5,December,1,NA,NA,NA,NA,NA,,NA,NA,NA,NA,,0,0,,,0,0,,,0,0,,,0,0,,,children,NA,NA,1,NA,NA,NA,NA,NA,5,NA,3,3,1,No,,Yes,No,,Yes,Neutral,20,3,10,3,10,4,4,7,60,70,No,,No,No,No,No,No,No,No,No,"Horse, Camel",0,1,0,0,"Horse, Camel, Motorbike",0,1,0,1,Car,0,0,1,0,NA,6,10,NA,6,10,NA,6,10,No,,No,,Yes,Need to plant pasture grass,Yes,Both,"Meat & dairy, Cash",1,1,NA,NA,,"Cash, Food",1,1,NA,NA,NA,,"Supplemental fodder, Vehicle or fuel costs",NA,NA,NA,1,NA,1,,0,11,18,204,85,0,11,10,300,100,Yes,Yes,Yes,Both,More weeds,Decrease,,NA,NA,NA,NA,,Sold,,No,,,Degraded,Medium,No,,No,Yes,Good,,,Yes,Very important,Very important,Very important,Very important,Very important,Very important,Very important,Very important,Strongly agree,Strongly agree,Strongly agree,Strongly disagree
12/25/23,12/27/23,728,15,Dundgovi,Deren,Bag 3,????,Nyamdavaa,12/25/23,47.2532767 107.5406412 1398.300048828125 5.0,47.2532767,107.5406412,1398.300049,5,5,34,Male,Elementary,3,0,0,0,0,0,0,0,2,0,0,0,0,0,0,0,1,5,No,"Husband, wife, child",1,1,1,1,NA,NA,1,NA,NA,NA,NA,NA,NA,"Husband, wife, child",1,1,1,1,NA,NA,1,NA,NA,NA,NA,NA,NA,NA,4,1,1,No,,NA,NA,NA,NA,NA,NA,NA,NA,NA,NA,NA,NA,NA,,,NA,NA,NA,NA,NA,NA,,,,School for children,1,NA,NA,NA,NA,,No,,No,,No,,,,No,,NA,NA,NA,NA,NA,NA,Yes,No,,,Yes,No,Yes,,,,No,,,Government allowances,NA,NA,NA,1,NA,NA,NA,NA,NA,NA,NA,,Bank,2-Jan,5 mil,5,5,"summer, autumn, winter",1,1,NA,NA,1,NA,,NA,NA,NA,NA,,"2 person, age 70, in the soum, 1 male age 37",2,Not specified,,none,0,,,none,0,,,"1person, age 70",1,Not specified,,"mother, wife, and children ",1,1,1,NA,NA,NA,NA,NA,5,NA,5,5,3,No,,Yes,Yes,Neutral,Yes,Neutral,2,2,2,2,2,1,2,2,4,2,No,,No,No,No,No,No,No,No,Yes,"Horse, Camel, Motorbike, Walk",1,1,0,1,"Horse, Camel, Motorbike, Walk",1,1,0,1,Motorbike,0,0,0,1,4,4,4,4,2,2,3,4,2,No,,Yes,"Fencing the pasture, Rotational grazing",Yes,"Lacking human capacity, Financial difficulty, Fence needlegrass, No projects/programs",No,,,NA,NA,NA,NA,,,NA,NA,NA,NA,NA,,,NA,NA,NA,NA,NA,NA,No,0,20,35,750,200,0,6,20,500,120,Yes,Yes,Yes,Both,"Less vegetation overall,  Less nutritious plants",Increase,Births,1,NA,NA,NA,,,,Yes,Increase,Livelihood improvement,Degraded,Substantial,No,,Yes,Yes,Medium,,,No,Very important,Very important,Very important,Very important,Very important,Very important,Very important,Very important,Strongly agree,Strongly agree,Strongly agree,Generally agree
12/25/23,12/25/23,728,16,Dundgovi,Deren,Bag 3,????????,Munkhtuvshin,12/25/23,46.2127007 106.7090287 1260.9000244140625 10.666,46.2127007,106.7090287,1260.900024,10.666,2,63,Female,Complete secondary/High school,0,0,0,0,0,0,0,0,1,0,0,0,1,1,0,0,1,1,No,Unspecified,NA,NA,NA,NA,NA,NA,NA,NA,NA,NA,NA,NA,1,"Mother, son, extended families",1,1,NA,NA,NA,NA,NA,NA,NA,NA,NA,NA,NA,2,4,2,2,No,,NA,NA,NA,NA,NA,NA,NA,NA,NA,NA,NA,NA,NA,,,NA,NA,NA,NA,NA,NA,,,,,NA,NA,NA,NA,NA,,,,,,No,,,,No,,NA,NA,NA,NA,NA,NA,Yes,Yes,Munkhbat,Head of the household,Yes,No,No,Yes,No,No,No,,,Pension,1,NA,NA,NA,NA,NA,NA,NA,NA,NA,NA,,Bank,1,5mil,5,5,year round,NA,NA,NA,NA,NA,1,Local party,NA,NA,NA,1,,"a sister, age 89",1,Family,,"A son, age 43 and daughters, age  41 and 40",3,Family,,0,0,,,0,0,,,"sibling, age 58, son, age 43, daughter, age 42,",NA,NA,1,NA,1,NA,NA,NA,5,5,5,5,5,Yes,The Party,Yes,Yes,Strongly agree,Yes,Strongly confident,NA,2,4,2,3,4,4,50,50,400,No,,No,Yes,Yes,Yes,Yes,No,No,Yes,"Horse, Camel, Motorbike",0,1,0,1,Motorbike,0,0,0,1,Motorbike,0,0,0,1,5,4,5,4,5,4,3,2,3,Yes,Changed the breeder livestock (male),No,,Yes,Fencing the pasture,Yes,Both,Meat & dairy,1,NA,NA,NA,,"Cash, Food",1,1,NA,NA,NA,,"Vehicle or fuel costs, Supplemental fodder, Husbandry",NA,NA,NA,1,1,1,No,0,1,2,110,35,0,3,0,211,240,Yes,Yes,Yes,Both,"Less vegetation overall, Reduced plant species diversity, Less nutritious plants",Increase,Births,1,NA,NA,NA,,,,No,,,No change,,No,,No,Yes,Medium,,,Yes,Moderately important,Very important,Very important,Very important,Very important,Moderately important,Very important,Very important,Strongly agree,Strongly agree,Strongly agree,Generally agree
12/28/23,12/28/23,728,17,Dundgovi,Deren,Bag 3,,Bolor,12/25/23,46.2126305 106.7091099 1260 0,46.2126305,106.7091099,1260,0,2,64,Female,Secondary,0,0,0,0,1,0,0,0,0,0,0,0,1,1,0,0,2,6,Yes,"Daughter, son-in-law",1,1,NA,NA,1,1,2,NA,NA,NA,NA,NA,NA,"Daughter, son-in-law",1,1,NA,NA,1,1,NA,NA,NA,NA,NA,NA,NA,NA,2,3,3,Yes,Look after children,NA,NA,NA,NA,NA,NA,1,NA,NA,NA,NA,NA,2020,,During school breaks,NA,NA,NA,NA,1,NA,,Yes,No,"School for children, Access to services (health care), Other",1,NA,1,NA,1,taking care of the father,Yes,Decreased,Yes,Lacking human capacity,,,,,Yes,Shearing livestock,NA,NA,NA,NA,NA,1,Yes,Yes,Mother,Mother,Yes,No,No,Yes,Yes,No,No,,,"Pension, Crafts, Saving in bank",1,NA,NA,NA,NA,NA,NA,1,NA,NA,NA,,Bank,1,300 - 500k,0.3,0.5,"lunar new year, december",1,NA,1,NA,NA,NA,Other local organizations:,NA,NA,1,NA,Member of the Veterans Association,"son in law and daughter, ages (30/26)",2,Family,,"2 daughters, ages 27/30, lives and works in the soum government ",2,"Family, Civic",,"a brother, age 63, UB",1,Family,,"Classmates, age 64 ??????, 2 male and 1 male",3,Friends,,3 daughters,NA,NA,1,NA,NA,NA,NA,NA,5,NA,5,3,1,No,,Yes,Yes,Agree,Yes,Confident,3,1,3,0.5,0.7,6,3,NA,6,6,No,,No,Yes,Yes,Yes,Yes,Yes,Yes,No,"Walk, Horse, Camel",1,1,0,0,"Walk, Horse, Camel",1,1,0,0,"Walk, Horse, Camel",1,1,0,0,5,3,1,NA,3,1,NA,3,1,Yes,No place to graze,Yes,"Reduce the herd size, Improve the quality of the livestock",Yes,"Financial difficulty, Lacking human capacity",Yes,Both,Meat & dairy,1,NA,NA,NA,,"Food, Technology, Other",1,NA,NA,1,1,Pharmacy products,,NA,NA,NA,NA,NA,NA,,4,0,33,214,168,6,0,40,300,170,Yes,Yes,Yes,Both,"Shorter/sparser vegetation, Less fattening of animals, Less milk production ",The same,,NA,NA,NA,NA,,,,No,,,Degraded,Medium,Yes,over 5,No,Yes,Medium,Decreased,,No,Moderately important,Important,Very important,Very important,Very important,Very important,Important,Important,Generally agree,Generally agree,Strongly agree,Generally agree
12/25/23,12/25/23,729,18,Dundgovi,Deren,Bag 4,,Bilguun,12/25/23,46.2127323 106.7090431 1260.800048828125 22.5,46.2127323,106.7090431,1260.800049,22.5,3,65,Male,Elementary,NA,1,0,0,0,0,NA,0,0,0,0,0,0,0,0,0,1,3,No,"Husband, son",NA,1,1,NA,1,NA,1,NA,NA,NA,NA,NA,NA,"Husband, 2 sons, 1 daughter",1,3,1,NA,2,1,NA,NA,NA,NA,NA,NA,NA,NA,4,4,1,No,,NA,NA,NA,NA,NA,NA,NA,NA,NA,NA,NA,NA,NA,,,NA,NA,NA,NA,NA,NA,,,,,NA,NA,NA,NA,NA,,No,,No,,No,,,,No,,NA,NA,NA,NA,NA,NA,Yes,Yes,Son,Son,Yes,No,No,Yes,Yes,No,Yes,Not specified,Working the hide,Pension,1,NA,NA,NA,NA,NA,NA,NA,NA,NA,NA,,"Employment office, SME Fund",1,5 mil,5,5,Winter,1,NA,NA,NA,NA,NA,,NA,NA,NA,NA,,0,0,,,0,0,,,0,0,,,0,0,,,children,NA,NA,1,NA,NA,NA,NA,NA,5,NA,5,5,1,No,,Yes,Yes,Strongly agree,Yes,Strongly confident,4,8,5,10,3,3,3,8,30,7,No,,No,Yes,Yes,Yes,Yes,No,No,Yes,"Horse, Camel",0,1,0,0,"Car, Motorbike",0,0,1,1,Motorbike,0,0,0,1,NA,5,10,5,5,10,NA,3,12,No,,Yes,Planting pasture grass,No,,No,,,NA,NA,NA,NA,,,NA,NA,NA,NA,NA,,,NA,NA,NA,NA,NA,NA,No,0,7,35,350,245,0,7,20,300,150,Yes,Yes,Yes,Both,Less vegetation overall,Increase,Births,1,NA,NA,NA,,,,No,,,Degraded,Substantial,Yes,5-Mar,No,Yes,Good,Increased,Substantial,No,Very important,Important,Very important,Very important,Moderately important,Not important at all,Very important,Very important,Strongly agree,Strongly agree,Strongly agree,Strongly agree
12/25/23,12/27/23,729,19,Dundgovi,Deren,Bag 4,,Odonchimeg,12/25/23,46.2126578 106.7091491 1260.9000244140625 20.0,46.2126578,106.7091491,1260.900024,20,3,67,Male,Secondary,0,0,0,0,1,1,0,0,1,1,0,0,1,0,0,0,2,5,Yes,"Husband, neighbor, neighbor, neighbor, neighbor",NA,1,1,NA,NA,NA,NA,NA,NA,NA,NA,4,NA,"Husband, neighbors 4",NA,1,1,NA,NA,NA,NA,NA,NA,NA,NA,4,NA,NA,5,3,3,Yes,"Employment, Retirement",NA,NA,NA,1,NA,NA,NA,NA,1,NA,NA,NA,2021,,Monthly,NA,1,NA,NA,NA,NA,,No,Don't know,Employment,NA,NA,NA,1,NA,,No,,No,,No,,,,No,,NA,NA,NA,NA,NA,NA,Yes,Yes,Husband,Husband,Yes,No,Yes,,,,Yes,Doctor,Doctor,"Pension, Salary",1,NA,1,NA,NA,NA,NA,NA,NA,NA,NA,,Bank,1,3-4 mil,3,4,Lunar new year,NA,NA,1,NA,NA,NA,,NA,NA,NA,NA,,"2-3 persons, ages  45-55, male, in the soum",3,Not specified,,none,0,,,none,0,,,none,0,,,wife and children,NA,1,1,NA,NA,NA,NA,NA,5,NA,5,5,1,No,,Yes,Yes,Neutral,Yes,Confident,5,5,4,10,5,3,4,13,25,40,No,,No,No,No,No,No,No,No,Yes,"Horse, Camel",0,1,0,0,"Horse, Camel",0,1,0,0,"Horse, Camel",0,1,0,0,4,5,5,5,5,4,5,5,4,No,,No,,No,,Yes,Both,"Meat & dairy, Cash",1,1,NA,NA,,"Food, Cash, Technology",1,1,NA,1,NA,,"Supplemental fodder, Husbandry",NA,NA,NA,1,1,NA,No,0,6,15,60,60,0,15,15,50,56,Yes,Yes,Yes,Both,"Reduced wild onion abundance, Changing climate ",Decrease,,NA,NA,NA,NA,,Drought-related death,,No,,,Degraded,Medium,No,,No,Yes,Medium,,,No,Important,Very important,Very important,Very important,Very important,Very important,Very important,Very important,Strongly agree,Strongly agree,Strongly agree,Generally agree
12/25/23,12/27/23,729,20,Dundgovi,Deren,Bag 4,????,Nyamdavaa,12/25/23,47.2532348 107.5406264 1398.300048828125 4.716,47.2532348,107.5406264,1398.300049,4.716,2,70,Male,Complete secondary/High school,0,0,0,0,0,0,0,0,0,0,0,0,2,0,0,0,1,2,No,"Husband, wife",1,1,1,1,NA,NA,NA,NA,NA,NA,NA,NA,NA,"Husband, wife, children",1,1,1,1,NA,NA,2,NA,NA,NA,NA,NA,NA,NA,2,1,1,No,,NA,NA,NA,NA,NA,NA,NA,NA,NA,NA,NA,NA,NA,,,NA,NA,NA,NA,NA,NA,,,,,NA,NA,NA,NA,NA,,No,,No,,No,,,,Yes,"Shearing livestock, Livestock care",NA,NA,NA,1,NA,1,Yes,Yes,Head of the household,Head of the household,Yes,No,Yes,,,,No,,,Pension,1,NA,NA,NA,NA,NA,NA,NA,NA,NA,NA,,Bank,3,10 mil,10,10,winter,1,NA,NA,NA,NA,NA,,NA,NA,NA,NA,,"children, ages 30-45, UB ",2,Family,,"3 persons, ages 30-50, female and male ",3,Not specified,,none,0,,,none,0,,,wife and children,NA,1,1,NA,NA,NA,NA,NA,2,1,4,4,1,No,,Yes,No,,Yes,Confident,3,4,3,1,1,1,1,2,2,2,No,,No,No,No,No,No,No,No,Yes,"Horse, Camel, Walk, Motorbike",1,1,0,1,"Walk, Horse, Camel, Motorbike",1,1,0,1,"Motorbike, Car, Walk",1,0,1,1,3,2,5,5,3,3,3,2,2,No,,Yes,Allocate the animals to children,Yes,"Fencing a small area is not effective, Expanding the area is not possible as it will overlap others' land",Yes,Both,"Meat & dairy, Cash",1,1,NA,NA,,"Food, Technology",1,NA,NA,1,NA,,,NA,NA,NA,NA,NA,NA,No,0,14,18,550,350,0,0,10,570,300,Yes,Yes,Yes,Both,"Fewer native plants, Less fattening of animals",Increase,Births,1,NA,NA,NA,,,,Yes,Decrease,,Improved,Medium,No,,Yes,Yes,Good,,,No,Very important,Very important,Very important,Very important,Very important,Very important,Very important,Very important,Strongly agree,Strongly agree,Strongly agree,Neither agree nor disagree
12/25/23,12/26/23,729,21,Dundgovi,Deren,Bag 4,????,Nyamdavaa,12/25/23,,NA,NA,NA,NA,2,68,Male,Secondary,0,0,0,0,0,0,0,0,0,0,0,0,2,0,0,0,1,2,No,"Husband, wife",1,1,1,1,NA,NA,NA,NA,NA,NA,NA,NA,NA,"Husband, wife",1,1,1,1,NA,NA,NA,NA,NA,NA,NA,NA,NA,NA,2,1,1,No,,NA,NA,NA,NA,NA,NA,NA,NA,NA,NA,NA,NA,NA,,,NA,NA,NA,NA,NA,NA,,,,,NA,NA,NA,NA,NA,,No,,No,,No,,,,Yes,Shearing livestock,NA,NA,NA,NA,NA,1,No,No,,,Yes,No,No,Yes,No,No,No,,,Pension,1,NA,NA,NA,NA,NA,NA,NA,NA,NA,NA,,none,,,NA,NA,winter,1,NA,NA,NA,NA,NA,Local party,NA,NA,NA,1,,"4 persons, ages 20-70, in the soum",4,Not specified,,"2 persons, ages 30, male ",2,Not specified,,none,0,,,none,0,,,"wife, children and other herder",NA,1,1,NA,NA,NA,NA,1,5,NA,5,5,4,No,,Yes,Yes,Strongly agree,Yes,Neutral,10,8,6,6,5,4,4,50,50,50,No,,No,No,No,No,No,No,No,No,"Walk, Horse, Camel, Motorbike",1,1,0,1,"Horse, Camel, Motorbike, Walk",1,1,0,1,"Horse, Camel, Motorbike",0,1,0,1,6,5,6,5,5,5,5,5,5,No,,No,,Yes,Lacking human capacity,No,,,NA,NA,NA,NA,,,NA,NA,NA,NA,NA,,,NA,NA,NA,NA,NA,NA,No,0,10,7,200,100,0,10,0,200,100,Yes,Yes,Yes,Both,"Disappearance of native plants, More weeds",The same,,NA,NA,NA,NA,,,,No,,,No change,,No,,Yes,Yes,Medium,,,No,Moderately important,Very important,Very important,Very important,Very important,Very important,Very important,Very important,Strongly agree,Strongly agree,Strongly agree,Generally agree
12/28/23,12/28/23,729,22,Dundgovi,Deren,Bag 4,,Munkhtur,12/25/23,,NA,NA,NA,NA,5,45,Male,Complete secondary/High school,3,2,0,1,0,0,0,0,1,1,0,0,0,0,0,0,2,7,Yes,Husband,NA,1,1,NA,NA,NA,NA,NA,NA,NA,NA,NA,NA,"Husband, wife",1,1,1,1,NA,NA,NA,NA,NA,NA,NA,NA,NA,NA,2,2,2,Yes,School,1,NA,NA,NA,NA,NA,NA,NA,NA,NA,NA,NA,2021,,During school breaks,NA,NA,NA,NA,1,NA,,No,Yes,School for children,1,NA,NA,NA,NA,,No,,No,,No,,,,Yes,Shearing livestock,NA,NA,NA,NA,NA,1,Yes,Yes,Head of the household,Head of the household,No,No,Yes,,,,No,,,Government allowances,NA,NA,NA,1,NA,NA,NA,NA,NA,NA,NA,,none,0,,NA,NA,summer,NA,NA,NA,NA,1,NA,,NA,NA,NA,NA,,none,0,,,none,0,,,"2 persons, ages 55& 45, Selenge and UB",2,Not specified,,"2 persons, ages 35-40, in Deren",2,Not specified,,"husband, mother, sister",1,1,NA,NA,1,NA,NA,NA,5,1,3,3,1,No,,Yes,Yes,Agree,Yes,Neutral,20,20,10,5,2,3,3,9,25,9,No,,No,No,No,No,No,No,No,No,"Horse, Camel, Motorbike",0,1,0,1,"Horse, Camel, Motorbike",0,1,0,1,"Horse, Camel, Motorbike",0,1,0,1,28,28,25,28,28,25,30,30,20,No,,Yes,"Maintain livestock numbers, improve the quality of the livestock",No,,Yes,Sending,"Meat & dairy, Cash",1,1,NA,NA,,,NA,NA,NA,NA,NA,,,NA,NA,NA,NA,NA,NA,No,0,0,0,0,120,0,0,0,0,300,No,Yes,Yes,Both,Less vegetation overall,Decrease,,NA,NA,NA,NA,,Sold,,Yes,Decrease,,Degraded,Medium,No,,No,Yes,Medium,,,No,Moderately important,Very important,Very important,Very important,Very important,Very important,Very important,Very important,Strongly agree,Strongly agree,Strongly agree,Strongly disagree
12/28/23,12/28/23,729,23,Dundgovi,Deren,Bag 4,,Munkhtur,12/28/23,,NA,NA,NA,NA,3,84,Male,Secondary,0,0,0,0,0,0,0,0,1,0,0,0,1,1,0,0,1,3,No,Son,NA,1,NA,NA,1,NA,1,NA,NA,NA,NA,NA,NA,son,NA,1,NA,NA,1,NA,NA,NA,NA,NA,NA,NA,NA,NA,1,2,2,No,,NA,NA,NA,NA,NA,NA,NA,NA,NA,NA,NA,NA,NA,,,NA,NA,NA,NA,NA,NA,,,,,NA,NA,NA,NA,NA,,No,,No,,No,,,,Yes,Day laboring,1,NA,NA,NA,NA,NA,,No,,,No,Yes,No,No,No,No,No,,,Pension,1,NA,NA,NA,NA,NA,NA,NA,NA,NA,NA,,none,0,,NA,NA,0,NA,NA,NA,NA,NA,NA,,NA,NA,NA,NA,,"1 person, age 55, in the soum ",1,Not specified,,0,0,,,0,0,,,0,0,,,"husband, son and daughter",NA,1,1,NA,NA,NA,NA,NA,5,1,5,5,1,No,,Yes,Yes,Agree,No,,6,6,4,4,3,3,3,13,39,40,No,,No,No,No,No,No,No,No,Yes,"Horse, Camel",0,1,0,0,"Horse, Camel",0,1,0,0,"Horse, Camel",0,1,0,0,6,4,6,6,4,6,6,4,6,Yes,Dug a new water well,No,,No,,Yes,Both,"Meat & dairy, Cash",1,1,NA,NA,,Food,1,NA,NA,NA,NA,,,NA,NA,NA,NA,NA,NA,Yes,0,3,0,30,23,0,10,0,22,15,No,No,Yes,Both,Increase number of animals that has brought change,Decrease,,NA,NA,NA,NA,,Drought-related death,,No,,,Degraded,Substantial,No,,Yes,Yes,Medium,,,Yes,Very important,Very important,Very important,Very important,Very important,Very important,Very important,Important,Strongly agree,Strongly agree,Strongly agree,Strongly disagree
12/28/23,12/28/23,729,24,Dundgovi,Deren,Bag 4,,Bolor,12/25/23,46.2126305 106.7091099 0 0,46.2126305,106.7091099,0,0,5,41,Male,Complete secondary/High school,3,2,1,0,0,0,0,0,2,2,0,0,0,0,0,0,2,5,Yes,"Husband, brother",NA,2,1,NA,1,NA,NA,NA,NA,1,NA,NA,NA,"Husband, wife, 2 younger siblings",1,1,1,1,NA,NA,NA,NA,NA,2,NA,NA,NA,NA,4,1,1,Yes,School,1,NA,NA,NA,NA,NA,NA,NA,NA,NA,NA,NA,2012,,Weekly,1,NA,NA,NA,NA,NA,,No,Yes,School for children,1,NA,NA,NA,NA,,Yes,Increased,Yes,Lacking human capacity,No,,,,No,,NA,NA,NA,NA,NA,NA,No,No,,,Yes,No,Yes,,,,Yes,Wife,Part-time cashier at supermarket,"Salary, Government allowances",NA,NA,1,1,NA,NA,NA,NA,NA,NA,NA,,Bank,1,6-8 mil,6,8,Autumn-school new year and spring-lunar new year,NA,1,1,1,NA,NA,Local party,NA,NA,NA,1,,"5 persons, a husband and a friend, ages 37,  brother age 38, in laws, ages  66&80",5,"Spouse, Friend, Family",,"13 persons, 5 male and 8 female",13,Not specified,,0,0,,,"2 persons, female and male, ages  37-38",2,Not specified,,0,NA,NA,NA,NA,NA,NA,NA,NA,4,NA,5,4,1,Yes,"Soum school, Pre-school management",Yes,Yes,Neutral,Yes,Strongly confident,3,4,2,4,4,1,1,NA,10,10,No,,No,Yes,Yes,Yes,Yes,Yes,Yes,No,Motorbike,0,0,0,1,Motorbike,0,0,0,1,"Horse, Camel, Motorbike",0,1,0,1,NA,8,10,NA,7,9,NA,3,5,No,,Yes,"Fence needlegrass, Build shelter to keep animals warm",Yes,Financial difficulty,Yes,Sending,Meat & dairy,1,NA,NA,NA,,,NA,NA,NA,NA,NA,,,NA,NA,NA,NA,NA,NA,,3,0,0,155,210,2,2,4,170,300,Yes,Yes,Yes,Both,"Shorter/sparser vegetation, Less milk production",The same,,NA,NA,NA,NA,,,,Yes,Increase,Children's education,Degraded,Medium,No,,Yes,Yes,Good,,,No,Very important,Very important,Very important,Very important,Very important,Very important,Important,Very important,Generally agree,Generally agree,Strongly agree,Neither agree nor disagree
12/24/23,12/24/23,752,25,Dundgovi,Erdenedalai,Bag 1,,Bilguun,12/24/23,,NA,NA,NA,NA,2,50,Female,Complete secondary/High school,1,1,0,0,0,0,0,0,1,NA,1,1,1,1,1,1,1,2,,"Wife, son",NA,NA,NA,NA,NA,NA,NA,NA,NA,NA,1,NA,NA,"Husband, wife",1,1,1,1,NA,NA,NA,NA,NA,NA,NA,NA,NA,NA,7,1,2,Yes,Marriage,NA,NA,NA,NA,1,NA,NA,NA,NA,NA,NA,NA,2013,,Weekly,1,NA,NA,NA,NA,NA,,No,Yes,Employment,NA,NA,NA,1,NA,,No,,No,,Yes,Yes,Yes,Yes,No,,NA,NA,NA,NA,NA,NA,Yes,Yes,Wife,Wife,Yes,No,Yes,,,,Yes,Household head,Running store,"Salary, Government allowances",NA,NA,1,1,NA,NA,NA,NA,NA,NA,NA,,Bank,1,2 -7 mil,2,7,Summer,NA,NA,NA,NA,1,NA,At Community level  Local party,NA,1,NA,1,,0,0,,,"10 persons, ages 30-40 ",10,Not specified,,0,0,,,0,0,,,"friend, sister and children ",NA,NA,1,NA,1,NA,NA,NA,5,NA,5,5,3,,,Yes,No,,Yes,Strongly confident,5,10,5,8,5,5,10,40,180,10,No,,No,No,No,No,No,No,No,No,Motorbike,0,0,0,1,Motorbike,0,0,0,1,Motorbike,0,0,0,1,7,2,5,NA,5,10,NA,5,10,No,,No,,Yes,Fencing the pasture,,,,NA,NA,NA,NA,,,NA,NA,NA,NA,NA,,,NA,NA,NA,NA,NA,NA,,0,10,0,200,100,0,15,10,400,200,Yes,Yes,Yes,Quality,Fewer native plants,Decrease,,NA,NA,NA,NA,,Drought-related death,,Yes,Increase,,Degraded,Medium,Yes,Don't know,No,Yes,Good,Decreased,,No,Very important,Very important,Very important,Very important,Very important,Very important,Very important,Very important,Strongly agree,Strongly agree,Strongly agree,Strongly agree
12/24/23,12/24/23,752,26,Dundgovi,Erdenedalai,Bag 1,,Bilguun,12/24/23,46.001707 104.9305199 1334.9866943359375 200.142,46.001707,104.9305199,1334.986694,200.142,9,51,Male,Secondary,NA,3,0,0,3,1,0,0,2,0,0,0,0,0,0,0,1,9,,"Husband, wife, son",1,2,1,1,1,NA,1,NA,NA,NA,NA,NA,NA,Everyone,NA,NA,NA,NA,NA,NA,NA,NA,NA,NA,NA,NA,9,NA,9,1,1,Yes,School,1,NA,NA,NA,NA,NA,NA,NA,NA,NA,NA,NA,2020,,During school breaks,NA,NA,NA,NA,1,NA,,No,Yes,School for children,1,NA,NA,NA,NA,,Yes,Decreased,Yes,Herding and Livestock Management,No,,,,No,,NA,NA,NA,NA,NA,NA,No,No,,,Yes,No,Yes,,,,Yes,,Work at supermarket,"Salary, Government allowances",NA,NA,1,1,1,NA,NA,NA,NA,NA,NA,,Bank,1,"2,5 mil ",2.5,2.5,year round,NA,NA,NA,NA,NA,1,,NA,NA,NA,NA,,0,0,,,soum government,,,Soum government,0,0,,,0,0,,,in the family,NA,NA,NA,NA,NA,1,NA,NA,5,NA,5,5,5,,,No,No,,No,,5,5,5,5,5,2,2,2,30,2,Yes,Inside soum,No,No,No,No,No,No,No,No,Motorbike,0,0,0,1,Motorbike,0,0,0,1,Motorbike,0,0,0,1,NA,NA,NA,NA,2,5,2,2,5,No,,No,,No,,,,,NA,NA,NA,NA,,,NA,NA,NA,NA,NA,,,NA,NA,NA,NA,NA,NA,,0,2,0,60,144,0,0,0,0,0,Yes,Yes,No,,,Increase,Births,1,NA,NA,NA,,,,Yes,,,Degraded,Slight,No,,No,Yes,Not enough,,,No,Not important at all,Very important,Very important,Very important,Very important,Very important,Very important,Very important,Strongly agree,Strongly disagree,Strongly agree,Strongly agree
12/24/23,12/24/23,752,27,Dundgovi,Erdenedalai,Bag 1,,Bilguun,12/24/23,46.0024 104.9373142 1322.2183837890625 20.669,46.0024,104.9373142,1322.218384,20.669,4,33,Male,Complete secondary/High school,0,2,0,0,0,0,0,0,1,1,0,0,0,0,0,0,1,1,,Husband,NA,1,1,NA,NA,NA,NA,NA,NA,NA,NA,NA,NA,"Husband, wife",1,1,1,1,NA,NA,NA,NA,NA,NA,NA,NA,NA,NA,2,1,1,,,NA,NA,NA,NA,NA,NA,NA,NA,NA,NA,NA,NA,NA,,,NA,NA,NA,NA,NA,NA,,,,,NA,NA,NA,NA,NA,,,,,,No,,,,No,,NA,NA,NA,NA,NA,NA,Yes,No,,,Yes,No,Yes,,,,No,,,Government allowances,NA,NA,NA,1,NA,NA,NA,NA,NA,NA,NA,,Bank,1,1- 7 mil,1,7,"Summer, autumn, winter",1,1,NA,NA,1,NA,,NA,NA,NA,NA,,0,0,,,0,0,,,,,,,0,0,,,in the family,NA,NA,NA,NA,NA,1,NA,NA,3,NA,5,4,2,,,No,No,,No,,4,4,3,0,0,2,2,10,20,20,Yes,Inside soum,Yes,No,No,No,No,No,No,No,"Horse, Camel, Motorbike",0,1,0,1,"Horse, Camel, Motorbike",0,1,0,1,"Horse, Camel, Motorbike",0,1,0,1,NA,10,10,10,10,10,10,10,10,No,,No,,No,,,,,NA,NA,NA,NA,,,NA,NA,NA,NA,NA,,,NA,NA,NA,NA,NA,NA,,0,13,0,70,130,0,5,0,50,100,No,No,Yes,Quantity,Less vegetation overall,Increase,Births,1,NA,NA,NA,,,,No,,,Degraded,Slight,No,,No,Yes,Not enough,,,No,Not important at all,Important,Very important,Very important,Not important at all,Moderately important,Moderately important,Very important,Strongly agree,Generally agree,Strongly agree,Neither agree nor disagree
12/24/23,12/24/23,752,28,Dundgovi,Erdenedalai,Bag 1,No,Tungalag,12/24/23,46.0091778 104.9476619 1349.300048828125 20.0,46.0091778,104.9476619,1349.300049,20,6,37,Male,Elementary,4,5,0,0,0,0,0,0,1,1,0,0,0,0,0,0,1,6,,"Husband, wife, son, son, daughter, daughter",3,3,1,1,2,2,4,NA,NA,NA,NA,NA,NA,"Husband, wife, children, 3 siblings-neighbors ",3,3,1,1,NA,NA,4,NA,NA,3,NA,3,NA,NA,6,7,5,No,,NA,NA,NA,NA,NA,NA,NA,NA,NA,NA,NA,NA,NA,,,NA,NA,NA,NA,NA,NA,,,,School for children,1,NA,NA,NA,NA,,Yes,Decreased,Yes,Lacking human capacity,No,,,,No,,NA,NA,NA,NA,NA,NA,Yes,Yes,Father,Father,Yes,No,Yes,,,,Yes,Not specified,Any part-time job,"Government allowances, Other, Hourly wage",NA,NA,NA,1,NA,1,NA,NA,NA,NA,1,Allowance for dead,Bank,1,5-7 mil,5,7,During migration and need of fodder,NA,NA,NA,NA,NA,NA,,NA,NA,NA,NA,,0,0,,,"2 persons, Neighbors, ages, male",2,Friends,,0,0,,,0,0,,,parents and husband,1,NA,NA,NA,NA,NA,NA,NA,NA,NA,4,3,1,Yes,"Khan Bank, Soum school",Yes,No,,No,,NA,5,2,2,1.5,1,3,127,160,0,Yes,Outside soum,No,No,No,No,No,No,No,Yes,"Horse, Camel, Motorbike",0,1,0,1,"Motorbike, Horse, Camel",0,1,0,1,"Motorbike, Horse, Camel",0,1,0,1,NA,NA,NA,NA,3,5,0,0,0,No,,No,,Yes,"Selling the livestock products directly to the manufacturers/not through middlemen, Lack of technical skills",Yes,Both,Meat & dairy,1,NA,NA,NA,,Other,NA,NA,NA,NA,1,Clothes,,NA,NA,NA,NA,NA,NA,No,0,11,3,133,86,0,0,0,155,130,Yes,Yes,Yes,Both,"Less vegetation overall, Shorter/sparser vegetation, Less nutritious plants, More weeds",Increase,Births,1,NA,NA,NA,,,,Yes,Increase,Livelihood improvement,Degraded,Substantial,No,,No,No,Not enough,,,No,Very important,Very important,Very important,Very important,Very important,Important,Not important at all,Very important,Strongly agree,Generally agree,Strongly agree,Strongly disagree
12/24/23,12/25/23,752,29,Dundgovi,Erdenedalai,Bag 1,Yes,Odonchimeg,12/24/23,46.009685 104.947279 1515.3 96.0,46.009685,104.947279,1515.3,96,5,75,Male,Secondary,3,3,0,0,0,0,0,0,0,0,0,0,2,2,0,0,1,2,No,"son, daughter-in-law",1,1,NA,NA,1,1,NA,NA,NA,NA,NA,NA,NA,"Husband, son, daughter-in-law",1,2,1,NA,1,1,NA,NA,NA,NA,NA,NA,NA,NA,3,2,2,Yes,"School, Look after children",1,NA,NA,NA,NA,NA,1,NA,NA,NA,NA,NA,2015,,During school breaks During Naadam To assist with migration to new camp (seasonal),NA,NA,1,1,1,NA,,No,Don't know,"School for children, Access to services (health care)",1,NA,1,NA,NA,,Yes,Decreased,Yes,Household chores not done,No,,,,No,,NA,NA,NA,NA,NA,NA,Yes,Yes,Head of the household,Head of the household,Yes,No,Yes,,,,No,,,Pension,1,NA,NA,NA,NA,NA,NA,NA,NA,NA,NA,,Bank,1,1-5mil,1,5,Lunar new year,NA,NA,1,NA,NA,NA,At Bag/Soum level,1,NA,NA,NA,,"5-6 persons, female and male, in the soum ",6,Not specified,,"2 persons, ages 50-60, female and male, in the soum",2,Not specified,,none,0,,,none,0,,,"wife, son and grandkids",NA,1,1,NA,NA,1,NA,NA,NA,4,5,4,4,No,,No,Yes,Agree,Yes,Neutral,5,5,3,5,2,3,5,0.4,800,3,Yes,Outside soum,No,No,No,No,No,Yes,No,No,"Horse, Camel",0,1,0,0,"Horse, Camel, Motorbike",0,1,0,1,"Horse, Camel, Motorbike",0,1,0,1,10,3,5,NA,NA,NA,NA,NA,NA,No,,No,,No,,Yes,Both,"Meat & dairy, Cash",1,1,NA,NA,,"Food, Cash",1,1,NA,NA,NA,,"Husbandry, Vehicle or fuel costs",NA,NA,NA,NA,1,1,No,0,6,0,40,20,0,10,50,100,60,Yes,Yes,Yes,Both,Reduced plant species diversity,Decrease,,NA,NA,NA,NA,,Sold,,No,,,Degraded,Substantial,No,,No,Yes,Medium,,,No,Important,Very important,Very important,Very important,Very important,Very important,Very important,Very important,Strongly agree,Strongly agree,Strongly agree,Neither agree nor disagree
12/24/23,12/26/23,752,30,Dundgovi,Erdenedalai,Bag 1,,Odonchimeg,12/24/23,46.0091791 104.9476622 1349.300048828125 20.0,46.0091791,104.9476622,1349.300049,20,6,30,Female,College/University,5,6,0,0,1,1,NA,NA,1,1,0,0,0,0,0,0,1,7,No,"Father-in-law, brother-in-law",NA,2,1,NA,NA,NA,NA,NA,NA,1,NA,NA,NA,"Father-in-law, brother-in-law, others",NA,2,NA,NA,NA,NA,NA,NA,NA,NA,NA,NA,NA,2,10,1,1,Yes,"School, Kindergarten",1,1,NA,NA,NA,NA,NA,NA,NA,NA,NA,NA,NA,September,Monthly During school breaks To assist with migration to new camp (seasonal),NA,1,1,NA,1,NA,,No,Yes,School for children,1,NA,NA,NA,NA,,Yes,Decreased,Yes,Household chores not done,No,,,,No,,NA,NA,NA,NA,NA,NA,Yes,Yes,Father in law,Father in law,Yes,No,No,Yes,No,Yes,No,,,"Government allowances, Pension",1,NA,NA,1,NA,NA,NA,NA,NA,NA,NA,,none,,,NA,NA,Autumn-sep,NA,1,NA,NA,NA,NA,Local party,NA,NA,NA,1,,None,0,,,none,0,,,none,0,,,"parents, age 50-60",2,Family,,parents and older daughter,1,NA,1,NA,NA,NA,NA,NA,2,NA,5,5,3,No,,No,No,Disagree,Yes,Strongly confident,5,5,5,2,2,0,1,0,0,200,No,,No,No,No,No,No,No,No,Yes,"Horse, Camel",0,1,0,0,"Motorbike, Car",0,0,1,1,Car,0,0,1,0,10,5,10,5,5,5,5,3,5,No,,Yes,Fencing the pasture,No,,Yes,Sending,Other,NA,NA,NA,1,D will send gas to fill the car,,NA,NA,NA,NA,NA,,,NA,NA,NA,NA,NA,NA,No,0,8,5,86,116,0,0,0,30,50,Yes,Yes,Yes,Quantity,Less vegetation overall,Increase,"Received as gift, Purchased more",0,1,1,NA,,,,Yes,Increase,,Degraded,Medium,No,,Yes,Yes,Not enough,,,No,Very important,Very important,Very important,Very important,Very important,Moderately important,Very important,Very important,Strongly agree,Strongly agree,Strongly agree,Neither agree nor disagree
12/27/23,12/28/23,752,31,Dundgovi,Erdenedalai,Bag 1,,Munkhtur,12/27/23,,NA,NA,NA,NA,2,73,Female,No education,0,0,0,0,1,0,0,1,0,0,0,0,0,0,0,0,1,2,No,"Son, daughter, neighbor",1,1,NA,NA,1,1,2,NA,NA,NA,1,NA,NA,"Daughter, son 2, 50 year old, in soum",NA,NA,NA,NA,NA,NA,NA,NA,NA,NA,NA,NA,NA,NA,2,2,2,Yes,Higher Education,NA,NA,1,NA,NA,NA,NA,NA,NA,NA,NA,NA,2020,,During school breaks,NA,NA,NA,NA,1,NA,,Don't know,Don't know,University,NA,1,NA,NA,NA,,No,,No,,Yes,No,Yes,No,Yes,Shearing livestock,NA,NA,NA,NA,NA,1,No,No,,,Yes,No,No,No,No,No,No,,,Pension,1,NA,NA,NA,NA,NA,NA,NA,NA,NA,NA,,Bank,1,"550k -4,5 mil",0.55,4.5,Winter and spring,1,NA,NA,1,NA,NA,,NA,NA,NA,NA,,"3 persons, ages 45-50, in the soum",3,Not specified,,"3 persons, ages 50-60, in the soum",3,Not specified,,0,0,,,0,0,,,"son, daughter, son in law",NA,NA,1,NA,NA,1,NA,NA,5,1,5,5,1,No,,No,No,Strongly disagree,Yes,Strongly confident,5,5,4,3,3,2,2,15,20,45,No,,No,No,No,No,No,No,No,No,"Walk, Horse, Camel",1,1,0,0,"Walk, Horse, Camel",1,1,0,0,Motorbike,0,0,0,1,10,8,10,12,12,10,12,10,12,No,,No,,No,,Yes,Both,"Meat & dairy, Cash",1,1,NA,NA,,Food,1,NA,NA,NA,NA,,,NA,NA,NA,NA,NA,NA,No,7,3,0,15,19,10,6,0,50,40,Yes,Yes,Yes,Both,Less vegetation overall,Decrease,,NA,NA,NA,NA,,Drought-related death,,No,,,Degraded,Substantial,No,,No,No,Not enough,,,No,Very important,Very important,Very important,Very important,Very important,Important,Important,Important,Strongly agree,Strongly agree,Strongly agree,Strongly disagree
12/24/23,12/24/23,753,32,Dundgovi,Erdenedalai,Bag 2,????????,Munkhtuvshin,12/24/23,46.0090653 104.9479533 1364.6 6.1,46.0090653,104.9479533,1364.6,6.1,5,41,Female,Elementary,2,2,0,0,2,0,0,1,1,0,0,0,0,0,0,0,1,2,No,"Unspecified, unspecified",NA,NA,NA,NA,NA,NA,NA,NA,NA,NA,NA,NA,2,3,NA,NA,NA,NA,NA,NA,NA,NA,NA,NA,NA,NA,3,NA,3,3,1,Yes,Employment,NA,NA,NA,1,NA,NA,NA,NA,NA,NA,NA,NA,2017,,During Naadam Other,NA,NA,NA,1,NA,1,During holidays,No,Don't know,"Employment,University",NA,1,NA,1,NA,,Yes,Decreased,Yes,Household chores not done,No,,,,No,,NA,NA,NA,NA,NA,NA,Yes,Yes,Enkhsuren,Head of the household,Yes,No,Yes,,,,Yes,Son,in Ulaanbaatar,"Government allowances, Saving in bank",NA,NA,NA,1,NA,NA,NA,NA,NA,NA,NA,,Bank,2,3 mil,3,3,September,NA,1,NA,NA,NA,NA,,NA,NA,NA,NA,,,0,,,"brother age 45, younger brother age 40",2,,,0,0,,,0,0,,,siblings,NA,NA,NA,NA,1,NA,NA,NA,2,NA,3,3,3,No,,Yes,Yes,Agree,Yes,Confident,4,4,3,3,2,1,2,100,200,10,Yes,Outside soum,No,No,No,No,No,No,No,No,Motorbike,0,0,0,1,Motorbike,0,0,0,1,Motorbike,0,0,0,1,3,2,5,4,2,4,4,2,4,No,,Yes,Fence needlegrass,Yes,Animal quality,Yes,Both,"Meat & dairy, Cash",1,1,NA,NA,,"Food, Cash",1,1,NA,NA,NA,,"Supplemental fodder, Husbandry",NA,NA,NA,1,1,NA,No,0,0,15,42,65,0,0,12,100,142,Yes,No,Yes,Both,Less vegetation overall,Decrease,,NA,NA,NA,NA,,Drought-related death,,Yes,Increase,Purchase more,Degraded,Substantial,No,,No,No,Not enough,,,No,Important,Important,Important,Important,Important,Important,Slightly important,Slightly important,Strongly agree,Generally agree,Generally agree,Strongly disagree
12/24/23,12/27/23,753,33,Dundgovi,Erdenedalai,Bag 2,,Odonchimeg,12/24/23,46.0091786 104.9476603 1349.300048828125 20.0,46.0091786,104.9476603,1349.300049,20,5,30,Female,Complete secondary/High school,3,0,0,0,1,0,0,0,1,0,0,0,0,0,0,0,1,5,No,"Husband, wife",1,1,1,1,NA,NA,NA,NA,NA,NA,NA,NA,NA,"Husband, wife",1,1,1,1,NA,NA,NA,NA,NA,NA,NA,NA,NA,NA,2,1,1,No,,NA,NA,NA,NA,NA,NA,NA,NA,NA,NA,NA,NA,NA,,,NA,NA,NA,NA,NA,NA,,,,,NA,NA,NA,NA,NA,,No,,No,,No,,,,No,,NA,NA,NA,NA,NA,NA,Yes,Yes,Husband,Husband,Yes,No,No,Yes,Yes,No,No,,,"Government allowances, Saving in bank",NA,NA,NA,1,NA,NA,NA,NA,NA,NA,NA,,Bank,1,2-10 mil,2,10,Autumn,NA,1,NA,NA,NA,NA,,NA,NA,NA,NA,,none,0,,,"father, ages 55, male, in the soum",1,Family,,none,0,,,none,0,,,"father, husband and mother",1,1,NA,NA,NA,NA,NA,NA,4,NA,4,4,1,No,,Yes,Yes,Strongly agree,Yes,Strongly confident,20,25,20,30,15,2,2,30,60,20,No,,No,Yes,Yes,Yes,Yes,Yes,Yes,Yes,"Motorbike, Horse, Camel",0,1,0,1,"Motorbike, Horse, Camel",0,1,0,1,"Motorbike, Horse, Camel",0,1,0,1,10,10,20,10,10,20,10,10,20,Yes,Rotational grazing,Yes,Improve the quality of the livestock,Yes,Insufficient water well,Yes,Sending,"Meat & dairy, Cash",1,1,NA,NA,,,NA,NA,NA,NA,NA,,,NA,NA,NA,NA,NA,NA,No,0,38,45,250,250,0,15,20,100,130,Yes,Yes,Yes,Quantity,Less vegetation overall,Increase,Births,1,NA,NA,NA,,,,Yes,Increase,,Degraded,Substantial,Yes,5-Mar,No,Yes,Medium,No change,,No,Very important,Very important,Very important,Very important,Very important,Very important,Moderately important,Very important,Strongly agree,Strongly agree,Strongly agree,Neither agree nor disagree
12/24/23,12/24/23,753,34,Dundgovi,Erdenedalai,Bag 2,????,Nyamdavaa,12/24/23,,NA,NA,NA,NA,7,49,Male,Complete secondary/High school,4,0,0,0,1,0,0,0,2,0,0,0,0,0,0,0,1,7,No,Husband,NA,1,1,NA,NA,NA,NA,NA,NA,NA,NA,NA,NA,"Husband, wife, son, daughter",2,2,1,1,1,1,NA,NA,NA,NA,NA,NA,NA,NA,7,2,2,No,,NA,NA,NA,NA,NA,NA,NA,NA,NA,NA,NA,NA,NA,,,NA,NA,NA,NA,NA,NA,,,,"School for children, Employment",1,NA,NA,1,NA,,Yes,Decreased,No,,No,,,,No,,NA,NA,NA,NA,NA,NA,Yes,Yes,Head of the household,Head of the household,Yes,No,Yes,,,,No,,,Government allowances,NA,NA,NA,1,NA,NA,NA,NA,NA,NA,NA,,Bank,1,5-10 mil,5,10,spring,NA,NA,NA,1,NA,NA,Local party,NA,NA,NA,1,,none,0,,,none,0,,,none,0,,,none,0,,,husband and children,NA,1,1,NA,NA,NA,NA,NA,5,NA,5,5,1,Yes,Democratic party,Yes,No,,Yes,Confident,10,10,6,4,3,0,2,25,30,30,Yes,Inside soum,No,Yes,Yes,Yes,Yes,No,No,Yes,"Motorbike, Horse, Camel",0,1,0,1,Motorbike,0,0,0,1,Motorbike,0,0,0,1,3,3,3,3,3,3,3,3,3,No,,No,,Yes,"Economy, Lack of equipment",No,,,NA,NA,NA,NA,,,NA,NA,NA,NA,NA,,,NA,NA,NA,NA,NA,NA,No,0,6,21,250,370,0,4,10,100,280,Yes,Yes,Yes,Both,Less vegetation overall,Increase,Births,1,NA,NA,NA,,,,Yes,Increase,Increase the number of new borns,No change,,No,,Yes,Yes,Not enough,,,No,Moderately important,Important,Very important,Very important,Very important,Very important,Very important,Very important,Strongly agree,Generally agree,Strongly agree,Generally agree
12/28/23,12/28/23,753,35,Dundgovi,Erdenedalai,Bag 2,,Bolor,12/25/23,,NA,NA,NA,NA,2,64,Male,Complete secondary/High school,0,2,0,0,0,2,0,0,2,0,0,0,2,0,0,0,2,7,Yes,son,NA,1,NA,NA,1,NA,NA,NA,NA,NA,NA,NA,NA,"Husband, wife, son",1,2,1,1,1,NA,NA,NA,NA,NA,NA,NA,NA,NA,4,3,3,Yes,,NA,NA,NA,NA,NA,NA,NA,NA,NA,NA,NA,NA,2004,,Weekly,1,NA,NA,NA,NA,NA,,Yes,Yes,Employment,NA,NA,NA,1,NA,,Yes,Increased,Yes,,No,,,,Yes,,NA,NA,NA,NA,NA,NA,Yes,Yes,,,Yes,No,Yes,,,,Yes,"Husband, Wife","Bagh governor, dairy store","Pension, Salary",1,NA,1,NA,NA,NA,NA,NA,NA,NA,NA,,Mutual Fund,1,5 mil,5,5,winter,1,NA,NA,NA,NA,NA,At Bag/Soum level,1,NA,NA,NA,,none,0,,,none,0,,,none,0,,,none,0,,,"son, daughter, mom",1,NA,1,NA,NA,NA,NA,NA,NA,NA,NA,1,NA,Yes,Local community,Yes,Yes,Strongly agree,Yes,,10,11,8,9,10,2,2,10,5,300,Yes,Inside soum,No,Yes,Yes,Yes,Yes,Yes,Yes,Yes,"Car, Motorbike",0,0,1,1,"Horse, Camel, Car, Motorbike",0,1,1,1,"Horse, Camel, Car,Motorbike",0,1,1,1,NA,10,13,100,10,13,10,11,13,Yes,,Yes,,No,,No,,,NA,NA,NA,NA,,,NA,NA,NA,NA,NA,,,NA,NA,NA,NA,NA,NA,No,0,5,10,300,150,0,5,5,300,150,Yes,Yes,Yes,Quality,Less vegetation overall,Decrease,,NA,NA,NA,NA,,Sold,,Yes,Decrease,Improve the quality of livestock,Degraded,Medium,No,,Yes,Yes,Medium,,,Yes,Very important,Very important,Very important,Very important,Very important,Very important,Very important,Very important,Strongly agree,Strongly agree,Strongly agree,Strongly disagree
12/27/23,12/27/23,754,36,Dundgovi,Erdenedalai,Bag 3,"Joined, but donâ€™t know the name",Batdorj,12/24/23,,NA,NA,NA,NA,5,58,Male,Complete secondary/High school,0,NA,NA,NA,2,NA,NA,2,3,NA,NA,NA,0,NA,NA,NA,1,3,Yes,Son,NA,1,NA,NA,1,NA,1,NA,NA,NA,NA,NA,NA,"Husband, wife",1,1,1,1,NA,NA,NA,NA,NA,NA,NA,NA,NA,NA,3,1,1,Yes,"Employment, Higher Education",NA,NA,1,1,NA,NA,NA,NA,NA,NA,NA,NA,2019,,Other,NA,NA,NA,NA,1,NA,,Yes,No,"University, Employment",NA,1,NA,1,NA,,No,,No,,No,,,,No,,NA,NA,NA,NA,NA,NA,Yes,Yes,Father,Father,Yes,No,Yes,,,,Yes,Father,Bagh governor,"Pension, Salary",1,NA,1,NA,NA,NA,NA,NA,NA,NA,NA,,Bank,1,5-10 mil,5,10,Spring- before cashmere collection,NA,NA,NA,NA,NA,NA,Other local organizations:,NA,NA,1,NA,Herdsmen group,"1 person, age 42, salesmen-change",1,Professional,,gets assistance from emergency department,,,Emergency department,"2 persons, ages 25&22, in UB",2,Not specified,,"1 person, age 25, in UB",1,Not specified,,"father, mother and 2 siblings",1,NA,NA,NA,1,NA,NA,NA,3,3,3,3,4,No,,No,Yes,Disagree,No,,0,0,4,6,2,0,0,0,0,40,No,,No,No,No,No,No,No,No,Yes,Motorbike,0,0,0,1,Motorbike,0,0,0,1,"Horse, Camel, Motorbike",0,1,0,1,2,3,5,3,3,5,NA,5,6,No,,No,,No,,Yes,Both,"Meat & dairy, Cash, Other",1,1,NA,1,Other than clothes,"Cash, Other",NA,1,NA,NA,1,Fodder,"Supplemental fodder, Husbandry",NA,NA,NA,1,1,NA,No,0,25,2,480,250,5,40,24,480,300,Yes,No,Yes,Quality,"Less vegetation overall, Less fattening of animals, some positive outcomes from tree planting ",Decrease,,NA,NA,NA,NA,,Sold,,No,,,No change,,No,,No,Yes,Medium,,,Yes,Moderately important,Important,Very important,Very important,Important,Important,Moderately important,Very important,Strongly agree,Strongly agree,Generally agree,Generally agree
12/27/23,12/27/23,754,37,Dundgovi,Erdenedalai,Bag 3,No,Batdorj,12/24/23,,NA,NA,NA,NA,6,62,Male,No education,0,NA,NA,NA,2,NA,NA,NA,1,NA,NA,NA,2,NA,NA,NA,2,4,No,"Child, child",NA,NA,NA,NA,NA,NA,1,NA,NA,NA,NA,NA,NA,"Husband, wife, children",1,1,1,1,NA,NA,4,NA,NA,NA,NA,NA,NA,NA,6,1,1,No,,NA,NA,NA,NA,NA,NA,NA,NA,NA,NA,NA,NA,NA,,,NA,NA,NA,NA,NA,NA,,,,,NA,NA,NA,NA,NA,,No,,No,,No,,,,No,,NA,NA,NA,NA,NA,NA,No,No,,,Yes,No,No,No,No,No,No,,,"Pension, Government allowances",1,NA,NA,1,NA,NA,NA,NA,NA,NA,NA,,Bank,2-Jan,0.5-3 mil,0.5,3,Winter,1,NA,NA,NA,NA,NA,,NA,NA,NA,NA,,talk in the family,Not specified,Family,,none,0,,,none,0,,,none,0,,,husband and children,NA,1,1,NA,NA,NA,NA,NA,5,4,4,3,3,No,,Yes,No,,Yes,Confident,2,4,2,4,4,2,2,2,4,5,No,Inside soum,No,No,No,No,No,No,No,Yes,"Horse, Camel",0,1,0,0,Motorbike,0,0,0,1,Motorbike,0,0,0,1,4,2,5,4,4,5,3.5,3,5,No,,No,,Yes,Critiques from other herders around building fences in grazing areas,Yes,Both,Other,NA,NA,NA,1,Clothes outstrip other items,Cash,NA,1,NA,NA,NA,,"Supplemental fodder, Husbandry",NA,NA,NA,1,1,NA,No,0,10,3,90,210,5,40,31,500,310,Yes,Yes,Yes,Both," Less nutritious plants, Fewer native plants",Decrease,,NA,NA,NA,NA,,Sold,,No,,,Degraded,Medium,No,,No,Yes,Medium,,,No,Important,Important,Very important,Very important,Important,Important,Important,Very important,Strongly agree,Strongly agree,Strongly agree,Neither agree nor disagree
12/27/23,12/27/23,755,38,Dundgovi,Erdenedalai,Bag 4,No,Batdorj,12/24/23,,NA,NA,NA,NA,4,50,Male,Elementary,0,0,0,NA,1,0,NA,1,2,NA,NA,NA,NA,NA,NA,NA,1,3,Yes,"Husband, wife, son",1,2,1,1,1,NA,1,NA,NA,NA,NA,NA,NA,"Husband, wife",1,1,1,1,NA,NA,NA,NA,NA,NA,NA,NA,NA,NA,3,2,1,Yes,Employment,NA,NA,NA,1,NA,NA,NA,NA,NA,NA,NA,NA,2019,,Other,NA,NA,NA,NA,1,NA,,Yes,No,Employment,NA,NA,NA,1,NA,,No,,No,,No,,,,Yes,Shearing livestock,NA,NA,NA,NA,NA,1,Yes,Yes,Head of the household,Head of the household,Yes,No,No,Yes,Yes,No,No,,,,NA,NA,NA,NA,NA,NA,NA,NA,NA,NA,NA,,Bank,2-Jan,5-10 mil,5,10,summer,NA,NA,NA,NA,1,NA,,NA,NA,NA,NA,,consult with family,Not specified,Family,,soum government,,,Soum government,country committee,,,Country committee,"Son, age 28, in UB",1,Family,,wife and children,NA,1,1,NA,NA,NA,NA,NA,4,NA,4,4,4,No,,Yes,No,,Yes,Strongly confident,15,5,3,5,3,6,0,0,0,60,No,,No,No,No,No,No,No,No,Yes,"Horse, Camel, Motorbike",0,1,0,1,"Horse, Camel, Motorbike",0,1,0,1,Motorbike,0,0,0,1,6,7,6,NA,5,6,NA,3,6,No,,No,,Yes,Financial difficulty,Yes,Both,Meat & dairy,1,NA,NA,NA,,"Food, Cash",1,1,NA,NA,NA,,"Supplemental fodder, Husbandry, Vehicle or fuel costs",NA,NA,NA,1,1,1,No,0,30,85,500,700,0,40,100,300,500,Yes,Yes,Yes,Both,"Fewer native plants, Reduced precipitation",Increase,Births,1,NA,NA,NA,,,,No,,,Degraded,Substantial,No,,No,Yes,Good,,,No,Slightly important,Very important,Very important,Very important,Important,Important,Important,Very important,Strongly agree,Strongly agree,Strongly agree,Neither agree nor disagree
12/28/23,12/28/23,755,39,Dundgovi,Erdenedalai,Bag 4,,Munkhtur,12/28/23,,NA,NA,NA,NA,4,59,Male,Secondary,0,0,0,0,0,0,0,0,1,0,0,1,0,0,0,0,1,4,No,Husband,NA,1,1,NA,NA,NA,NA,NA,NA,NA,NA,NA,NA,Husband,NA,1,1,NA,NA,NA,NA,NA,NA,NA,NA,NA,NA,NA,1,1,1,Yes,School,1,NA,NA,NA,NA,NA,NA,NA,NA,NA,NA,NA,2018,,During school breaks,NA,NA,NA,NA,1,NA,,No,No,University,NA,1,NA,NA,NA,,No,,No,,Yes,Yes,Yes,No,No,,NA,NA,NA,NA,NA,NA,No,No,,,No,Yes,No,No,No,No,Yes,Not specified,Crop farming,"Pension, Other",1,NA,NA,NA,NA,NA,NA,NA,NA,NA,1,Farming,Bank,1,2mil,2,2,Winter and spring,1,NA,NA,1,NA,NA,,NA,NA,NA,NA,,"3 persons, ages 60, in the soum",3,Not specified,,"2 persons, ages 65, in the soum",2,Not specified,,none,0,,,none,0,,,wife and 2 friends,NA,1,NA,1,NA,NA,NA,NA,5,1,5,5,2,No,,Yes,Yes,Strongly agree,Yes,Neutral,6,4,6,4,4,0,0,0,0,120,No,,No,No,No,No,No,No,No,No,"Motorbike, Horse, Camel",0,1,0,1,"Horse, Camel, Motorbike",0,1,0,1,Walk,1,0,0,0,3,3,0,30,30,30,2,3,0,No,,No,,Yes,Need to plant pasture grass,Yes,Both,"Meat & dairy, Cash, Other",1,1,NA,1,White pudding,Food,1,NA,NA,NA,NA,,,NA,NA,NA,NA,NA,NA,Yes,0,6,0,30,20,0,1,0,300,200,Yes,Yes,Yes,Both,"Less vegetation overall, Less nutritious plants",Decrease,,NA,NA,NA,NA,,Drought-related death,,No,,,No change,,No,,No,No,Not enough,,,Yes,Very important,Very important,Very important,Very important,Very important,Very important,Important,Important,Strongly agree,Strongly agree,Strongly agree,Strongly disagree
12/28/23,12/28/23,755,40,Dundgovi,Erdenedalai,Bag 4,,Bolor,,,NA,NA,NA,NA,6,50,Male,Elementary,2,2,0,0,2,1,0,1,2,0,0,0,0,0,0,0,1,2,,"Husband, wife",1,1,1,1,NA,NA,NA,NA,NA,NA,NA,NA,NA,"Husband, wife",1,1,1,1,NA,NA,NA,NA,NA,NA,NA,NA,NA,NA,2,1,1,Yes,"School, Employment",1,NA,NA,1,NA,NA,NA,NA,NA,NA,NA,NA,2008,,To assist with migration to new camp (seasonal) During Naadam During school breaks Other,NA,NA,1,1,1,1,Lunar New year,No,Don't know,"School for children, University, Employment",1,1,NA,1,NA,,Yes,Decreased,Yes,Household chores not done,Yes,Yes,Yes,Yes,Yes,Shearing livestock,NA,NA,NA,NA,NA,1,Yes,Yes,husband,Husband,Yes,No,No,Yes,Yes,No,Yes,Not specified,Social Worker in Ulaanbaatar hospital,"Salary, Government allowances, Crafts",NA,NA,1,1,NA,NA,NA,1,NA,NA,NA,,Bank,1,8-10 mil,8,10,"Autumn, winter ",1,1,NA,NA,NA,NA,Local party,NA,NA,NA,1,,"1 male, age 60",1,Not specified,,"2 persons, ages 60, male",2,Not specified,,0,0,,,0,0,,,"2 siblings, sister in law",NA,NA,NA,NA,1,1,NA,NA,NA,NA,2,5,1,,,No,No,,Yes,Neutral,3,8,4,4,4,2,4,NA,25,30,No,,No,No,No,Yes,No,Yes,No,No,Motorbike,0,0,0,1,Motorbike,0,0,0,1,Motorbike,0,0,0,1,3,3,6,NA,3,10,3,2,6,Yes,Reserved pasture areas,Yes,"Fencing the pasture, Planting pasture grass ",Yes,"Financial difficulty, Lack of materials",Yes,Both,"Meat & dairy, Cash",1,1,NA,NA,,Cash,NA,1,NA,NA,NA,,Vehicle or fuel costs,NA,NA,NA,NA,NA,1,No,0,6,0,280,220,0,4,0,130,150,Yes,Yes,Yes,Both,"Less vegetation overall, Reduced precipitation",Increase,"Births, Purchased more",1,1,NA,NA,,,,Yes,Increase,Expansion of the family,Improved,Medium,No,,Yes,Yes,Medium,,,No,Moderately important,Important,Very important,Very important,Very important,Moderately important,Moderately important,Moderately important,Generally agree,Generally agree,Strongly agree,Generally agree
12/28/23,12/28/23,756,41,Dundgovi,Erdenedalai,Bag 5,,Bolor,12/24/23,,NA,NA,NA,NA,8,64,Male,Secondary,6,6,0,0,0,0,0,0,0,0,0,0,2,2,0,0,0,0,No,Husband,NA,1,1,NA,NA,NA,NA,NA,NA,NA,NA,NA,NA,"Husband, wife, son",1,2,1,1,1,NA,NA,NA,NA,NA,NA,NA,NA,NA,2,NA,1,Yes,Look after children,NA,NA,NA,NA,NA,NA,1,NA,NA,NA,NA,NA,2018,,Weekly,1,NA,NA,NA,NA,NA,,Yes,No,School for children,1,NA,NA,NA,NA,,Yes,Decreased,Yes,Lacking human capacity,No,,,,Yes,Shearing livestock,NA,NA,NA,NA,NA,1,Yes,Yes,Husband,Husband,Yes,Yes,No,No,No,No,No,,,Pension,1,NA,NA,NA,NA,NA,NA,NA,NA,NA,NA,,Bank,1,5-10 mil,5,10,Lunar new year,NA,NA,1,NA,NA,NA,Local party,NA,NA,NA,1,,0,0,,,0,0,,,0,0,,,0,0,,,wife and 2 sons,NA,1,1,NA,NA,NA,NA,NA,5,NA,3,3,2,No,,Yes,No,,Yes,Confident,4,6,4,4,3,4,3,NA,120,55,Yes,Outside soum,Yes,No,No,No,No,No,No,No,Motorbike,0,0,0,1,Motorbike,0,0,0,1,Motorbike,0,0,0,1,25,15,30,23,25,30,NA,50,60,No,,Yes,Fencing the pasture,Yes,Financial difficulty,Yes,Both,"Meat & dairy, Cash, Fiber products",1,1,1,NA,,"Food, Technology",1,NA,NA,1,NA,,,NA,NA,NA,NA,NA,NA,No,0,6,28,380,210,0,18,42,420,370,Yes,Yes,Yes,Both,"Shorter/sparser vegetation, Reduced plant species diversity, Less milk production",Decrease,,NA,NA,NA,NA,,Slaughter for home consumption,,No,,,Degraded,Substantial,No,,No,Yes,Medium,,,No,Slightly important,Very important,Very important,Very important,Very important,Important,Important,Very important,Strongly agree,Strongly agree,Strongly agree,Neither agree nor disagree
12/24/23,12/24/23,757,42,Dundgovi,Erdenedalai,Bag 6,?????????,Munkhtuvshin,12/24/23,46.009173 104.9477654 1344.3999999999999 6.883,46.009173,104.9477654,1344.4,6.883,7,54,Male,Complete secondary/High school,1,1,0,0,4,0,0,4,2,1,0,0,0,0,0,0,1,1,Yes,"Unspecified, unspecified",NA,NA,NA,NA,NA,NA,NA,NA,NA,NA,NA,NA,2,4,NA,NA,NA,NA,NA,NA,NA,NA,NA,NA,NA,NA,4,NA,4,2,1,Yes,"School, Employment",1,NA,NA,1,NA,NA,NA,NA,NA,NA,NA,NA,2011,September,During school breaks During Naadam,NA,NA,NA,1,1,NA,,Yes,Don't know,"Employment, University",NA,1,NA,1,NA,,Yes,Decreased,Yes,Lacking human capacity,No,,,,No,,NA,NA,NA,NA,NA,NA,Yes,Yes,Bat-erdene,Head of the household,Yes,No,Yes,,,,Yes,Not specified,Tailoring,"Government allowances, Crafts, Other",NA,NA,NA,1,NA,NA,NA,1,NA,NA,1,"Vegetable planting, Tailoring",Bank,1,4 mil,4,4,August,NA,1,NA,NA,NA,NA,At Bag/Soum level,1,NA,NA,NA,,"sisters, ages 64 and 60",2,Family,,0,0,,,0,0,,,8 children,8,Family,,2 sisters and a friend,NA,NA,NA,1,1,NA,NA,NA,5,5,5,4,1,No,,Yes,No,Disagree,Yes,Strongly confident,5,6,3,3,2,3,6,6,30,281,No,,No,Yes,No,Yes,No,No,No,Yes,Motorbike,0,0,0,1,Motorbike,0,0,0,1,Motorbike,0,0,0,1,5,5,6,5,3,5,5,3,5,Yes,Changed the breeder livestock (male),Yes,Fencing the pasture,Yes,Fencing the pasture,Yes,Both,"Meat & dairy, Cash",1,1,NA,NA,,Other,NA,NA,NA,NA,1,Clothes,,NA,NA,NA,NA,NA,NA,No,0,0,0,100,221,0,0,0,151,135,Yes,Yes,Yes,Both,"Less vegetation overall, Reduced precipitation",Increase,Births,1,NA,NA,NA,,,,Yes,Increase,Livelihood improvement,Degraded,Medium,No,,No,Yes,Not enough,,,No,Important,Very important,Very important,Very important,Very important,Important,Moderately important,Very important,Strongly agree,Strongly agree,Strongly agree,Neither agree nor disagree
12/24/23,12/24/23,757,43,Dundgovi,Erdenedalai,Bag 6,????????????,Munkhtuvshin,12/24/23,,NA,NA,NA,NA,2,63,Male,Complete secondary/High school,0,0,0,0,0,0,0,0,0,0,0,0,2,2,0,0,2,5,Yes,"Unspecified, Unspecified, Unspecified, Unspecified",NA,NA,NA,NA,NA,NA,NA,NA,NA,NA,NA,NA,4,4,NA,NA,NA,NA,NA,NA,NA,NA,NA,NA,NA,NA,4,NA,2,1,1,No,,NA,NA,NA,NA,NA,NA,NA,NA,NA,NA,NA,NA,NA,,During Naadam,NA,NA,NA,1,NA,NA,,,,Employment,NA,NA,NA,1,NA,,No,,No,,No,,,,Yes,Migration,NA,NA,NA,NA,1,NA,No,No,,,Yes,No,Yes,,,,No,,,"Pension, Saving in bank, Crafts",1,NA,NA,NA,NA,NA,NA,1,NA,NA,NA,,Bank,1,8 mil,8,8,Winter-fodder,1,NA,NA,NA,NA,NA,Local party,NA,NA,NA,1,,0,0,,,8 children age  50-31,8,Family,,0,0,,,8 children,8,Family,,wife and children,NA,1,1,NA,NA,NA,NA,NA,4,2,5,4,1,No,,No,Yes,Neutral,Yes,Strongly confident,4,6,2,6,3,4,2,3,6,6,No,,Yes,No,Yes,No,Yes,No,No,No,"Horse, Camel",0,1,0,0,Motorbike,0,0,0,1,Motorbike,0,0,0,1,6,3,6,6,3,6,4,3,6,No,,No,,Yes,Need to plant pasture grass,Yes,Both,Meat & dairy,1,NA,NA,NA,,Cash,NA,1,NA,NA,NA,,"Vehicle or fuel costs, Supplemental fodder",NA,NA,NA,1,NA,1,No,0,17,0,105,53,0,0,0,74,42,Yes,Yes,Yes,Both,"Pasture degradation, Changing climate",Increase,Births,1,NA,NA,NA,,,,Yes,Decrease,,Degraded,Slight,No,,No,Yes,Medium,,,No,Important,Important,Moderately important,Very important,Very important,Important,Important,Important,Generally agree,Generally agree,Strongly agree,Strongly disagree
12/24/23,12/27/23,757,44,Dundgovi,Erdenedalai,Bag 6,,Odonchimeg,12/24/23,46.0091784 104.947662 1349.300048828125 20.0,46.0091784,104.947662,1349.300049,20,1,27,Female,Secondary,NA,NA,NA,NA,NA,NA,NA,NA,NA,NA,NA,NA,NA,NA,NA,NA,1,1,No,Husband,NA,1,NA,NA,NA,NA,NA,NA,NA,NA,1,NA,NA,"Household head, 4 neighbors",1,NA,NA,1,NA,NA,NA,NA,NA,NA,NA,4,NA,NA,5,1,1,No,,NA,NA,NA,NA,NA,NA,NA,NA,NA,NA,NA,NA,NA,,,NA,NA,NA,NA,NA,NA,,,,,NA,NA,NA,NA,NA,,No,,No,,No,,,,No,,NA,NA,NA,NA,NA,NA,Yes,Yes,Father,Father,Yes,No,Yes,,,,No,,,,NA,NA,NA,NA,NA,NA,NA,NA,NA,NA,NA,,Bank,1,2.5 mil,2.5,2.5,October,NA,1,NA,NA,NA,NA,,NA,NA,NA,NA,,"father, age 55, lives nearby ",1,Family,,"father and father's relatives, 2 persons, ages 50-60 ",3,Family,,"grandmother, age 80, UB",1,Family,,"Grandmother, age 80, in UB",1,Family,,"parents, and grandmother",1,NA,NA,NA,NA,1,NA,NA,5,NA,5,3,1,No,,Yes,Yes,Neutral,Yes,Strongly confident,5,5,3,2,5,2,2,4,8,NA,Yes,Inside soum,No,Yes,Yes,Yes,Yes,Yes,Yes,No,,NA,NA,NA,NA,,NA,NA,NA,NA,Motorbike,0,0,0,1,NA,NA,NA,NA,NA,NA,5,8,3,Yes,Increased pasture land,Yes,Fencing the pasture,Yes,Lack of equipment,Yes,Sending,Meat & dairy,1,NA,NA,NA,,,NA,NA,NA,NA,NA,,,NA,NA,NA,NA,NA,NA,No,0,0,19,75,85,0,0,0,0,0,Yes,Yes,Yes,Quality,Fewer native plants,Increase,Births,1,NA,NA,NA,,,,Yes,Increase,,Degraded,Medium,No,,No,Yes,Not enough,,,No,Very important,Very important,Very important,Very important,Very important,Very important,Very important,Very important,Strongly agree,Strongly agree,Strongly agree,Neither agree nor disagree
12/24/23,12/24/23,757,45,Dundgovi,Erdenedalai,Bag 6,????,Nyamdavaa,12/24/23,46.0109138 104.9576682 1368.0 3.8,46.0109138,104.9576682,1368,3.8,3,47,Male,Secondary,0,0,0,0,1,0,0,1,2,0,0,0,0,0,0,0,1,2,No,Husband,NA,1,1,NA,NA,NA,NA,NA,NA,NA,NA,NA,NA,Husband,NA,1,1,NA,NA,NA,NA,NA,NA,NA,NA,NA,NA,NA,1,1,1,Yes,Employment,NA,NA,NA,1,NA,NA,NA,NA,NA,NA,NA,NA,2023,,Other,NA,NA,NA,NA,NA,1,Leave of absence from work,Yes,Don't know,Employment,NA,NA,NA,1,NA,,No,,No,,No,,,,No,,NA,NA,NA,NA,NA,NA,Yes,Yes,Head of the household,Head of the household,Yes,No,Yes,,,,Yes,Not specified,Employed,"Salary, Government allowances",NA,NA,1,1,NA,NA,NA,NA,NA,NA,NA,,Bank,1,5mil,5,5,winter,1,NA,NA,NA,NA,NA,,NA,NA,NA,NA,,none,0,,,none,0,,,none,0,,,none,0,,,wife and son,NA,1,1,NA,NA,NA,NA,NA,2,1,5,1,3,No,,No,No,,No,,5,10,5,5,5,3,4,20,60,20,No,,No,No,No,No,No,No,No,No,Motorbike,0,0,0,1,Motorbike,0,0,0,1,Motorbike,0,0,0,1,5,3,6,6,5,3,6,5,10,No,,Yes,Fencing the pasture,Yes,Financial difficulty,No,,,NA,NA,NA,NA,,,NA,NA,NA,NA,NA,,,NA,NA,NA,NA,NA,NA,No,0,2,0,110,115,0,0,0,80,100,Yes,Yes,Yes,Both,"Less vegetation overall, Reduced precipitation",Increase,Births,1,NA,NA,NA,,,,No,,,Degraded,Medium,No,,Yes,Yes,Good,,,No,Very important,Very important,Very important,Very important,Very important,Very important,Very important,Very important,Strongly agree,Strongly agree,Strongly agree,Strongly agree
12/24/23,12/24/23,757,46,Dundgovi,Erdenedalai,Bag 6,????,Nyamdavaa,12/24/23,46.0119081 104.9652103 1362.4 4.24,46.0119081,104.9652103,1362.4,4.24,6,39,Male,Elementary,4,0,0,0,0,0,0,0,2,0,0,0,0,0,0,0,1,6,No,"Husband, wife, child, child, child, child",1,1,1,1,NA,NA,1,NA,NA,NA,NA,NA,NA,"Husband, wife, child",1,1,1,1,NA,NA,1,NA,NA,NA,NA,NA,NA,NA,4,1,1,No,,NA,NA,NA,NA,NA,NA,NA,NA,NA,NA,NA,NA,NA,,,NA,NA,NA,NA,NA,NA,,,,School for children,1,NA,NA,NA,NA,,Yes,Increased,Yes,Lacking human capacity,No,,,,No,,NA,NA,NA,NA,NA,NA,No,No,,,Yes,No,Yes,,,,Yes,Not specified,Commercial service,"Salary, Government allowances",NA,NA,1,1,NA,NA,NA,NA,NA,NA,NA,,none,0,,NA,NA,spring,NA,NA,NA,1,NA,NA,Other local organizations:,NA,NA,1,NA,Cooperative member,none,0,,,none,0,,,none,0,,,none,0,,,"wife, children and mother",1,1,1,NA,NA,NA,NA,NA,5,5,5,5,3,Yes,Cooperative,No,No,,Yes,Confident,3,3,3,2,2,0,2,20,40,0,No,,No,No,No,No,No,No,No,No,Motorbike,0,0,0,1,Motorbike,0,0,0,1,Motorbike,0,0,0,1,2,2,3,3,2,2,3,2,2,No,,No,,No,,No,,,NA,NA,NA,NA,,,NA,NA,NA,NA,NA,,,NA,NA,NA,NA,NA,NA,No,0,0,12,100,100,0,0,30,300,120,Yes,Yes,Yes,Both,Pasture degradation,Decrease,,NA,NA,NA,NA,,Drought-related death,,Yes,Increase,,Degraded,Medium,No,,Yes,No,Medium,,,No,Moderately important,Important,Very important,Very important,Very important,Important,Very important,Very important,Strongly agree,Strongly agree,Strongly agree,Strongly agree
12/28/23,12/28/23,757,47,Dundgovi,Erdenedalai,Bag 6,,Munkhtur,12/28/23,,NA,NA,NA,NA,3,58,Male,Complete secondary/High school,1,1,0,0,0,0,0,0,1,1,0,0,0,0,0,0,1,1,No,"Husband, wife",1,1,1,1,NA,NA,NA,NA,NA,NA,NA,NA,NA,"Husband, wife",1,1,1,1,NA,NA,NA,NA,NA,NA,NA,NA,NA,NA,2,3,1,Yes,School,1,NA,NA,NA,NA,NA,NA,NA,NA,NA,NA,NA,2019,,During school breaks,NA,NA,NA,NA,1,NA,,No,No,School for children,1,NA,NA,NA,NA,,No,,No,,No,,,,No,,NA,NA,NA,NA,NA,NA,Yes,Yes,Son,Son,Yes,No,Yes,,,,No,,,Pension,1,NA,NA,NA,NA,NA,NA,NA,NA,NA,NA,,Bank,2,"1,6-4mil",1.6,4,winter,1,NA,NA,NA,NA,NA,,NA,NA,NA,NA,,0,0,,,0,0,,,0,0,,,0,0,,,"husband, son and daughter ",NA,NA,1,NA,NA,NA,NA,NA,5,1,5,5,1,No,,No,Yes,Strongly agree,Yes,Neutral,10,10,7,10,5,0,0,0,0,0,No,,No,No,No,No,No,No,No,No,"Horse, Camel, Motorbike",0,1,0,1,"Horse, Camel, Motorbike",0,1,0,1,Walk,1,0,0,0,10,7,10,10,7,10,8,6,8,No,,No,,No,,No,,,NA,NA,NA,NA,,,NA,NA,NA,NA,NA,,,NA,NA,NA,NA,NA,NA,No,0,3,16,74,110,0,15,20,115,120,Yes,Yes,Yes,Both,"Less vegetation overall, Less nutritious plants",Decrease,,NA,NA,NA,NA,,Drought-related death,,No,,,Degraded,Medium,No,,No,No,Not enough,,,No,Very important,Very important,Very important,Very important,Very important,Very important,Important,Important,Strongly agree,Strongly agree,Strongly agree,Strongly disagree
12/28/23,12/28/23,757,48,Dundgovi,Erdenedalai,Bag 6,,Munkhtur,12/28/23,,NA,NA,NA,NA,4,55,Male,Complete secondary/High school,0,0,0,2,2,0,0,0,1,0,0,0,0,0,0,0,3,7,Yes,"Husband, wife",1,1,1,1,NA,NA,NA,NA,NA,NA,NA,NA,NA,"Husband, wife",1,1,1,1,NA,NA,NA,NA,NA,NA,NA,NA,NA,NA,3,2,1,Yes,"School, Employment",1,NA,NA,1,NA,NA,NA,NA,NA,NA,NA,NA,2019,,During school breaks,NA,NA,NA,NA,1,NA,,No,No,"University, School for children",1,1,NA,NA,NA,,Yes,Decreased,Yes,Lacking human capacity,No,,,,No,,NA,NA,NA,NA,NA,NA,Yes,Yes,Head of the household,Head of the household,Yes,No,Yes,,,,Yes,Not specified,Driving instructor,"Pension, Salary",1,NA,1,NA,NA,NA,NA,NA,NA,NA,NA,,Bank,1,"2,5mil",2.5,2.5,autumn,NA,1,NA,NA,NA,NA,,NA,NA,NA,NA,,"2 persons, ages  50-55, in the soum",2,Not specified,,"2 persons, ages 55-60, in the soum",2,Not specified,,0,0,,,0,0,,,wife and friends,NA,1,NA,1,NA,NA,NA,NA,5,1,5,3,1,No,,Yes,Yes,Strongly agree,Yes,Neutral,6,6,3,4,3,3,3,6,12,6,No,,No,Yes,Yes,Yes,Yes,Yes,Yes,No,Motorbike,0,0,0,1,Motorbike,0,0,0,1,Motorbike,0,0,0,1,10,6,10,10,6,10,10,6,10,No,,No,,No,,Yes,Both,"Meat & dairy, Cash",1,1,NA,NA,,Food,1,NA,NA,NA,NA,,,NA,NA,NA,NA,NA,NA,No,0,22,0,224,202,0,13,0,90,80,Yes,Yes,Yes,Both,,Increase,Births,1,NA,NA,NA,,,,No,,,Degraded,Medium,No,,No,No,Medium,,,Yes,Very important,Very important,Very important,Very important,Very important,Very important,Very important,Important,Strongly agree,Strongly agree,Strongly agree,Neither agree nor disagree
12/24/23,12/24/23,758,49,Dundgovi,Erdenedalai,Bag 7,????,Nyamdavaa,12/24/23,46.011763 104.9650342 1371.7 4.96,46.011763,104.9650342,1371.7,4.96,3,66,Male,Complete secondary/High school,0,0,0,0,1,0,0,0,0,0,0,0,2,0,0,0,1,3,No,"Husband, wife, son",1,2,1,1,1,NA,1,NA,NA,NA,NA,NA,NA,"Husband, wife, son",1,2,1,NA,1,NA,NA,NA,NA,NA,NA,NA,NA,NA,3,8,1,No,,NA,NA,NA,NA,NA,NA,NA,NA,NA,NA,NA,NA,NA,,,NA,NA,NA,NA,NA,NA,,,,,NA,NA,NA,NA,NA,,No,,No,,Yes,Yes,Yes,Yes,Yes,"Migration, Livestock care",NA,NA,NA,1,1,NA,Yes,No,,,Yes,No,Yes,,,,No,,,Pension,1,NA,NA,NA,NA,NA,NA,NA,NA,NA,NA,,Bank,1,20 mil,20,20,winter,1,NA,NA,NA,NA,NA,,NA,NA,NA,NA,,"4 persons, ages 33-49, UB",4,Not specified,,none,0,,,none,0,,,none,0,,,"wife, husband and children ",NA,1,1,NA,NA,NA,NA,NA,5,1,4,2,1,No,,Yes,Yes,Strongly agree,Yes,Confident,2,2,2,2,2,1,2,10,20,10,Yes,Outside soum,No,No,No,No,No,No,No,Yes,"Horse, Camel",0,1,0,0,"Motorbike, Horse, Camel",0,1,0,1,"Horse, Camel, Motorbike",0,1,0,1,2,2,2,2,2,2,2,2,2,No,,No,,No,,No,,,NA,NA,NA,NA,,,NA,NA,NA,NA,NA,,,NA,NA,NA,NA,NA,NA,No,0,63,62,250,200,0,55,40,240,200,Yes,Yes,Yes,Both,Less vegetation overall,The same,,NA,NA,NA,NA,,,,Yes,Decrease,,No change,,No,,No,Yes,Medium,,,No,Very important,Very important,Very important,Very important,Very important,Very important,Very important,Very important,Strongly agree,Strongly agree,Strongly agree,Strongly disagree
12/28/23,12/28/23,758,50,Dundgovi,Erdenedalai,Bag 7,,Munkhtur,12/28/23,,NA,NA,NA,NA,3,68,Male,Complete secondary/High school,0,0,0,1,1,0,0,1,0,NA,0,NA,1,1,0,0,1,3,,Son,NA,1,NA,NA,1,NA,1,NA,NA,NA,NA,NA,NA,son,NA,1,NA,NA,1,NA,NA,NA,NA,NA,NA,NA,NA,NA,2,1,1,Yes,Employment,NA,NA,NA,1,NA,NA,NA,NA,NA,NA,NA,NA,2023,,During Naadam,NA,NA,NA,1,NA,NA,,No,No,Employment,NA,NA,NA,1,NA,,Yes,Decreased,No,,No,,,,No,,NA,NA,NA,NA,NA,NA,No,No,,,No,No,No,No,No,No,No,,,Pension,1,NA,NA,NA,NA,NA,NA,NA,NA,NA,NA,,Bank,1,?0-50mil,10,50,spring,NA,NA,NA,1,NA,NA,,NA,NA,NA,NA,,"2 persons, ages 50-60, in the soum",2,Not specified,,"1 person, ages 40-50, soum",1,Not specified,,none,0,,,none,0,,,"wife, son and son in law",NA,1,1,NA,NA,1,NA,NA,1,1,5,5,1,No,,Yes,Yes,Strongly agree,Yes,Neutral,12,4,10,8,4,2,2,11,22,12,No,,No,No,No,No,No,No,No,No,"Horse, Camel, Motorbike",0,1,0,1,Walk Car,1,0,1,0,"Walk, Car",1,0,1,0,12,12,5,12,5,4,12,6,7,No,,No,,No,,Yes,Both,"Meat & dairy, Cash",1,1,NA,NA,,Food,1,NA,NA,NA,NA,,,NA,NA,NA,NA,NA,NA,No,0,13,1,50,80,0,2,0,12,25,Yes,Yes,Yes,Both,Shorter/sparser vegetation,Increase,Births,1,NA,NA,NA,,,,No,,,Degraded,Medium,No,,No,No,Not enough,,,No,Very important,Very important,Very important,Very important,Very important,Very important,Important,,Strongly agree,,Strongly agree,Neither agree nor disagree
12/28/23,12/28/23,758,51,Dundgovi,Erdenedalai,Bag 7,,Bolor,12/24/23,,NA,NA,NA,NA,1,41,Male,Elementary,0,0,0,0,0,0,0,0,1,1,0,0,0,0,0,0,2,3,Yes,brother,NA,1,NA,NA,NA,NA,NA,NA,NA,1,NA,NA,NA,"older brother, me",NA,2,NA,NA,NA,NA,NA,NA,NA,1,NA,NA,NA,1,3,2,1,Yes,Healthcare services,NA,NA,NA,NA,NA,NA,NA,NA,NA,1,NA,NA,2001,,Monthly,NA,1,NA,NA,NA,NA,,Yes,Yes,Other,NA,NA,NA,NA,1,Because of health issues,Yes,Decreased,Yes,Lacking human capacity,No,,,,Yes,Shearing livestock,NA,NA,NA,NA,NA,1,,Yes,Head of the household,Head of the household,Yes,No,No,Yes,Yes,No,Yes,Not specified,Head of the soum Disabled Community,Government allowances,NA,NA,NA,1,NA,NA,NA,NA,NA,NA,NA,,Bank,0.5,1-4 mil,1,4,year round,NA,NA,NA,NA,NA,1,Other local organizations:,NA,NA,1,NA,Disabled person's NGO,"1 male, age 70, 1 male and 1 female, age 50",2,Not specified,,"7-8 persons, ages 25, male and female",8,Not specified,,0,0,,,0,0,,,"Siblings, soum governor",NA,NA,NA,NA,1,NA,1,NA,5,5,5,5,3,Yes,All organizations,Yes,Yes,Agree,Yes,Neutral,3,1,2,2,2,3,5,NA,8,17,No,,No,Yes,Yes,Yes,Yes,Yes,Yes,No,"Horse, Camel",0,1,0,0,"Horse, Camel",0,1,0,0,Walk,1,0,0,0,2,2,1,2,2,1,NA,1,0,Yes,Negotiating with others to protect pasture from stray livestock,Yes,"Maintain livestock numbers, Fencing the pasture, Planting pasture grass, run irrigated crop farming ",Yes,Financial difficulty,Yes,Both,"Meat & dairy, Fiber products",1,NA,1,NA,,"Food, Cash",1,1,NA,NA,NA,,"Husbandry, Vehicle or fuel costs",NA,NA,NA,NA,1,1,No,0,3,4,65,60,0,5,0,80,90,Yes,Yes,Yes,Both,"Less vegetation overall, Reduced precipitation, Overgrazing",The same,,NA,NA,NA,NA,,,,Yes,Maintain,Improve the quality of livestock,Degraded,Substantial,Yes,over 5,No,Yes,Good,Decreased,,No,Very important,Very important,Very important,Very important,Very important,Very important,Very important,Very important,Strongly agree,Strongly agree,Strongly agree,Strongly disagree
12/26/23,12/26/23,486,52,Govi-Sumber,Bayantal,Bag 1,No,Tungalag,12/26/23,46.5197069 108.3865729 1280.0 5.0,46.5197069,108.3865729,1280,5,5,34,Male,No education,3,0,0,0,0,0,0,0,1,0,0,0,0,0,0,0,1,5,No,"Husband, wife, child, child, child, child",1,1,1,1,NA,NA,5,NA,NA,NA,NA,NA,NA,"Husband, wife",1,1,1,1,NA,NA,NA,NA,NA,NA,NA,NA,NA,NA,5,3,1,No,,NA,NA,NA,NA,NA,NA,NA,NA,NA,NA,NA,NA,NA,,,NA,NA,NA,NA,NA,NA,,,,,NA,NA,NA,NA,NA,,,,,,Yes,No,Yes,No,No,,NA,NA,NA,NA,NA,NA,Yes,Yes,Head of the household,Head of the household,Yes,No,Yes,,,,No,,,Government allowances,NA,NA,NA,1,1,NA,NA,NA,NA,NA,NA,,Bank,1,5 -30 mil,5,30,Autumn-school year starts and during lunar new year,NA,1,NA,NA,NA,NA,At Community level,NA,1,NA,NA,,talk in the family,Not specified,Family,,brother and sister ages 40+,2,Family,,0,0,,,0,0,,,"brother, mother, and father ",1,NA,NA,NA,1,NA,NA,NA,NA,NA,3,2,4,Yes,"Soum school, Race horse trainer's association",Yes,No,,Yes,Confident,NA,30,15,10,7,10,5,41,204,42,No,,No,No,No,No,No,No,No,Yes,"Horse, Camel",0,1,0,0,"Horse, Camel, Motorbike",0,1,0,1,"Car, Motorbike",0,0,1,1,0,0,0,0,0,0,NA,0,0,No,,Yes,"Fence grazing area, Planting pasture grass",Yes,"High expenses, Small size of herds",No,,,NA,NA,NA,NA,,,NA,NA,NA,NA,NA,,,NA,NA,NA,NA,NA,NA,No,0,53,73,360,300,0,13,20,120,130,Yes,Yes,Yes,Both,Shorter/sparser vegetation,Increase,"Births, Purchased more",1,1,NA,NA,,,,Yes,Increase,Livelihood improvement,Degraded,Slight,No,,Yes,No,Medium,,,No,Important,Very important,Very important,Very important,Important,Slightly important,Important,Very important,Strongly agree,Strongly agree,Strongly agree,Neither agree nor disagree
12/26/23,12/26/23,486,53,Govi-Sumber,Bayantal,Bag 1,Joined one group,Tungalag,12/26/23,46.5573924 108.3161302 1253.0 5.0,46.5573924,108.3161302,1253,5,2,45,Male,Elementary,0,0,0,0,0,0,0,0,1,0,0,0,0,0,0,0,2,4,Yes,"Husband, wife, son, daughter-in-law",2,2,1,1,1,1,2,NA,NA,NA,NA,NA,NA,4 people,NA,NA,NA,NA,NA,NA,NA,NA,NA,NA,NA,NA,4,NA,4,14,5,Yes,Employment,NA,NA,NA,NA,NA,NA,NA,NA,NA,NA,NA,NA,2004,,Seasonally,NA,NA,1,NA,NA,1,,Yes,No,Employment,NA,NA,NA,1,NA,,No,,No,,No,,,,No,,NA,NA,NA,NA,NA,NA,Yes,Yes,Head of the household,Head of the household,Yes,No,No,Yes,No,No,No,,,,NA,NA,NA,NA,NA,NA,NA,NA,NA,NA,NA,,Bank,1,8 -20 mil,8,20,Winter-fodder and petrol,1,NA,NA,NA,NA,NA,At Community level,NA,1,NA,NA,,"son, relatives, bag governor, ages 23&40 ",2,"Family, Civic",,"3 friends, ages  40+, male",3,Friends,,"mother, and younger siblings,  ages 26-45, in the soum ",Not specified,Family,,mother and sibling helps,Not specified,Family,,"mother, wife and son",1,1,1,NA,NA,NA,NA,NA,5,4,4,4,1,Yes,Khan Bank,Yes,No,,Yes,Confident,NA,10,3,7,1.5,4,5,28,134,190,No,,Yes,Yes,Yes,Yes,Yes,No,No,Yes,"Horse, Camel, Motorbike",0,1,0,1,"Motorbike, Horse, Camel",0,1,0,1,"Horse, Camel, Motorbike, Car",0,1,1,1,NA,10,3,NA,3,10,NA,3,10,No,,Yes,Planting pasture grass,Yes,"Lack of time, Financial difficulty",No,,,NA,NA,NA,NA,,,NA,NA,NA,NA,NA,,,NA,NA,NA,NA,NA,NA,No,0,50,80,300,150,0,50,80,300,150,No,No,Yes,Both,"Shorter/sparser vegetation, More weeds",The same,,NA,NA,NA,NA,,,,No,,,Degraded,Substantial,No,,Yes,Yes,Medium,,,Yes,Slightly important,Important,Very important,Very important,Important,Very important,Very important,Important,Strongly agree,Strongly agree,Generally agree,Neither agree nor disagree
12/26/23,12/26/23,486,54,Govi-Sumber,Bayantal,Bag 1,,Bilguun,12/26/23,46.5572827 108.3161961 1244.5035400390625 4.873,46.5572827,108.3161961,1244.50354,4.873,6,32,Male,Complete secondary/High school,0,4,0,0,0,0,0,0,1,0,0,0,0,0,0,0,2,2,Yes,"Husband, friend",NA,2,1,NA,NA,NA,NA,NA,NA,NA,1,NA,NA,"Husband, wife, younger siblings 2",1,1,NA,NA,NA,NA,NA,NA,NA,2,NA,NA,NA,NA,4,2,2,Yes,"School, Kindergarten",1,1,NA,NA,NA,NA,NA,NA,NA,NA,NA,NA,2018,,Weekly,1,NA,NA,NA,NA,NA,,No,Yes,School for children,1,NA,NA,NA,NA,,No,,No,,No,,,,No,,NA,NA,NA,NA,NA,NA,No,No,,,Yes,No,No,Yes,No,Yes,Yes,Not specified,Cook at school kitchen,"Salary, Government allowances",NA,NA,1,1,NA,NA,NA,NA,NA,NA,NA,,none,0,,NA,NA,0,NA,NA,NA,NA,NA,NA,,NA,NA,NA,NA,,"1 person, age 40, soum ",1,Not specified,,0,0,,,"2 siblings, ages 50, 70",2,Family,,0,0,,,"mother, siblings",1,NA,NA,NA,1,NA,NA,NA,5,NA,5,5,1,,,Yes,Yes,Strongly agree,Yes,Strongly confident,NA,8,4,8,5,3,NA,50,120,12,No,,No,No,No,No,No,No,No,No,"Horse, Camel",0,1,0,0,"Horse, Camel, Motorbike",0,1,0,1,"Horse, Camel, Motorbike",0,1,0,1,NA,6,NA,NA,5,10,NA,5,10,No,,Yes,Planting pasture grass,Yes,Need to plant pasture grass,Yes,Sending,"Meat & dairy, Cash",1,1,NA,NA,,,NA,NA,NA,NA,NA,,,NA,NA,NA,NA,NA,NA,No,0,5,8,55,240,0,0,0,0,0,No,Yes,No,,,The same,,NA,NA,NA,NA,,,,Yes,Increase,,Improved,Slight,Yes,2-Jan,Yes,Yes,Good,No change,,No,Very important,Very important,Very important,Very important,Very important,Very important,Very important,Very important,Strongly agree,Strongly agree,Strongly agree,Strongly disagree
12/26/23,12/28/23,486,55,Govi-Sumber,Bayantal,Bag 1,,Batdorj,12/26/23,46.6069733 108.2767217 1208.2 4.4,46.6069733,108.2767217,1208.2,4.4,1,32,Male,No education,NA,0,0,0,0,0,0,0,0,0,0,NA,NA,NA,NA,NA,1,1,Yes,Husband,NA,1,1,NA,NA,NA,NA,NA,NA,NA,NA,NA,NA,"Husband, older brothers help",NA,1,1,NA,NA,NA,NA,NA,NA,2,NA,NA,NA,NA,3,2,2,No,,NA,NA,NA,NA,NA,NA,NA,NA,NA,NA,NA,NA,NA,,,NA,NA,NA,NA,NA,NA,,,,,NA,NA,NA,NA,NA,,No,,No,,No,,,,Yes,Shearing livestock,NA,NA,NA,NA,NA,1,Yes,Yes,Head of the household,Head of the household,Yes,No,Yes,,,,No,,,,NA,NA,NA,NA,NA,NA,NA,NA,NA,NA,NA,,None,,,NA,NA,Winter and spring,1,NA,NA,1,NA,NA,,NA,NA,NA,NA,,"1 person, age 38, in the soum",1,Not specified,,"2 person, ages 38 ",2,Not specified,,none,0,,,none,0,,,brother,NA,NA,NA,NA,1,NA,NA,NA,5,NA,4,2,2,No,,Yes,No,,Yes,Confident,NA,0,0,5,2,2,2,6,12,6,No,,No,Yes,No,No,No,Yes,No,Yes,Motorbike,0,0,0,1,Motorbike,0,0,0,1,Motorbike,0,0,0,1,6,2,5,5,2,5,NA,1,6,No,,No,,Yes,Financial difficulty,No,,,NA,NA,NA,NA,,,NA,NA,NA,NA,NA,,,NA,NA,NA,NA,NA,NA,No,0,15,34,800,800,0,13,0,150,140,No,Yes,No,,,Increase,Births,1,NA,NA,NA,,,,Yes,Increase,,No change,,No,,No,Yes,Medium,,,Yes,Important,Important,Very important,Important,Important,Moderately important,Important,Very important,Generally agree,Generally agree,Generally agree,Neither agree nor disagree
12/26/23,12/28/23,486,56,Govi-Sumber,Bayantal,Bag 1,,Batdorj,12/26/23,46.6407001 108.2433255 1249.1000000000001 5.566,46.6407001,108.2433255,1249.1,5.566,1,38,Male,Elementary,0,0,0,0,0,NA,NA,NA,1,NA,NA,NA,NA,NA,NA,NA,1,1,Yes,Husband,NA,1,1,NA,NA,NA,NA,NA,NA,NA,NA,NA,NA,"Husband, younger sibling",NA,1,1,NA,NA,NA,NA,NA,NA,1,NA,NA,NA,NA,2,2,2,No,,NA,NA,NA,NA,NA,NA,NA,NA,NA,NA,NA,NA,NA,,,NA,NA,NA,NA,NA,NA,,,,,NA,NA,NA,NA,NA,,No,,No,,No,,,,Yes,Shearing livestock,NA,NA,NA,NA,NA,1,Yes,Yes,Head of the household,Head of the household,Yes,No,Yes,,,,No,,,,NA,NA,NA,NA,NA,NA,NA,NA,NA,NA,NA,,Bank,0,,NA,NA,Winter and Spring,1,NA,NA,1,NA,NA,,NA,NA,NA,NA,,None,0,,,none,0,,,"1 person, age 33, UB",1,Not specified,,"1 person, sbling, age 33, UB",1,Family,,sibling,NA,NA,NA,NA,1,NA,NA,NA,3,NA,3,3,2,No,,Yes,No,,Yes,Strongly confident,NA,6,2,15,6,3,0,0,0,0,Yes,Outside soum,No,Yes,No,No,No,No,No,Yes,Motorbike,0,0,0,1,Motorbike,0,0,0,1,"Car, Motorbike",0,0,1,1,NA,6,15,NA,3,15,NA,2,6,No,,No,,Yes,Lack of time,Yes,Receiving,,NA,NA,NA,NA,,"Food, Cash, Other",1,1,NA,NA,1,"Fodder, Manpower","Supplemental fodder, Husbandry, Vehicle or fuel costs",NA,NA,NA,1,1,1,No,23,17,150,200,300,23,18,150,1000,500,Yes,Yes,Yes,Both,"Less vegetation overall, Changing climate, later summer ",Decrease,,NA,NA,NA,NA,,Sold,,Yes,Decrease,,Degraded,Medium,No,,No,No,Medium,,,No,Slightly important,Important,Important,Very important,Important,Important,Slightly important,Very important,Strongly agree,Generally agree,Generally agree,Neither agree nor disagree
12/26/23,12/27/23,486,57,Govi-Sumber,Bayantal,Bag 1,,Odonchimeg,12/26/23,46.5444291 108.377793 1271.0 8.54,46.5444291,108.377793,1271,8.54,6,65,Male,Secondary,2,2,0,0,1,1,0,0,1,0,0,0,0,0,0,0,1,2,No,"Husband, wife, child, child",1,1,1,1,NA,NA,1,NA,NA,NA,NA,NA,NA,"Husband, wife",1,1,1,1,NA,NA,NA,NA,NA,NA,NA,NA,NA,NA,2,3,1,Yes,"Kindergarten, Employment",NA,1,NA,1,NA,NA,NA,NA,NA,NA,NA,NA,2018,,During school breaks Monthly,NA,1,NA,NA,1,NA,,Yes,No,"School for children, Employment",1,NA,NA,1,NA,,Yes,Decreased,Yes,Individual workload change,No,,,,Yes,Shearing livestock,NA,NA,NA,NA,NA,1,Yes,Yes,Husband,Husband,Yes,No,No,Yes,No,No,Yes,"Daughter, Wife","Kindergarten teacher, Veterinarian","Pension, Remits, Salary",1,NA,1,NA,NA,NA,1,NA,NA,NA,NA,,Bank,1,5-30 mil,5,30,"autumn, winter",1,1,NA,NA,NA,NA,Local party,NA,NA,NA,1,,none,0,,,"bag's governor, age 30, male",1,Civic,,"champion herder, age 80, male ",1,Not specified,,none,0,,,2 friends and wife,NA,1,NA,1,NA,NA,NA,NA,5,NA,5,5,3,No,,Yes,No,Neutral,Yes,Strongly confident,1,2,1,2,1,3,3,16,27,100,No,,No,Yes,Yes,No,No,Yes,Yes,Yes,"Horse, Camel",0,1,0,0,"Horse, Camel, Motorbike",0,1,0,1,Motorbike,0,0,0,1,20,2,10,10,5,8,5,2,5,No,,Yes,Reduced the herd size,Yes,"Herd beef cattle breeds, Improve the herd quality ",Yes,Both,"Meat & dairy, Cash",1,1,NA,NA,,"Food, Other, Cash",1,1,NA,NA,1,Petrol,"Vehicle or fuel costs, Supplemental fodder",NA,NA,NA,1,NA,1,No,0,13,0,809,150,0,30,0,380,130,Yes,Yes,Yes,Both,Less nutritious plants,Increase,Births,1,NA,NA,NA,,,,Yes,Decrease,Lacking human capacity,Degraded,Substantial,No,,No,Yes,Medium,,,No,Moderately important,Very important,Very important,Very important,Very important,Very important,Very important,Important,Strongly agree,Strongly agree,Strongly agree,Strongly agree
12/26/23,12/27/23,486,58,Govi-Sumber,Bayantal,Bag 1,,Odonchimeg,12/26/23,46.52548 108.3487772 1272.6999999999998 4.5,46.52548,108.3487772,1272.7,4.5,5,46,Male,Elementary,1,0,1,2,1,0,0,1,1,0,0,0,0,0,0,0,1,2,No,"Husband, wife",1,1,1,1,NA,NA,NA,NA,NA,NA,NA,NA,NA,"Husband, wife",1,1,1,1,NA,NA,NA,NA,NA,NA,NA,NA,NA,NA,2,1,1,Yes,School,1,NA,NA,NA,NA,NA,NA,NA,NA,NA,NA,NA,2023,September,During school breaks Other,NA,NA,NA,NA,1,NA,,No,No,University,NA,1,NA,NA,NA,,Yes,Decreased,Yes,Household chores not done,No,,,,No,,NA,NA,NA,NA,NA,NA,Yes,No,,,Yes,No,Yes,,,,No,,,Government allowances,NA,NA,NA,1,NA,NA,NA,NA,NA,NA,NA,,Bank,1,5-20 mil,5,20,winter,1,NA,NA,NA,NA,NA,At Bag/Soum level,1,NA,NA,NA,,"1 male, age 40, bag governor",1,Civic,,none,0,,,none,0,,,none,0,,,"father, sibling and friends",1,NA,NA,1,1,NA,NA,NA,5,5,5,5,1,No,,No,Yes,Strongly agree,Yes,Neutral,5,6,5,6,5,2,5,25,50,250,Yes,Inside soum,No,Yes,Yes,Yes,Yes,No,No,Yes,Motorbike,0,0,0,1,Motorbike,0,0,0,1,Motorbike,0,0,0,1,7,6,7,5,5,6,5,5,6,No,,Yes,Fencing the pasture,Yes,Difficulty in selling animals,Yes,Sending,"Meat & dairy, Cash",1,1,NA,NA,,,NA,NA,NA,NA,NA,,,NA,NA,NA,NA,NA,NA,No,0,27,50,200,200,0,20,40,200,200,Yes,Yes,Yes,Quantity,Less vegetation overall,Increase,Births,1,NA,NA,NA,,,,No,,,Degraded,Substantial,No,,Yes,Yes,Not enough,,,No,Slightly important,Slightly important,Very important,Very important,Moderately important,Very important,Very important,Moderately important,Generally agree,Generally agree,Strongly agree,Strongly agree
12/26/23,12/27/23,486,59,Govi-Sumber,Bayantal,Bag 1,,Odonchimeg,12/26/23,46.5572562 108.3165853 1237.1 11.15,46.5572562,108.3165853,1237.1,11.15,2,22,Male,Complete secondary/High school,0,0,0,0,1,0,0,0,0,0,0,0,0,0,0,0,1,4,No,"Husband, wife",1,1,1,1,NA,NA,NA,NA,NA,NA,NA,NA,NA,"Husband, wife",1,1,1,1,NA,NA,NA,NA,NA,NA,NA,NA,NA,NA,2,2,1,Yes,Moved to parents,NA,NA,NA,NA,NA,NA,NA,NA,NA,NA,1,NA,2023,,During Naadam,NA,NA,NA,1,NA,NA,,No,Yes,Other,NA,NA,NA,NA,1,gave the livestock to in-laws for herding,No,,No,,No,,,,No,,NA,NA,NA,NA,NA,NA,No,No,,,Yes,No,No,No,No,No,Yes,Not specified,horse archery,"Salary, Other",NA,NA,1,NA,NA,NA,NA,NA,NA,NA,1,Seasonal work,,,,NA,NA,winter,1,NA,NA,NA,NA,NA,,NA,NA,NA,NA,,"parents, ages 40-50, female and male, in the countryside",2,Family,,"parents, ages 40_50 ",2,Family,,"in laws, ages 40_50, in Uvurkhangai ",Not specified,Family,,"In laws, age 40-50, male and female, in Uvurkhangai",Not specified,Family,,"a teachers, in laws",NA,NA,NA,1,NA,1,1,NA,5,NA,5,5,2,Yes,Traditional archery,No,No,Agree,Yes,Strongly confident,10,10,10,4,2,0,1,14,28,NA,Yes,Outside soum,Yes,No,No,No,No,No,No,Yes,"Horse, Camel",0,1,0,0,"Horse, Camel",0,1,0,0,"Horse, Camel, Motorbike",0,1,0,1,NA,NA,NA,NA,NA,NA,15,15,6,No,,Yes,Need better pasture as horses are dominant,Yes,Lacking adequate land for activities,No,,,NA,NA,NA,NA,,,NA,NA,NA,NA,NA,,,NA,NA,NA,NA,NA,NA,No,0,0,10,30,20,0,0,0,0,0,No,No,Yes,Quantity,Less vegetation overall,Increase,"Purchased more, Received as gift",0,1,1,NA,,,,Yes,Increase,Increase horses to use them for herding/work,Degraded,Substantial,No,,No,No,Medium,,,No,Very important,Very important,Very important,Very important,Very important,Slightly important,Very important,Important,Strongly agree,Strongly agree,Strongly agree,Strongly agree
12/26/23,12/26/23,486,60,Govi-Sumber,Bayantal,Bag 1,?????? ?????,Bilguun,12/26/23,46.6649074 108.2525821 1237.6864013671875 10.396,46.6649074,108.2525821,1237.686401,10.396,6,38,Male,Secondary,0,4,0,0,0,0,0,0,1,0,0,0,0,0,0,0,1,6,,Husband,NA,1,1,NA,NA,NA,NA,NA,NA,NA,NA,NA,NA,"Husband, wife, 4 children",1,1,1,1,NA,NA,4,NA,NA,NA,NA,NA,NA,NA,6,1,1,Yes,School,1,NA,NA,NA,NA,NA,NA,NA,NA,NA,NA,NA,2018,,Weekly,1,NA,NA,NA,NA,NA,,No,Yes,School for children,1,NA,NA,NA,NA,,Yes,Decreased,Yes,Herding and Livestock Management,No,,,,No,,NA,NA,NA,NA,NA,NA,Yes,Yes,Husband,Husband,Yes,No,No,Yes,Yes,No,No,,,Government allowances,NA,NA,NA,1,1,NA,NA,NA,NA,NA,NA,,Bank,1,5 -30 mil,5,30,year round,NA,NA,NA,NA,NA,1,At Community level Other local organizations:,NA,1,1,NA,Horsemen's Association,0,0,,,0,0,,,0,0,,,0,0,,,"wife, friends",NA,1,NA,1,NA,NA,NA,NA,5,5,5,5,1,,,Yes,No,,Yes,Strongly confident,NA,10,150,10,2,2,2,5,10,100,No,,Yes,No,No,No,No,No,No,No,Motorbike,0,0,0,1,Motorbike,0,0,0,1,Motorbike,0,0,0,1,NA,200,10,NA,100,10,NA,5,10,No,,Yes,Planting pasture grass,Yes,"Fencing the pasture, Insufficient water well",Yes,Sending,Meat & dairy,1,NA,NA,NA,,,NA,NA,NA,NA,NA,,,NA,NA,NA,NA,NA,NA,,3,30,0,500,400,NA,NA,NA,NA,NA,Yes,Yes,No,,,Increase,Births,1,NA,NA,NA,,,,No,,,Degraded,Medium,No,,No,Yes,Good,,,No,Not important at all,Not important at all,Very important,Very important,Very important,Very important,Moderately important,Very important,Strongly agree,Strongly agree,Strongly agree,Strongly disagree
12/26/23,12/26/23,486,61,Govi-Sumber,Bayantal,Bag 1,,Bilguun,12/26/23,46.5836117 108.2735089 0.0 2900.0,46.5836117,108.2735089,0,2900,5,28,Male,Complete secondary/High school,NA,3,0,0,1,0,0,0,0,0,0,0,0,0,0,0,1,5,,Husband,NA,1,1,NA,NA,NA,NA,NA,NA,NA,NA,NA,NA,"Husband, wife",NA,NA,NA,NA,NA,NA,NA,NA,NA,NA,NA,NA,NA,NA,2,1,2,No,,NA,NA,NA,NA,NA,NA,NA,NA,NA,NA,NA,NA,NA,,,NA,NA,NA,NA,NA,NA,,,,,NA,NA,NA,NA,NA,,No,,No,,No,,,,No,,NA,NA,NA,NA,NA,NA,Yes,No,,,Yes,No,Yes,,,,Yes,Not specified,Soum Culture Center,"Salary, Government allowances",NA,NA,1,1,NA,NA,NA,NA,NA,NA,NA,,Bank,1,2 - 11 mil,2,11,autumn,NA,1,NA,NA,NA,NA,,NA,NA,NA,NA,,father,1,Family,,"2 persons, ages 50",2,Not specified,,0,0,,,0,0,,,"wife, parents",1,1,NA,NA,NA,NA,NA,NA,5,5,3,5,1,,,Yes,Yes,Neutral,Yes,Confident,NA,15,5,15,7,2,1,10,17,NA,No,,No,No,No,No,No,No,No,No,Motorbike,0,0,0,1,Motorbike,0,0,0,1,Motorbike,0,0,0,1,NA,0,0,NA,7,15,NA,7,15,No,,No,,No,,No,,,NA,NA,NA,NA,,,NA,NA,NA,NA,NA,,,NA,NA,NA,NA,NA,NA,No,0,4,27,380,238,0,0,12,80,100,Yes,Yes,No,,,Increase,Births,1,NA,NA,NA,,,,No,,,Degraded,Substantial,No,,Yes,Yes,Good,,,No,Not important at all,Very important,Very important,Very important,Very important,Very important,Slightly important,Very important,Strongly agree,Strongly agree,Strongly agree,Strongly disagree
12/26/23,12/27/23,486,62,Govi-Sumber,Bayantal,Bag 1,????,Nyamdavaa,12/26/23,46.5337345 108.3843949 1278.6999999999998 4.1,46.5337345,108.3843949,1278.7,4.1,5,28,Male,Complete secondary/High school,3,0,0,3,2,0,0,1,0,0,0,0,0,0,0,0,1,2,No,Husband,NA,1,1,NA,NA,NA,NA,NA,NA,NA,NA,NA,NA,Husband,NA,1,1,NA,NA,NA,NA,NA,NA,NA,NA,NA,NA,NA,1,1,1,Yes,"Gone home, School ",1,NA,NA,NA,NA,1,NA,NA,NA,NA,NA,NA,2016,,During school breaks,NA,NA,NA,NA,1,NA,,Yes,Don't know,School for children,1,NA,NA,NA,NA,,No,,No,,No,,,,Yes,Herding,NA,1,NA,NA,NA,NA,Yes,No,,,Yes,No,Yes,,,,No,,,Government allowances,NA,NA,NA,1,NA,NA,NA,NA,NA,NA,NA,,none,0,,NA,NA,winter,1,NA,NA,NA,NA,NA,,NA,NA,NA,NA,,none,0,,,none,0,,,none,0,,,none,0,,,"wifre, children and siblings",NA,1,1,NA,1,NA,NA,NA,3,NA,5,5,1,No,,No,Yes,Agree,No,,20,20,20,3,3,2,2,5,10,3,No,,No,No,No,No,No,No,No,No,,NA,NA,NA,NA,"Horse, Camel, Motorbike",0,1,0,1,"Motorbike, Horse, Camel, Walk",1,1,0,1,20,20,20,20,20,20,20,20,20,No,,No,,No,,Yes,Sending,"Meat & dairy, Cash",1,1,NA,NA,,,NA,NA,NA,NA,NA,,,NA,NA,NA,NA,NA,NA,No,0,8,1,280,600,0,0,0,100,400,Yes,Yes,Yes,Both,Increased vegetation,Increase,Births,1,NA,NA,NA,,,,No,,,Improved,Medium,No,,Yes,Yes,Medium,,,No,Moderately important,Very important,Very important,Very important,Very important,Very important,Very important,Very important,Strongly agree,Generally agree,Strongly agree,Neither agree nor disagree
12/26/23,12/26/23,486,63,Govi-Sumber,Bayantal,Bag 1,???????????,Munkhtuvshin,12/26/23,46.6505583 108.3004367 1249.5 4.9,46.6505583,108.3004367,1249.5,4.9,5,44,Male,Complete secondary/High school,0,NA,0,2,0,0,0,2,2,0,0,0,0,0,0,0,1,4,No,"Unspecified, unspecified",NA,NA,NA,NA,NA,NA,NA,NA,NA,NA,NA,NA,2,"Husband, wife, 3 sons, 3 neighbors",1,4,1,1,3,NA,NA,NA,NA,NA,NA,3,NA,NA,8,3,1,Yes,"Employment, Military",NA,NA,NA,1,NA,NA,NA,NA,NA,NA,NA,1,2015,,During Naadam Other,NA,NA,NA,1,NA,1,Sheep shearing time,No,No,"School for children, Employment",1,NA,NA,1,NA,,Yes,Decreased,Yes,Restrictions to mobility,No,,,,No,,NA,NA,NA,NA,NA,NA,Yes,Yes,Khatanbaatar,Head of the household,Yes,No,No,Yes,Yes,No,Yes,Son,"Employment in construction, metal work (sometimes)","Salary, Crafts, Government allowances, Remits",NA,NA,1,1,NA,NA,1,1,NA,NA,NA,,Bank,2,25 mil,25,25,"Lunar new year, september and during harsh winter ",1,1,1,NA,NA,NA,,NA,NA,NA,NA,,0,0,,,"A brother, age 43, brothers, age 60",3,Family,,0,0,,,"Son, age 25, brothers, age 60",3,Family,,wife and brother in law,NA,1,NA,NA,NA,NA,NA,NA,5,3,4,2,2,No,,Yes,Yes,Agree,No,,5,20,4,10,5,3,3,10,15,10,No,,No,Yes,Yes,No,No,No,No,Yes,"Horse, Camel, Motorbike",0,1,0,1,"Horse, Camel, Motorbike",0,1,0,1,"Horse, Camel, Motorbike",0,1,0,1,7,5,10,8,5,10,8,6,10,Yes,Changed the breeder livestock (male),Yes,"Fence the grazing area, Planting pasture grass",Yes,Fencing the pasture,Yes,Both,"Meat & dairy, Cash",1,1,NA,NA,,"Food, Cash",1,1,NA,NA,NA,,"Vehicle or fuel costs, Supplemental fodder",NA,NA,NA,1,NA,1,No,0,9,50,330,335,0,0,30,186,214,No,Yes,Yes,Both,"Reduced plant species diversity, Desertification, decrease in certain weed ",Increase,Births,1,NA,NA,NA,,,,No,,,Degraded,Medium,Yes,2-Jan,No,Yes,Medium,Decreased,,No,Moderately important,Very important,Very important,Very important,Very important,Very important,Important,Important,Strongly agree,Strongly agree,Strongly agree,Strongly disagree
12/26/23,12/26/23,486,64,Govi-Sumber,Bayantal,Bag 1,,Munkhtuvshin,12/26/23,46.6506383 108.3004883 1247.7 5.0,46.6506383,108.3004883,1247.7,5,6,40,Male,Secondary,3,3,0,0,1,0,0,1,2,0,0,0,0,0,0,0,1,2,No,"Husband, wife",1,1,1,1,NA,NA,NA,NA,NA,NA,NA,NA,NA,"Husband, wife, 3 sons, 3 neighbors",1,4,1,1,3,NA,NA,NA,NA,NA,NA,3,NA,NA,8,2,1,Yes,School,1,NA,NA,NA,NA,NA,NA,NA,NA,NA,NA,NA,2014,,During school breaks,NA,NA,NA,NA,1,NA,,No,Yes,"School for children, University",1,1,NA,NA,NA,,Yes,Decreased,Yes,Herding and Livestock Management,No,,,,No,,NA,NA,NA,NA,NA,NA,Yes,Yes,Bazarkhand,Head of the household,Yes,No,No,Yes,Yes,No,No,,,Government allowances,NA,NA,NA,1,NA,NA,NA,NA,NA,NA,NA,,Bank,1,20 mil,20,20,spring and autumn,NA,1,NA,1,NA,NA,At Community level,NA,1,NA,NA,,0,0,,,0,0,,,0,0,,,0,0,,,"wife, age 40, mother age 65, brother, age 47",1,1,NA,NA,1,NA,NA,NA,5,3,3,1,2,No,,Yes,Yes,Neutral,Yes,Strongly confident,6,10,6,5,3,3,4,10,20,30,No,,No,No,No,No,No,No,No,Yes,"Horse, Camel, Motorbike",0,1,0,1,Motorbike,0,0,0,1,Motorbike,0,0,0,1,15,10,20,15,10,20,15,10,20,No,,Yes,Fencing the pasture,Yes,Financial difficulty,Yes,Sending,"Meat & dairy, Cash",1,1,NA,NA,,,NA,NA,NA,NA,NA,,,NA,NA,NA,NA,NA,NA,No,0,4,70,500,320,0,0,8,254,180,Yes,Yes,Yes,Both,Less vegetation overall,Increase,Births,1,NA,NA,NA,,,,No,,,Degraded,Medium,Yes,2-Jan,Yes,Yes,Good,Decreased,,No,Moderately important,Very important,Very important,Very important,Very important,Important,Important,Very important,Strongly agree,Strongly agree,Strongly agree,Neither agree nor disagree
12/26/23,12/26/23,486,65,Govi-Sumber,Bayantal,Bag 1,,Munkhtuvshin,12/26/23,46.6505887 108.3005994 1220.7 4.95,46.6505887,108.3005994,1220.7,4.95,2,61,Male,Complete secondary/High school,0,0,0,0,0,0,0,0,0,0,0,0,2,0,0,0,0,2,No,"Husband, wife",1,1,1,1,NA,NA,NA,NA,NA,NA,NA,NA,NA,"Husband, wife, 4 younger siblings",1,1,1,1,NA,NA,NA,NA,NA,4,NA,NA,NA,NA,6,2,1,No,,NA,NA,NA,NA,NA,NA,NA,NA,NA,NA,NA,NA,NA,,,NA,NA,NA,NA,NA,NA,,,,,NA,NA,NA,NA,NA,,Yes,Decreased,Yes,Lacking human capacity,No,,,,No,,NA,NA,NA,NA,NA,NA,Yes,Yes,Enkhbayar,Head of the household,Yes,No,No,Yes,Yes,No,No,,,Pension,1,NA,NA,NA,NA,NA,NA,NA,NA,NA,NA,,Bank,1,10 mil,10,10,Winter-fodder,1,NA,NA,NA,NA,NA,,NA,NA,NA,NA,,0,0,,,"A son, age 42,",1,Family,,0,0,,,children,Not specified,Family,,"siblings, age 43&50, wife ",NA,1,NA,NA,1,NA,NA,NA,5,NA,2,4,4,No,,No,Yes,Agree,No,,4,6,3,5,5,3,2,10,20,10,No,,No,Yes,No,No,No,No,No,Yes,Motorbike,0,0,0,1,Motorbike,0,0,0,1,Motorbike,0,0,0,1,20,10,20,10,10,20,10,10,20,No,,No,,No,,No,,,NA,NA,NA,NA,,,NA,NA,NA,NA,NA,,,NA,NA,NA,NA,NA,NA,No,0,0,0,100,123,0,0,0,311,215,No,Yes,Yes,Both,Desertification,Decrease,,NA,NA,NA,NA,,Sold,,No,,,Degraded,Slight,No,,No,Yes,Not enough,,,No,Important,Very important,Very important,Very important,Very important,Moderately important,Important,Important,Strongly agree,Strongly agree,Strongly agree,Strongly agree
12/26/23,12/26/23,486,66,Govi-Sumber,Bayantal,Bag 1,,Munkhtuvshin,12/26/23,46.6060667 108.3275983 1220.4 4.6,46.6060667,108.3275983,1220.4,4.6,3,50,Male,Secondary,0,0,0,0,1,0,0,0,2,0,0,0,0,0,0,0,1,3,No,"Husband, wife, daughter",2,1,1,1,NA,1,1,NA,NA,NA,NA,NA,NA,"Husband, wife, 2 daughters, 2 sons",3,3,1,1,2,2,NA,NA,NA,NA,NA,NA,NA,NA,6,2,1,Yes,Higher Education,NA,NA,1,NA,NA,NA,NA,NA,NA,NA,NA,NA,2015,,During school breaks,NA,NA,NA,NA,1,NA,,No,Yes,University,NA,1,NA,NA,NA,,Yes,Decreased,Yes,Lacking human capacity,No,,,,Yes,Shearing livestock,NA,NA,NA,NA,NA,1,Yes,No,,,Yes,No,No,Yes,No,No,No,,,,NA,NA,NA,NA,NA,NA,NA,NA,NA,NA,NA,,Bank,1,15 mil,15,15,"winter, summer",1,NA,NA,NA,1,NA,,NA,NA,NA,NA,,"a son, age 28",1,Family,,0,0,,,0,0,,,0,0,,,wife and 2 sons,NA,1,1,NA,NA,NA,NA,NA,5,NA,3,3,2,No,,Yes,No,Strongly disagree,Yes,Confident,8,10,6,10,6,2,1,7,14,50,No,,No,No,No,No,No,No,No,Yes,"Horse, Camel, Motorbike",0,1,0,1,"Motorbike, Car",0,0,1,1,"Motorbike, Car",0,0,1,1,12,7,15,12,10,15,8,10,15,No,,Yes,Fence hay-making area,Yes,Fencing the pasture,Yes,Both,"Meat & dairy, Cash",1,1,NA,NA,,"Food, Cash",1,1,NA,NA,NA,,"Vehicle or fuel costs, Husbandry",NA,NA,NA,NA,1,1,No,0,4,11,180,138,0,0,8,80,110,Yes,No,Yes,Both,"Less vegetation overall, More weeds",Increase,Births,1,NA,NA,NA,,,,Yes,Decrease,,Degraded,Medium,No,,No,Yes,Good,,,Yes,Very important,Very important,Very important,Very important,Very important,Very important,Very important,Very important,Strongly agree,Strongly agree,Strongly agree,Neither agree nor disagree
12/28/23,12/28/23,486,67,Govi-Sumber,Bayantal,Bag 1,,Bolor,12/26/23,46 108 0 0,46,108,0,0,6,47,Male,Elementary,4,0,0,3,0,0,0,2,2,0,0,0,0,0,0,0,1,6,No,"Husband, wife, child",1,1,1,1,NA,NA,1,NA,NA,NA,NA,NA,NA,"Husband, wife, child",1,1,1,1,NA,NA,1,NA,NA,NA,NA,NA,NA,NA,6,3,3,Yes,School,1,NA,NA,NA,NA,NA,NA,NA,NA,NA,NA,NA,2014,,During school breaks,NA,NA,NA,NA,1,NA,,No,No,"School for children, Access to services (health care)",1,NA,1,NA,NA,,Yes,Decreased,Yes,Lacking human capacity,Yes,No,Yes,Yes,Yes,Shearing livestock,NA,NA,NA,NA,NA,1,,No,,,Yes,No,No,Yes,Yes,No,No,,,Government allowances,NA,NA,NA,1,NA,NA,NA,NA,NA,NA,NA,,none,0,,NA,NA,"If livestock is weak, prepare fodder in Autumn",NA,1,NA,NA,NA,NA,,NA,NA,NA,NA,,"2 male and 2 females, ages 50",4,Not specified,,"2 male and 4 female, ages 25-50, from soum government ",6,Civic,Soum government,0,0,,,"5 males and 5 females, ages 40 ",10,Not specified,,wife and parents,1,1,NA,NA,NA,NA,NA,NA,NA,NA,4,4,1,Yes,Soum government,Yes,Yes,Neutral,Yes,Neutral,NA,10,5,0.5,0.5,2,3,5,10.5,20,Yes,Outside soum,Yes,Yes,Yes,No,No,No,Yes,Yes,Motorbike,0,0,0,1,"Car , Motorbike",0,0,1,1,"Car, Motorbike",0,0,1,1,50,40,20,NA,10,10,NA,10,10,Yes,Reduced the size of herd,Yes,Develop milk farming,Yes,Inflation,Yes,Both,"Meat & dairy, Cash",1,1,NA,NA,,,NA,NA,NA,NA,NA,,,NA,NA,NA,NA,NA,NA,No,0,560,48,640,78,10,200,70,1000,300,Yes,Yes,Yes,Both,"Less vegetation overall, Less fattening of animals, Less milk production, Disappearance of native plants, more brown grass",Decrease,,NA,NA,NA,NA,,Other,Decreased livestock due to condition of the rangeland,Yes,Decrease,Improve the quality of livestock,No change,,No,,No,Yes,Medium,,,No,Very important,Very important,Very important,Very important,Important,Not important at all,Important,Important,Strongly agree,Strongly agree,Strongly agree,Neither agree nor disagree
12/28/23,12/28/23,486,68,Govi-Sumber,Bayantal,Bag 1,,Bolor,12/26/23,,NA,NA,NA,NA,5,45,Male,Complete secondary/High school,1,0,1,0,2,0,1,1,2,2,0,0,0,0,0,0,1,3,,Husband,NA,1,1,NA,NA,NA,NA,NA,NA,NA,NA,NA,NA,Don't move,0,0,0,0,0,0,0,0,0,0,0,0,0,0,0,0,0,Yes,School,1,NA,NA,NA,NA,NA,NA,NA,NA,NA,NA,NA,2023,,During school breaks,NA,NA,NA,NA,1,NA,,No,Don't know,University,NA,1,NA,NA,NA,,No,,Yes,Household chores not done,No,,,,No,,NA,NA,NA,NA,NA,NA,No,No,,,No,No,No,No,No,No,Yes,Not specified,Retail business,"Salary, Government allowances, Other",NA,NA,1,1,NA,NA,NA,NA,NA,NA,1,Sales,none,0,,NA,NA,autumn,NA,1,NA,NA,NA,NA,,NA,NA,NA,NA,,"1 female, age 43 ",1,Not specified,,"4-5 people, ages 30-40, male ",5,Not specified,,0,0,,,0,0,,,wife and kids,NA,1,1,NA,NA,NA,NA,NA,5,NA,5,5,3,No,,Yes,Yes,Agree,Yes,Strongly confident,NA,6,6,1,1,0,0,0,0,0,No,,No,No,No,No,No,No,No,No,,NA,NA,NA,NA,,NA,NA,NA,NA,"Walk, Car, Motorbike",1,0,1,1,0,0,0,0,0,0,7,7,7,No,,No,,No,,Yes,Both,"Meat & dairy, Cash",1,1,NA,NA,,Technology,NA,NA,NA,1,NA,,,NA,NA,NA,NA,NA,NA,No,0,17,0,180,160,0,0,0,0,0,Yes,Yes,No,,,Increase,Births,1,NA,NA,NA,,,,Yes,Increase,Livelihood improvement,Improved,Medium,No,,Yes,Yes,Not enough,,,No,Moderately important,Very important,Important,Very important,Very important,Slightly important,Slightly important,Slightly important,Strongly agree,Generally agree,Strongly agree,Neither agree nor disagree
12/26/23,12/26/23,487,69,Govi-Sumber,Bayantal,Bag 2,Established a group,Bilguun,12/26/23,46.6235511 108.2678661 1216.8802490234375 4.896,46.6235511,108.2678661,1216.880249,4.896,2,62,Male,Secondary,0,0,0,0,0,0,0,0,NA,0,0,2,0,0,0,0,1,2,,Husband,NA,1,1,NA,NA,NA,NA,NA,NA,NA,NA,NA,NA,Husband. 2 sons,NA,3,1,NA,2,NA,NA,NA,NA,NA,NA,NA,NA,NA,3,1,1,Yes,Marriage,NA,NA,NA,NA,1,NA,NA,NA,NA,NA,NA,NA,1997,,To assist with migration to new camp (seasonal) Monthly,NA,1,1,NA,NA,NA,,Yes,No,Employment,NA,NA,NA,1,NA,,Yes,Decreased,Yes,Workload decreased,No,,,,No,,NA,NA,NA,NA,NA,NA,Yes,Yes,Husband,Husband,Yes,Yes,No,Yes,Yes,Yes,No,,,Pension,1,NA,NA,NA,NA,NA,NA,NA,NA,NA,NA,,none,0,,NA,NA,Winter,1,NA,NA,NA,NA,NA,,NA,NA,NA,NA,,bag governor,1,,,2 children,2,Family,,0,0,,,0,0,,,children and sibling,NA,NA,1,NA,1,NA,NA,NA,5,NA,5,5,1,,,Yes,No,,Yes,Strongly confident,NA,6,3,7,3,3,3,8,30,30,No,,No,No,No,No,No,No,No,No,"Horse, Camel",0,1,0,0,Motorbike,0,0,0,1,Motorbike,0,0,0,1,NA,3,7,NA,6,10,NA,6,10,No,,No,,No,,Yes,Both,Meat & dairy,1,NA,NA,NA,,"Food, Cash, Other",1,1,NA,NA,1,Fodder,"Supplemental fodder, Husbandry, Vehicle or fuel costs",NA,NA,NA,1,1,1,No,0,0,0,189,120,0,0,0,600,300,Yes,Yes,Yes,Both,"Less vegetation overall, Delayed precipitation",Decrease,,NA,NA,NA,NA,,Sold,,No,,,Degraded,Substantial,No,,Yes,Yes,Medium,,,Yes,Very important,Very important,Very important,Very important,Very important,Very important,Very important,Very important,Strongly agree,Strongly agree,Strongly agree,Strongly agree
12/26/23,12/26/23,487,70,Govi-Sumber,Bayantal,Bag 2,,Bilguun,12/26/23,46.620775 108.2532549 1225.350830078125 6.066,46.620775,108.2532549,1225.35083,6.066,2,58,Male,Secondary,0,0,0,0,0,0,0,0,2,0,0,0,0,0,0,0,1,2,,Husband,NA,1,1,NA,NA,NA,NA,NA,NA,NA,NA,NA,NA,"Husband, wife",1,1,1,1,NA,NA,NA,NA,NA,NA,NA,NA,NA,NA,2,1,1,Yes,Marriage,NA,NA,NA,NA,1,NA,NA,NA,NA,NA,NA,NA,2013,,During Naadam,NA,NA,NA,1,NA,NA,,Yes,No,Employment,NA,NA,NA,1,NA,,Yes,Decreased,No,,No,,,,No,,NA,NA,NA,NA,NA,NA,Yes,Yes,Husband,Husband,Yes,No,Yes,,,,No,,,Pension,1,NA,NA,NA,NA,NA,NA,NA,NA,NA,NA,,Bank,1,10 mil,10,10,Winter-fodder,1,NA,NA,NA,NA,NA,Local party,NA,NA,NA,1,,0,0,,,0,0,,,0,0,,,,,,,wife and children,NA,1,1,NA,NA,NA,NA,NA,3,NA,5,NA,1,,,No,,,Yes,Not very confident,NA,6,4,6,4,1,1,5,10,NA,No,,No,No,No,No,No,No,No,No,Motorbike,0,0,0,1,Motorbike,0,0,0,1,"Motorbike, Car",0,0,1,1,NA,0,0,NA,3,6,NA,3,6,No,,Yes,Planting pasture grass,No,,Yes,Both,Meat & dairy,1,NA,NA,NA,,"Food, Cash",1,1,NA,NA,NA,,"Husbandry, Vehicle or fuel costs",NA,NA,NA,NA,1,1,No,0,7,0,180,270,0,3,0,150,150,Yes,Yes,No,,,The same,,NA,NA,NA,NA,,,,No,,,Degraded,Slight,No,,Yes,Yes,Medium,,,No,Very important,Very important,Very important,Very important,Very important,Very important,Moderately important,Very important,Strongly agree,Strongly agree,Strongly agree,Neither agree nor disagree
12/26/23,12/27/23,487,71,Govi-Sumber,Bayantal,Bag 2,????,Nyamdavaa,12/26/23,46.5573505 108.3160935 1248.1999999999998 4.96,46.5573505,108.3160935,1248.2,4.96,7,40,Male,Secondary,5,3,1,1,0,0,0,0,0,0,0,0,0,0,0,0,1,7,No,"Husband, sibling, child, child, child",NA,1,1,NA,NA,NA,1,NA,NA,NA,NA,NA,NA,"Husband, wife",1,1,1,1,NA,NA,NA,NA,NA,NA,NA,NA,NA,NA,2,1,1,Yes,School,1,NA,NA,NA,NA,NA,NA,NA,NA,NA,NA,NA,2023,,During school breaks,NA,NA,NA,NA,1,NA,,No,Don't know,School for children,1,NA,NA,NA,NA,,No,,No,,No,,,,No,,NA,NA,NA,NA,NA,NA,No,No,,,Yes,No,Yes,,,,Yes,Not specified,Commercial service,"Salary, Government allowances",NA,NA,1,1,NA,NA,NA,NA,NA,NA,NA,,Bank,1,10 mil,10,10,winter,1,NA,NA,NA,NA,NA,,NA,NA,NA,NA,,none,0,,,none,0,,,none,0,,,none,0,,,"wife, and siblings",NA,1,NA,NA,1,NA,NA,NA,2,1,5,5,1,No,,Yes,No,,No,,15,15,15,5,5,2,2,4,8,4,No,,No,Yes,Yes,No,No,No,No,Yes,Motorbike,0,0,0,1,Motorbike,0,0,0,1,Motorbike,0,0,0,1,15,15,15,15,15,15,15,15,15,No,,Yes,Increase the herd size,Yes,Fencing the pasture,Yes,Sending,"Meat & dairy, Cash",1,1,NA,NA,,,NA,NA,NA,NA,NA,,,NA,NA,NA,NA,NA,NA,No,0,4,20,70,230,0,6,0,30,90,Yes,Yes,Yes,Both,Overgrazing,Increase,Births,1,NA,NA,NA,,,,Yes,Increase,Livelihood improvement,No change,,No,,Yes,Yes,Medium,,,Yes,Very important,Very important,Very important,Very important,Very important,Very important,Very important,Very important,Strongly agree,Strongly agree,Strongly agree,Neither agree nor disagree
12/26/23,12/26/23,482,72,Govi-Sumber,Sumber,Bag 3,,Bilguun,12/26/23,46.4144563 108.5100709 1249.3951416015625 4.787,46.4144563,108.5100709,1249.395142,4.787,2,38,Male,Secondary,0,0,0,0,0,0,0,0,0,0,0,0,1,0,0,0,2,2,No,"Husband, son",NA,2,1,NA,1,NA,1,NA,NA,NA,NA,NA,NA,Son,NA,1,NA,NA,1,NA,NA,NA,NA,NA,NA,NA,NA,NA,2,1,1,No,,NA,NA,NA,NA,NA,NA,NA,NA,NA,NA,NA,NA,NA,,Other,NA,NA,NA,NA,NA,1,Annually,,,Employment,NA,NA,NA,1,NA,,No,,No,,No,,,,No,,NA,NA,NA,NA,NA,NA,Yes,No,,,No,No,Yes,,,,No,,,Pension,1,NA,NA,NA,NA,NA,NA,NA,NA,NA,NA,,Bank,1,"1,5 mil",1.5,1.5,winter,1,NA,NA,NA,NA,NA,Local party,NA,NA,NA,1,,0,0,,,7 children,7,Family,,0,0,,,0,0,,,children,NA,NA,1,NA,NA,NA,NA,NA,5,NA,5,3,1,,,Yes,Yes,Strongly agree,Yes,Strongly confident,NA,2,2,1,1,1,1,1,2,40,No,,No,No,No,No,No,No,No,No,"Horse, Camel",0,1,0,0,Motorbike,0,0,0,1,"Car, Motorbike",0,0,1,1,NA,2,2,NA,2,2,2,2,2,No,,No,,No,,Yes,Both,"Cash, Meat & dairy",1,1,NA,NA,,"Food, Cash",1,1,NA,NA,NA,,"Vehicle or fuel costs, Supplemental fodder",NA,NA,NA,1,NA,1,No,0,33,0,113,110,0,5,2,290,160,Yes,Yes,No,,,The same,,NA,NA,NA,NA,,,,No,,,Degraded,Slight,No,,No,Yes,Medium,,,No,Very important,Very important,Very important,Very important,Very important,Very important,Moderately important,Important,Strongly agree,Strongly agree,Strongly agree,Generally agree
12/27/23,12/27/23,482,73,Govi-Sumber,Sumber,Bag 3,,Munkhtur,12/27/23,,NA,NA,NA,NA,2,19,Male,No education,0,0,0,0,1,0,0,0,0,0,0,0,0,NA,NA,0,2,5,Yes,"Husband, wife",1,1,1,1,NA,NA,NA,NA,NA,NA,NA,NA,NA,"Husband, wife",1,1,1,1,NA,NA,NA,NA,NA,NA,NA,NA,NA,NA,2,1,1,No,,NA,NA,NA,NA,NA,NA,NA,NA,NA,NA,NA,NA,NA,,,NA,NA,NA,NA,NA,NA,,,,,NA,NA,NA,NA,NA,,No,,No,,No,,,,No,,NA,NA,NA,NA,NA,NA,No,No,,,Yes,No,No,No,No,No,No,,,,NA,NA,NA,NA,NA,NA,NA,NA,NA,NA,NA,,none,0,,NA,NA,year round,NA,NA,NA,NA,NA,1,,NA,NA,NA,NA,,none,0,,,none,0,,,none,0,,,none,0,,,"wife, father, mother ",1,1,NA,NA,NA,NA,NA,NA,5,1,3,3,1,No,,No,No,Strongly disagree,No,,2,2,2,2,2,2,1,2,2,0,No,,No,No,No,No,No,No,No,No,,NA,NA,NA,NA,,NA,NA,NA,NA,"Horse, Camel, Motorbike",0,1,0,1,0,0,0,0,0,0,2,2,2,No,,No,,No,,No,,,NA,NA,NA,NA,,,NA,NA,NA,NA,NA,,,NA,NA,NA,NA,NA,NA,No,0,3,3,25,25,0,0,0,0,0,Yes,Yes,Yes,Both,Shorter/sparser vegetation,The same,,NA,NA,NA,NA,,,,Yes,Increase,,No change,,No,,,Yes,Not enough,,,No,Very important,Very important,Very important,Very important,Very important,Very important,Very important,Very important,Strongly agree,Strongly agree,Strongly agree,Strongly disagree
12/26/23,12/26/23,483,74,Govi-Sumber,Sumber,Bag 4,??????? ????? ?????,Tungalag,12/26/23,46.2460768 108.4161401 1154.0 4.916,46.2460768,108.4161401,1154,4.916,4,52,Male,Complete secondary/High school,1,0,0,0,0,0,0,1,1,0,0,0,0,0,0,0,1,2,No,"Husband, wife, child, child, child, child",1,1,1,1,NA,NA,4,NA,NA,NA,NA,NA,NA,"Husband, wife, daughter, son-in-law",2,2,1,1,1,1,NA,NA,NA,NA,NA,NA,NA,NA,4,3,3,Yes,Higher Education,NA,NA,1,NA,NA,NA,NA,NA,NA,NA,NA,NA,2023,September,During school breaks,NA,NA,NA,NA,1,NA,,No,Don't know,University,NA,1,NA,NA,NA,,Yes,Decreased,No,,No,,,,No,,NA,NA,NA,NA,NA,NA,Yes,Yes,Husband,Husband,Yes,No,No,Yes,Yes,No,No,,,"Government allowances, Other",NA,NA,NA,1,NA,NA,NA,NA,NA,NA,1,Disability allowance,Bank,1,6 -10 mil,6,10,Autumn- student tuition fee payment and buying fodder,NA,1,NA,NA,NA,NA,At Community level,NA,1,NA,NA,,0,0,,,"children 2 persons, ages 28 and 29",2,Family,,0,0,,,0,0,,,"2 siblings, ages 60, in the aimag",NA,NA,NA,NA,1,NA,NA,NA,1,3,4,3,4,Yes,Soum school,Yes,Yes,Neutral,Yes,Confident,NA,10,6,8,5,2,3,2.5,7,3.5,No,,No,No,No,No,No,No,No,Yes,"Car, Motorbike",0,0,1,1,"Motorbike, Car",0,0,1,1,"Car, Motorbike",0,0,1,1,NA,8,10,NA,8,10,NA,8,10,Yes,Fencing the pasture,Yes,"Fence needlegrass, Dig for water",Yes,"Financial difficulty, Lacking human capacity",Yes,Sending,"Meat & dairy, Cash",1,1,NA,NA,,,NA,NA,NA,NA,NA,,,NA,NA,NA,NA,NA,NA,No,0,16,7,155,145,0,3,0,400,400,Yes,Yes,Yes,Both,"Shorter/sparser vegetation,  Less nutritious plants",Decrease,,NA,NA,NA,NA,,Drought-related death,,No,,,Degraded,Substantial,No,,No,No,Medium,,,No,Important,Moderately important,Important,Important,Important,Important,Important,Important,Generally agree,Strongly agree,Generally agree,Strongly disagree
12/26/23,12/26/23,483,75,Govi-Sumber,Sumber,Bag 4,Munhzaya Cooperative,Tungalag,12/26/23,,NA,NA,NA,NA,6,48,Male,Complete secondary/High school,0,0,3,0,0,0,2,1,1,0,0,0,0,0,0,0,2,7,No,Brother-in-law,NA,1,NA,NA,NA,NA,NA,NA,NA,1,NA,NA,NA,"Husband, wife, father-in-law",1,2,1,1,NA,NA,NA,NA,NA,NA,NA,NA,NA,1,3,2,2,Yes,"Employment, Look after children",NA,NA,NA,NA,NA,NA,1,NA,NA,NA,NA,NA,2020,,Monthly,NA,1,NA,NA,NA,NA,,No,No,Employment,NA,NA,NA,1,NA,,Yes,Decreased,No,,No,,,,No,,NA,NA,NA,NA,NA,NA,Yes,Yes,Son in Law,Son,Yes,No,Yes,,,,Yes,Son-in-law,Employment in mining,"Salary, Government allowances",NA,NA,1,1,NA,NA,NA,NA,NA,NA,NA,,Bank,1,15 mil,15,15,Winter-fodder,1,NA,NA,NA,NA,NA,,NA,NA,NA,NA,,son in law and daughter,2,Family,,0,0,,,0,0,,,0,0,,,"daughter, son in law",NA,NA,1,NA,NA,1,NA,NA,2,NA,2,1,1,No,,Yes,Yes,Disagree,No,,NA,20,10,20,5,2,2,5,10,5,No,,No,No,No,No,No,No,No,Yes,,NA,NA,NA,NA,"Car, Motorbike",0,0,1,1,"Walk, Horse, Camel",1,1,0,0,NA,5,15,NA,5,15,NA,5,15,No,,Yes,Planting pasture grass,Yes,Financial difficulty,Yes,Both,Meat & dairy,1,NA,NA,NA,,Food,1,NA,NA,NA,NA,,,NA,NA,NA,NA,NA,NA,No,0,7,3,120,150,0,6,2,80,100,Yes,Yes,Yes,Quantity,Shorter/sparser vegetation,Increase,Births,1,NA,NA,NA,,,,No,,,Degraded,Medium,No,,Yes,Yes,Medium,,,Yes,Very important,Very important,Very important,Very important,Slightly important,Very important,Important,Important,Strongly agree,Strongly agree,Strongly agree,Neither agree nor disagree
12/26/23,12/26/23,483,76,Govi-Sumber,Sumber,Bag 4,Ulaan Us Group,Bilguun,12/26/23,46.4440518 108.541013 1322.43408203125 4.754,46.4440518,108.541013,1322.434082,4.754,5,45,Male,Complete secondary/High school,0,3,0,0,0,0,0,0,0,1,0,0,0,NA,NA,NA,1,5,,Husband,NA,1,1,NA,NA,NA,NA,NA,NA,NA,NA,NA,NA,"Husband, wife, 3 children",1,1,1,1,NA,NA,3,NA,NA,NA,NA,NA,NA,NA,5,1,1,Yes,School,1,NA,NA,NA,NA,NA,NA,NA,NA,NA,NA,NA,2017,,Weekly,1,NA,NA,NA,NA,NA,,No,Yes,School for children,1,NA,NA,NA,NA,,Yes,Decreased,Yes,Herding and Livestock Management,No,,,,No,,NA,NA,NA,NA,NA,NA,Yes,Yes,Husband,Husband,Yes,No,Yes,,,,No,,,Government allowances,NA,NA,NA,1,1,NA,NA,NA,NA,NA,NA,,Bank,1,20 mil,20,20,Autumn-school year starts,NA,1,NA,NA,NA,NA,Local party,NA,NA,NA,1,,"3 persons, ages 40, female, and male ",3,Not specified,,"1 person, ages 45 , male",1,Not specified,,,,,,1,1,Not specified,,"wife, and siblings",NA,1,NA,NA,1,NA,NA,NA,5,5,5,5,5,,,Yes,Yes,Strongly agree,Yes,Strongly confident,NA,10,100,10,4,2,2,5,10,5,No,,No,No,No,No,No,No,No,No,"Horse, Camel, Motorbike, Car",0,1,1,1,"Horse, Camel, Car, Motorbike",0,1,1,1,"Horse, Camel, Car, Motorbike, Walk",1,1,1,1,NA,4,10,NA,4,10,NA,4,10,No,,Yes,Fence needlegrass,No,,Yes,Sending,"Cash, Meat & dairy",1,1,NA,NA,,,NA,NA,NA,NA,NA,,,NA,NA,NA,NA,NA,NA,,0,31,35,250,250,0,0,1,250,250,Yes,Yes,Yes,Both,Less nutritious plants,Increase,"Births, Purchased more",1,1,NA,NA,,,,No,,,Degraded,Medium,No,,Yes,Yes,Good,,,No,Very important,Very important,Very important,Very important,Very important,Very important,Very important,Very important,Strongly agree,Strongly agree,Strongly agree,Strongly agree
12/27/23,12/27/23,483,77,Govi-Sumber,Sumber,Bag 4,,Batdorj,12/26/23,,NA,NA,NA,NA,2,49,Male,Complete secondary/High school,NA,NA,NA,NA,NA,NA,NA,NA,1,NA,NA,NA,1,NA,NA,NA,2,4,No,"Husband, wife",1,1,1,1,NA,NA,NA,NA,NA,NA,NA,NA,NA,"Husband, wife",1,1,1,1,NA,NA,NA,NA,NA,NA,NA,NA,NA,NA,2,24,1,No,,NA,NA,NA,NA,NA,NA,NA,NA,NA,NA,NA,NA,NA,,,NA,NA,NA,NA,NA,NA,,,,,NA,NA,NA,NA,NA,,No,,No,,No,,,,No,,NA,NA,NA,NA,NA,NA,No,No,,,Yes,No,Yes,,,,No,,,"Pension, Herding lsk from other household",1,1,NA,NA,NA,NA,NA,NA,NA,NA,NA,,Bank,1,5-13mil,5,13,Winter,1,NA,NA,NA,NA,NA,,NA,NA,NA,NA,,None,0,,,none,0,,,none,0,,,none,0,,,husband and children,NA,1,1,NA,NA,NA,NA,NA,5,NA,4,4,3,No,,Yes,No,,Yes,Confident,NA,6,3,5,3,3,3,14,42,80,Yes,Inside soum,No,No,No,No,No,No,Yes,No,"Horse, Camel, Motorbike",0,1,0,1,"Motorbike, Horse, Camel",0,1,0,1,Motorbike,0,0,0,1,5,3,5,NA,3,5,NA,1,5,Yes,Provided more fodder,No,,Yes,"Fencing the pasture, Lacking adequate land for activities",Yes,Sending,"Meat & dairy, Cash",1,1,NA,NA,,,NA,NA,NA,NA,NA,,,NA,NA,NA,NA,NA,NA,No,0,32,6,150,130,0,15,2,210,200,Yes,Yes,Yes,Quantity,Less vegetation overall,Decrease,,NA,NA,NA,NA,,Sold,,No,,,Degraded,Medium,No,,Yes,Yes,Good,,,No,Important,Very important,Very important,Very important,Very important,Very important,Very important,Very important,Strongly agree,Strongly agree,Strongly agree,Neither agree nor disagree
12/27/23,12/27/23,483,78,Govi-Sumber,Sumber,Bag 4,No,Batdorj,12/26/23,,NA,NA,NA,NA,5,63,Male,Elementary,1,NA,NA,1,2,NA,NA,2,NA,NA,NA,NA,2,NA,NA,NA,3,5,Yes,Husband,NA,1,1,NA,NA,NA,NA,NA,NA,NA,NA,NA,NA,"Husband, wife, child",1,1,1,1,NA,NA,1,NA,NA,NA,NA,NA,NA,NA,3,2,1,Yes,"School, Kindergarten",1,1,NA,NA,NA,NA,NA,NA,NA,NA,NA,NA,2015,,Other,NA,NA,NA,NA,NA,1,Lunar new year,Yes,Don't know,"University, Employment",NA,1,NA,1,NA,,No,,No,,No,,,,No,,NA,NA,NA,NA,NA,NA,Yes,Yes,Head of the household,Head of the household,Yes,No,Yes,,,,No,,,"Pension, Government allowances",1,NA,NA,1,NA,NA,NA,NA,NA,NA,NA,,Bank,2-Jan,1-2 mil,1,2,Autum and winter,1,1,NA,NA,NA,NA,,NA,NA,NA,NA,,"1 person, age 35 ",1,Not specified,,"1 person, age 35, works as bag governor",1,Civic,,"son, age 35, in UB",1,Family,,"son, age 35, in UB",1,Family,,"wife, children and sibling",NA,1,1,NA,1,NA,NA,NA,5,NA,4,4,5,No,,No,No,,No,,4,5,3,5,3,2,3,5,15,50,No,,No,Yes,Yes,No,No,No,No,No,"Horse, Camel",0,1,0,0,"Horse, Camel, Motorbike",0,1,0,1,"Horse, Camel, Motorbike",0,1,0,1,NA,3,5,NA,3,5,3,3,5,No,,No,,Yes,"Financial difficulty, Lack of materials, Fencing the pasture",Yes,Both,"Meat & dairy, Cash",1,1,NA,NA,,"Food, Cash, Other",1,1,NA,NA,1,Fodder,"Supplemental fodder, Husbandry, Vehicle or fuel costs",NA,NA,NA,1,1,1,No,0,3,1,0,0,0,9,39,300,300,Yes,Yes,Yes,Both,"Less vegetation overall, Less nutritious plants",Decrease,,NA,NA,NA,NA,,Other,After the children left we slaughtered the animals,No,,,Degraded,Medium,No,,No,Yes,Good,,,No,Important,Very important,Very important,Very important,Important,Very important,Very important,Very important,Strongly agree,Strongly agree,Strongly agree,Neither agree nor disagree
12/27/23,12/27/23,483,79,Govi-Sumber,Sumber,Bag 4,,Batdorj,12/26/23,,NA,NA,NA,NA,3,34,Male,Complete secondary/High school,1,NA,NA,NA,0,NA,NA,NA,2,NA,NA,NA,NA,NA,NA,NA,3,5,Yes,"Husband, wife",1,1,1,1,NA,NA,NA,NA,NA,NA,NA,NA,NA,"Husband, wife, child",1,1,1,1,NA,NA,1,NA,NA,NA,NA,NA,NA,NA,5,2,0,No,,NA,NA,NA,NA,NA,NA,NA,NA,NA,NA,NA,NA,NA,,,NA,NA,NA,NA,NA,NA,,,,,NA,NA,NA,NA,NA,,No,,No,,No,,,,Yes,Shearing livestock,NA,NA,NA,NA,NA,1,Yes,Yes,Head of the household,Head of the household,Yes,Yes,No,Yes,No,No,Yes,Wife,Assistant teacher at kindergarten,Salary,NA,NA,1,NA,NA,NA,NA,NA,NA,NA,NA,,Bank,1,5-10 mil,5,10,winter,1,NA,NA,NA,NA,NA,,NA,NA,NA,NA,,none,0,,,none,0,,,none,0,,,none,0,,,wife and parents,1,1,NA,NA,NA,NA,NA,NA,5,5,5,5,5,No,,Yes,Yes,Strongly agree,Yes,Strongly confident,5,5,3,6,3,2,2,2,4,70,No,,No,No,No,Yes,Yes,No,No,Yes,"Horse, Camel, Motorbike",0,1,0,1,"Horse, Camel, Motorbike",0,1,0,1,"Horse, Camel, Motorbike",0,1,0,1,10,10,10,10,10,10,10,10,10,Yes,"Save winter and spring pasture, use summer pasture freely",Yes,Fence needlegrass,Yes,Financial difficulty,No,,,NA,NA,NA,NA,,,NA,NA,NA,NA,NA,,,NA,NA,NA,NA,NA,NA,Yes,0,0,36,124,76,0,10,25,150,110,Yes,Yes,Yes,Both,Less vegetation overall,The same,,NA,NA,NA,NA,,,,No,,,No change,,No,,No,No,Good,,,No,Important,Important,Important,Very important,Very important,Very important,Very important,Very important,Strongly agree,Strongly agree,Strongly agree,Strongly agree
12/26/23,12/27/23,483,80,Govi-Sumber,Sumber,Bag 4,??????? ????? ??,Odonchimeg,12/26/23,46.2752771 108.4504481 1185.0 4.75,46.2752771,108.4504481,1185,4.75,4,65,Male,Elementary,1,1,NA,NA,1,1,0,0,0,0,0,0,1,1,0,0,3,7,No,"Husband, neighbor, neighbor",NA,1,NA,NA,NA,NA,NA,NA,NA,NA,NA,2,NA,"Household head, herder children's families",NA,1,1,NA,NA,NA,NA,NA,NA,NA,NA,NA,NA,NA,2,1,3,Yes,Look after children,NA,NA,NA,NA,NA,NA,1,NA,NA,NA,NA,NA,NA,September,Weekly Monthly,1,1,NA,NA,NA,NA,,No,Yes,"School for children, Access to services (health care)",1,NA,1,NA,NA,,Yes,Decreased,Yes,Neighbors helping out,No,,,,No,,NA,NA,NA,NA,NA,NA,Yes,Yes,Head of the household,Head of the household,Yes,No,Yes,,,,Yes,Daughter,employment in Environmental Agency,"Pension, Salary, Government allowances",1,NA,1,1,NA,NA,NA,NA,NA,NA,NA,,Bank,1,5-6mil,5,6,autumn-fodder,NA,1,NA,NA,NA,NA,At Bag/Soum level,1,NA,NA,NA,,none,0,,,soum govt provides fodder,0,,Soum government,none,0,,,none,0,,,wife and 5 children,NA,1,1,NA,NA,NA,NA,NA,5,5,1,1,4,No,,Yes,Yes,Agree,Yes,Confident,4,7,4,7,4,4,5,25,40,50,Yes,Inside soum,Yes,No,No,No,No,No,No,Yes,"Horse, Camel",0,1,0,0,Motorbike,0,0,0,1,"Car, Motorbike",0,0,1,1,7,5,7,5,5,5,5,5,5,Yes,Rotational grazing,Yes,Fencing the pasture,Yes,Environmental pollution and threats to humans/animals imposed by fluorspar mining,Yes,Both,Meat & dairy,1,NA,NA,NA,,"Food, Cash, Other",1,1,NA,NA,1,Petrol,Vehicle or fuel costs,NA,NA,NA,NA,NA,1,No,0,16,4,200,200,0,30,50,800,600,Yes,Yes,Yes,Both,"Less vegetation overall, More weeds, Fewer native plants",Decrease,,NA,NA,NA,NA,,Gave away as gift,,Yes,Decrease,Pasture degradation,Degraded,Substantial,Yes,Don't know,Yes,Yes,Good,No change,,Yes,Very important,Very important,Very important,Very important,Very important,Very important,Very important,Very important,Strongly agree,Strongly agree,Strongly agree,Neither agree nor disagree
12/26/23,12/27/23,483,81,Govi-Sumber,Sumber,Bag 4,,Odonchimeg,12/26/23,46.2247749 108.4314882 1107.9 8.28,46.2247749,108.4314882,1107.9,8.28,3,48,Female,Secondary,0,0,0,0,1,0,0,0,1,0,0,0,0,0,0,0,2,7,No,"Husband, wife",1,1,1,1,NA,NA,NA,NA,NA,NA,NA,NA,NA,"Husband, wife",1,1,1,1,NA,NA,NA,NA,NA,NA,NA,NA,NA,NA,2,1,1,No,,NA,NA,NA,NA,NA,NA,NA,NA,NA,NA,NA,NA,NA,,,NA,NA,NA,NA,NA,NA,,,,,NA,NA,NA,NA,NA,,Yes,Decreased,No,,No,,,,No,,NA,NA,NA,NA,NA,NA,No,No,,,Yes,No,No,Yes,No,No,Yes,Son,Studies in Japan,,NA,NA,NA,NA,NA,NA,NA,NA,NA,NA,NA,,Bank,1,3-7mil,3,7,winter,1,NA,NA,NA,NA,NA,,NA,NA,NA,NA,,none,0,,,"relatives 2 persons, lives nearby",2,Family,,"parents, ages 70, live in dundgobi",2,Family,,"Son in Japan and son in another soum, ages 20-30",2,Family,,husband and 2 sons,NA,1,1,NA,NA,NA,NA,NA,5,NA,3,3,1,No,,Yes,Yes,Strongly agree,Yes,Neutral,7,10,7,3,2,2,1,1,3,80,No,,Yes,No,No,Yes,No,No,No,Yes,Motorbike,0,0,0,1,Motorbike,0,0,0,1,"Motorbike, Car",0,0,1,1,5,3,10,5,3,5,5,3,5,Yes,Reduced the herd size,Yes,"Reduced the herd size, Maintain the bigger animals ",No,,Yes,Both,Meat & dairy,1,NA,NA,NA,,Cash,NA,1,NA,NA,NA,,"Vehicle or fuel costs, Supplemental fodder",NA,NA,NA,1,NA,1,Yes,0,23,87,200,200,0,17,80,300,200,Yes,Yes,Yes,Both,"Shorter/sparser vegetation, Desertification",Decrease,,NA,NA,NA,NA,,Sold,,Yes,Decrease,"Pasture degradation, Lacking human capacity",Degraded,Medium,No,,Yes,Yes,Medium,,,Yes,Slightly important,Very important,Very important,Very important,Moderately important,Very important,Very important,Moderately important,Strongly agree,Strongly agree,Strongly agree,Generally agree
12/26/23,12/27/23,483,82,Govi-Sumber,Sumber,Bag 4,??????? ????? ?? ?????? ????? ???? ??????? ??????? ?????? ???,Nyamdavaa,12/26/23,46.294987 108.39339 1167.4 4.9,46.294987,108.39339,1167.4,4.9,2,57,Male,College/University,0,0,0,0,0,0,0,0,2,0,0,0,0,0,0,0,1,2,No,"Husband, wife",1,1,1,1,NA,NA,NA,NA,NA,NA,NA,NA,NA,"Husband, wife",1,1,1,1,NA,NA,NA,NA,NA,NA,NA,NA,NA,NA,2,5,1,No,,NA,NA,NA,NA,NA,NA,NA,NA,NA,NA,NA,NA,NA,,,NA,NA,NA,NA,NA,NA,,,,,NA,NA,NA,NA,NA,,No,,No,,Yes,No,Yes,Yes,No,,NA,NA,NA,NA,NA,NA,Yes,Yes,Head of the household,Head of the household,Yes,No,No,Yes,Yes,No,No,,,Pension,1,NA,NA,NA,NA,NA,NA,NA,NA,NA,NA,,none,0,,NA,NA,Lunar new year,NA,NA,1,NA,NA,NA,At Community level At Bag/Soum level  Local party,1,1,NA,1,,none,0,,,none,0,,,none,0,,,none,0,,,wife and children,NA,1,1,NA,NA,NA,NA,NA,5,5,3,4,1,Yes,People's party,Yes,Yes,Neutral,Yes,Confident,15,15,10,5,4,3,5,8,40,3,Yes,Inside soum,No,No,No,No,No,No,No,No,Motorbike,0,0,0,1,Motorbike,0,0,0,1,"Horse, Camel,Motorbike",0,1,0,1,10,8,12,10,8,12,10,8,12,Yes,Fencing the pasture,Yes,"Reduced the herd size, sell out the lambs",Yes,Lack of solidarity,No,,,NA,NA,NA,NA,,,NA,NA,NA,NA,NA,,,NA,NA,NA,NA,NA,NA,No,0,35,1,250,75,0,25,10,500,300,Yes,Yes,Yes,Both,"Shorter/sparser vegetation, Reduced plant species diversity",Decrease,,NA,NA,NA,NA,,Sold,,Yes,Decrease,transition to intensive husbandry,Degraded,Medium,No,,Yes,Yes,Good,,,Yes,Very important,Very important,Very important,Very important,Very important,Very important,Very important,Very important,Strongly agree,Generally agree,Strongly agree,Strongly disagree
12/26/23,12/27/23,483,83,Govi-Sumber,Sumber,Bag 4,????,Nyamdavaa,12/26/23,46.2269324 108.4033288 1155.9 4.9,46.2269324,108.4033288,1155.9,4.9,3,54,Male,Secondary,0,0,0,0,1,0,0,1,2,0,0,0,0,0,0,1,1,2,No,"Husband, wife",1,1,1,1,NA,NA,NA,NA,NA,NA,NA,NA,NA,"Husband, wife",1,1,1,1,NA,NA,NA,NA,NA,NA,NA,NA,NA,NA,2,1,1,Yes,School,1,NA,NA,NA,NA,NA,NA,NA,NA,NA,NA,NA,2022,,During school breaks,NA,NA,NA,NA,1,NA,,No,Don't know,University,NA,1,NA,NA,NA,,Yes,Decreased,Yes,Lacking human capacity,No,,,,No,,NA,NA,NA,NA,NA,NA,Yes,Yes,Head of the household,Head of the household,Yes,No,Yes,,,,No,,,,NA,NA,NA,NA,NA,NA,NA,NA,NA,NA,NA,,none,0,,NA,NA,winter,1,NA,NA,NA,NA,NA,,NA,NA,NA,NA,,none,0,,,none,0,,,none,0,,,none,0,,,"wife, son and sibling",NA,1,1,NA,1,NA,NA,NA,5,1,5,3,1,No,,Yes,No,,Yes,Confident,20,20,20,10,10,0,0,0,0,0,No,,No,No,No,No,No,No,No,No,Motorbike,0,0,0,1,Motorbike,0,0,0,1,Motorbike,0,0,0,1,0,20,20,20,20,20,20,20,20,No,,No,,No,,Yes,Sending,"Meat & dairy, Cash",1,1,NA,NA,,,NA,NA,NA,NA,NA,,,NA,NA,NA,NA,NA,NA,No,0,14,0,370,180,0,2,0,50,20,Yes,Yes,Yes,Both,"Less vegetation overall, Reduced plant species diversity",Increase,Births,1,NA,NA,NA,,,,No,,,Degraded,Slight,No,,Yes,Yes,Medium,,,No,Important,Very important,Very important,Very important,Very important,Very important,Very important,Very important,Strongly agree,Strongly agree,Strongly agree,Neither agree nor disagree
12/26/23,12/26/23,483,84,Govi-Sumber,Sumber,Bag 4,,Munkhtuvshin,12/26/23,46.4253017 108.50614 1266.5 4.5,46.4253017,108.50614,1266.5,4.5,6,52,Male,Complete secondary/High school,3,0,3,0,0,0,0,1,2,0,0,0,0,0,0,0,1,6,No,"Unspecified, unspecified",NA,NA,NA,NA,NA,NA,NA,NA,NA,NA,NA,NA,2,"Husband, wife, 3 children",1,1,1,1,NA,NA,3,NA,NA,NA,NA,NA,NA,NA,5,2,3,Yes,"School, Kindergarten",1,1,NA,NA,NA,NA,NA,NA,NA,NA,NA,NA,2014,,During school breaks,NA,NA,NA,NA,1,NA,,No,Yes,"School for children, Other",1,NA,NA,NA,1,army,Yes,Decreased,Yes,Restrictions to mobility,No,,,,Yes,Livestock care,NA,NA,NA,1,NA,NA,Yes,Yes,Altankhairzag,Head of the household,Yes,No,Yes,,,,No,,,"Government allowances, Remits",NA,NA,NA,1,NA,NA,1,NA,NA,NA,NA,,none,0,,NA,NA,"lunar new year, december",1,NA,1,NA,NA,NA,At Community level,NA,1,NA,NA,,0,0,,,0,0,,,0,0,,,0,0,,,"sibling, age 49, ",NA,NA,NA,NA,1,NA,NA,NA,1,2,1,1,3,No,,Yes,Yes,Strongly agree,Yes,Confident,4,6,3,3,2,5,3,9,12,60,No,,Yes,No,No,No,No,No,No,Yes,"Horse, Camel",0,1,0,0,Motorbike,0,0,0,1,"Car, Motorbike",0,0,1,1,4,5,10,6,15,5,6,3,6,Yes,Rotational grazing,Yes,Fence needlegrass,Yes,Lacking human capacity,Yes,Sending,"Meat & dairy, Cash",1,1,NA,NA,,,NA,NA,NA,NA,NA,,,NA,NA,NA,NA,NA,NA,No,0,14,6,1000,450,0,0,3,800,216,Yes,Yes,Yes,Both,"Less vegetation overall, More weeds, Reduced plant species diversity",Increase,Births,1,NA,NA,NA,,,,Yes,Decrease,,Degraded,Substantial,Yes,2-Jan,No,No,Medium,Increased,Slight,No,Important,Very important,Very important,Very important,Moderately important,Important,Important,Important,Strongly agree,Strongly agree,Strongly agree,Generally agree
12/28/23,12/28/23,483,85,Govi-Sumber,Sumber,Bag 4,,Bolor,12/26/23,,NA,NA,NA,NA,2,49,Male,Secondary,0,0,0,0,0,0,0,0,1,0,0,0,0,0,0,0,3,7,No,Husband,NA,1,1,NA,NA,NA,NA,NA,NA,NA,NA,NA,NA,"Husband, wife",1,1,1,1,NA,NA,NA,NA,NA,NA,NA,NA,NA,NA,2,2,2,Yes,Look after children,NA,NA,NA,NA,NA,NA,1,NA,NA,NA,NA,NA,2006,,Other,NA,NA,NA,NA,NA,1,During sale of milk products,Yes,Don't know,Other,NA,NA,NA,NA,1,followed the kids and moved,No,,No,,No,,,,No,,NA,NA,NA,NA,NA,NA,No,No,,,No,No,No,No,No,No,Yes,Not specified,"Security, teacher at kindergarten, sales from dairy products",Salary,NA,NA,1,NA,NA,NA,NA,NA,NA,NA,NA,,Bank,2-Jan,1-1.5 mil,1,1.5,"Autumn, winter ",1,1,NA,NA,NA,NA,,NA,NA,NA,NA,,"1 male, age 50",1,Not specified,,0,0,,,"1 male, age 76 ",1,Not specified,,"4 persons, 3 male, 1 female, ages  40& 55",4,Not specified,,"mother, wife and sister",1,1,NA,NA,1,NA,NA,NA,5,NA,1,2,3,Yes,Kindergarten,Yes,No,,No,,NA,7,4,5,3,4,3,30,30,0,No,,Yes,No,No,No,No,No,No,No,,NA,NA,NA,NA,"Walk, Car",1,0,1,0,"Walk, Car",1,0,1,0,15,0,0,15,10,5,NA,10,5,No,,Yes,"Find own winter camp, Reserve pasture areas",Yes,Lack of adequate land for activities,Yes,Both,Meat & dairy,1,NA,NA,NA,,"Food, Cash",1,1,NA,NA,NA,,"School fees/supplies, Household improvements, Vehicle or fuel costs",NA,1,1,NA,NA,1,No,0,25,0,0,0,0,15,0,0,0,Yes,Yes,Yes,Both,"More weeds, Disappearance of native plants",Increase,Births,1,NA,NA,NA,,,,No,,,Degraded,Substantial,No,,Yes,Yes,Medium,,,No,Very important,Important,Important,Very important,Important,Moderately important,Moderately important,Important,Strongly agree,Generally agree,Strongly agree,Neither agree nor disagree
12/28/23,12/28/23,483,86,Govi-Sumber,Sumber,Bag 4,,Bolor,12/26/23,,NA,NA,NA,NA,7,43,Male,Secondary,4,0,0,3,1,0,0,1,2,0,0,0,0,0,0,0,4,20,Yes,"Husband, wife, child, child, child, child",1,1,1,1,NA,NA,1,NA,NA,NA,NA,NA,NA,"Husband, wife, children",1,1,1,1,NA,NA,4,NA,NA,NA,NA,NA,NA,NA,7,1,1,Yes,School,1,NA,NA,NA,NA,NA,NA,NA,NA,NA,NA,NA,2015,,During school breaks,NA,NA,NA,NA,1,NA,,No,Yes,"School for children, Access to services (health care)",1,NA,1,NA,NA,,Yes,Decreased,Yes,Household chores not done,No,,,,Yes,Shearing livestock,NA,NA,NA,NA,NA,1,Yes,Yes,Father in law,Father in law,Yes,No,No,Yes,Yes,No,No,,,Government allowances,NA,NA,NA,1,NA,NA,NA,NA,NA,NA,NA,,Bank,1,5-10 mil,5,10,"Autumn, lunar new year",NA,1,1,NA,NA,NA,Local party,NA,NA,NA,1,,40-50 persons living in the soum,45,Not specified,,"1 person, age 40, bag center",1,Civic,,0,0,,,"1person, age 40",1,Not specified,,"sister in law, sister and husband ",NA,1,NA,NA,1,1,NA,NA,5,NA,5,5,4,Yes,Soum governor,Yes,Yes,Neutral,Yes,Neutral,NA,5,6,5,2,2,2,30,60,100,Yes,Inside soum,Yes,Yes,Yes,Yes,No,Yes,Yes,Yes,Motorbike,0,0,0,1,Motorbike,0,0,0,1,Motorbike,0,0,0,1,NA,3,8,NA,3,8,NA,3,8,Yes,Reserved pasture areas,Yes,"Reduce the herd size, Improve the quality of the livestock, Fencing the pasture",No,,Yes,Sending,"Meat & dairy, Cash",1,1,NA,NA,,,NA,NA,NA,NA,NA,,,NA,NA,NA,NA,NA,NA,No,0,13,70,500,400,0,8,50,1000,1000,Yes,Yes,Yes,Both,"Less vegetation overall, Less milk production, Disappearance of native plants",Decrease,,NA,NA,NA,NA,,Drought-related death,,No,,,Degraded,Substantial,No,,Yes,Yes,Medium,,,Yes,Important,Very important,Very important,Very important,Very important,Very important,Very important,Very important,Strongly agree,Strongly agree,Strongly agree,Generally agree
12/26/23,12/26/23,484,87,Govi-Sumber,Sumber,Bag 5,,Bilguun,12/26/23,46.3638713 108.4849452 1249.3951416015625 6.628,46.3638713,108.4849452,1249.395142,6.628,4,81,Female,Secondary,1,0,0,0,5,0,0,0,0,0,0,0,0,0,0,0,0,0,Yes,"son, daughter-in-law",1,1,NA,NA,1,1,2,NA,NA,NA,NA,NA,NA,0,NA,NA,NA,NA,NA,NA,NA,NA,NA,NA,NA,NA,NA,NA,0,0,0,Yes,Employment,NA,NA,NA,1,NA,NA,NA,NA,NA,NA,NA,NA,2000,,To assist with migration to new camp (seasonal),NA,NA,1,NA,NA,NA,,Yes,No,Employment,NA,NA,NA,1,NA,,No,,No,,No,,,,No,,NA,NA,NA,NA,NA,NA,Yes,Yes,Head of the household,Head of the household,Yes,No,No,No,No,No,No,,,Pension,1,NA,NA,NA,NA,NA,NA,NA,NA,NA,NA,,Bank,1,3 mil,3,3,Lunar new year,NA,NA,1,NA,NA,NA,Local party,NA,NA,NA,1,,0,0,,,0,0,,,0,0,,,0,0,,,young daughter,NA,NA,1,NA,NA,NA,NA,NA,5,NA,5,5,1,,,Yes,No,,No,,3,3,2,2,3,0,0,0,0,0,No,,No,No,No,No,No,No,No,No,"Motorbike, Horse, Camel",0,1,0,1,"Motorbike, Horse, Camel",0,1,0,1,Motorbike,0,0,0,1,NA,5,6,4,4,4,NA,3,2,No,,No,,Yes,Flooding,No,,,NA,NA,NA,NA,,,NA,NA,NA,NA,NA,,,NA,NA,NA,NA,NA,NA,No,0,14,0,0,0,0,50,0,0,0,Yes,Yes,Yes,Both,"Shorter/sparser vegetation, Disappearance of native plants",Decrease,,NA,NA,NA,NA,,Drought-related death,,No,,,Degraded,Substantial,Yes,2-Jan,Yes,No,Good,No change,,No,Very important,Very important,Very important,Very important,Not important at all,Very important,Important,Very important,Strongly agree,Strongly agree,Strongly agree,Strongly disagree
12/28/23,12/28/23,484,88,Govi-Sumber,Sumber,Bag 5,,Munkhtur,12/26/23,46.35929 108.48435 0 0,46.35929,108.48435,0,0,3,45,Male,Complete secondary/High school,1,1,0,0,0,0,0,0,1,0,0,0,0,0,0,0,1,3,No,"Husband, wife",1,1,1,1,NA,NA,NA,NA,NA,NA,NA,NA,NA,"Husband, wife",1,1,1,1,NA,NA,NA,NA,NA,NA,NA,NA,NA,NA,3,3,2,Yes,School,1,NA,NA,NA,NA,NA,NA,NA,NA,NA,NA,NA,2017,,During school breaks,NA,NA,NA,NA,1,NA,,No,Yes,School for children,1,NA,NA,NA,NA,,Yes,Decreased,Yes,Lacking human capacity,No,,,,No,,NA,NA,NA,NA,NA,NA,No,No,,,Yes,No,Yes,,,,No,,,Government allowances,NA,NA,NA,1,NA,NA,NA,NA,NA,NA,NA,,Bank,1,3 mil,3,3,summer and winter,1,NA,NA,NA,NA,NA,Other local organizations:  Local party,NA,NA,1,1,Active environmentalist,0,0,,,0,0,,,0,0,,,0,0,,,"wife, parents",1,1,NA,NA,NA,NA,NA,NA,3,1,4,4,1,No,,No,Yes,Strongly agree,No,,NA,6,2,1.5,2,1,1,1.5,1.5,1.5,No,,No,Yes,Yes,Yes,Yes,No,No,Yes,Motorbike,0,0,0,1,Motorbike,0,0,0,1,Motorbike,0,0,0,1,5,1,5,NA,1,5,NA,1,5,No,,Yes,Fencing the pasture,Yes,"Insufficient water well, Fencing the pasture",Yes,Sending,"Meat & dairy, Cash",1,1,NA,NA,,,NA,NA,NA,NA,NA,,,NA,NA,NA,NA,NA,NA,No,0,10,0,97,79,0,2,0,10,12,Yes,Yes,Yes,Quality,Shorter/sparser vegetation,Increase,"Births, Purchased more",1,1,NA,NA,,,,Yes,Increase,Livelihood improvement,Degraded,Medium,No,,Yes,Yes,Medium,,,No,Very important,Very important,Very important,Very important,Very important,Very important,Very important,Very important,Strongly agree,Strongly agree,Strongly agree,Strongly disagree
12/28/23,12/28/23,484,89,Govi-Sumber,Sumber,Bag 5,,Munkhtur,12/26/23,46.40483 108.50589 0 0,46.40483,108.50589,0,0,2,49,Male,Secondary,1,1,0,0,0,0,0,0,1,0,0,0,0,0,0,0,2,5,Yes,"Husband, wife",1,1,1,1,NA,NA,NA,NA,NA,NA,NA,NA,NA,"Husband, wife",1,1,1,1,NA,NA,NA,NA,NA,NA,NA,NA,NA,NA,2,2,2,No,,NA,NA,NA,NA,NA,NA,NA,NA,NA,NA,NA,NA,NA,,,NA,NA,NA,NA,NA,NA,,,,School for children,1,NA,NA,NA,NA,,No,,No,,No,,,,,,NA,NA,NA,NA,NA,NA,Yes,Yes,Husband,Husband,Yes,No,No,Yes,Yes,No,Yes,Husband,Drives truck in mining,Hourly wage,NA,NA,NA,NA,NA,1,NA,NA,NA,NA,NA,,Bank,1,2.5 mil,2.5,2.5,winter,1,NA,NA,NA,NA,NA,,NA,NA,NA,NA,,0,0,,,0,0,,,0,0,,,0,0,,,"husband, daughter and son in law",NA,1,1,NA,NA,1,NA,NA,5,1,3,3,1,No,,No,No,,No,,2,2,1,2,1,1,1,2,2,2,No,,No,No,No,No,No,No,No,Yes,"Horse, Camel, Motorbike",0,1,0,1,"Horse, Camel, Motorbike",0,1,0,1,"Horse, Camel, Motorbike",0,1,0,1,2,2,1,2,1,2,2,1,2,No,,No,,No,,Yes,Sending,"Meat & dairy, Cash",1,1,NA,NA,,,NA,NA,NA,NA,NA,,,NA,NA,NA,NA,NA,NA,No,0,27,18,280,120,0,20,12,210,70,Yes,Yes,Yes,Both,,Increase,"Births, Purchased more",1,1,NA,NA,,,,No,,,Degraded,Medium,No,,Yes,Yes,Not enough,,,No,Very important,Very important,Very important,Very important,Very important,Very important,Very important,Very important,Strongly agree,Strongly agree,Strongly agree,Strongly disagree
12/26/23,12/26/23,484,90,Govi-Sumber,Sumber,Bag 5,??????,Munkhtuvshin,12/26/23,46.3653954 108.4895357 1264.5 5.5,46.3653954,108.4895357,1264.5,5.5,2,63,Male,Secondary,0,0,0,0,0,0,0,0,0,0,0,0,2,0,0,0,2,3,Yes,"Husband, wife",1,1,1,1,NA,NA,NA,NA,NA,NA,NA,NA,NA,"Husband, wife, younger brother and his wife, 3 children",2,2,1,1,NA,NA,3,NA,NA,2,NA,NA,NA,NA,7,3,1,No,,NA,NA,NA,NA,NA,NA,NA,NA,NA,NA,NA,NA,NA,,,NA,NA,NA,NA,NA,NA,,,,,NA,NA,NA,NA,NA,,,,,,No,,,,No,,NA,NA,NA,NA,NA,NA,No,No,,,Yes,No,Yes,,,,No,,,Pension,1,NA,NA,NA,NA,NA,NA,NA,NA,NA,NA,,Bank,1,1 mil,1,1,Lunar new year,NA,NA,1,NA,NA,NA,,NA,NA,NA,NA,,0,0,,,3 children,3,Family,,0,0,,,0,0,,,"son 30& 27, son, age36",NA,NA,1,NA,NA,NA,NA,NA,5,2,4,4,1,No,,No,Yes,Strongly agree,No,,6,12,8,3,2,2,2,6,12,6,No,,No,Yes,Yes,Yes,Yes,Yes,Yes,No,Motorbike,0,0,0,1,Motorbike,0,0,0,1,Motorbike,0,0,0,1,10,6,12,10,6,12,10,6,12,No,,No,,No,,Yes,Both,Meat & dairy,1,NA,NA,NA,,"Food, Cash",1,1,NA,NA,NA,,"Husbandry, Vehicle or fuel costs",NA,NA,NA,NA,1,1,No,0,13,0,6,18,0,1,0,12,15,Yes,Yes,No,,,The same,,NA,NA,NA,NA,,,,No,,,No change,,No,,No,Yes,Not enough,,,No,Very important,Important,Very important,Very important,Very important,Very important,Very important,Very important,Strongly agree,Generally agree,Strongly agree,Neither agree nor disagree
12/26/23,12/26/23,484,91,Govi-Sumber,Sumber,Bag 5,,Munkhtuvshin,12/26/23,46.4437701 108.5411729 1321.2 5.34,46.4437701,108.5411729,1321.2,5.34,5,57,Male,Secondary,3,0,2,0,1,0,0,1,2,0,0,0,0,0,0,0,1,5,No,"Unspecified, unspecified",NA,NA,NA,NA,NA,NA,NA,NA,NA,NA,NA,NA,2,"Husband, wife, 3 children",1,1,1,1,NA,NA,3,NA,NA,NA,NA,NA,NA,NA,5,2,2,Yes,School,1,NA,NA,NA,NA,NA,NA,NA,NA,NA,NA,NA,2014,,During school breaks,NA,NA,NA,NA,1,NA,,No,Yes,School for children,1,NA,NA,NA,NA,,Yes,Decreased,Yes,Household chores not done,No,,,,No,,NA,NA,NA,NA,NA,NA,Yes,Yes,Batbileg,Head of the household,Yes,No,Yes,,,,No,,,"Pension, Government allowances",1,NA,NA,1,NA,NA,NA,NA,NA,NA,NA,,Bank,1,30 mil,30,30,september-school year,NA,1,NA,NA,NA,NA,,NA,NA,NA,NA,,0,0,,,0,0,,,0,0,,,0,0,,,wife and children,NA,1,1,NA,NA,NA,NA,NA,4,NA,3,3,3,No,,No,Yes,Agree,No,,NA,6,5,3,2,1,1,3,3,40,No,,No,No,No,Yes,No,No,No,Yes,"Horse, Camel",0,1,0,0,"Horse, Camel",0,1,0,0,"Horse, Camel",0,1,0,0,3,5,3,3,3,5,4,3,5,No,,No,,Yes,Financial difficulty,Yes,Sending,Meat & dairy,1,NA,NA,NA,,,NA,NA,NA,NA,NA,,,NA,NA,NA,NA,NA,NA,No,0,60,21,300,450,0,28,12,450,420,Yes,Yes,Yes,Both,Less vegetation overall,The same,,NA,NA,NA,NA,,,,No,,,Degraded,Medium,Yes,2-Jan,No,Yes,Medium,Increased,Slight,Yes,Very important,Very important,Very important,Very important,Very important,Important,Very important,Very important,Strongly agree,Generally agree,Strongly agree,Neither agree nor disagree
12/27/23,12/27/23,485,92,Govi-Sumber,Sumber,Bag 6,5??????,Odonchimeg,12/27/23,,NA,NA,NA,NA,2,66,Male,College/University,0,0,0,0,0,0,0,0,0,0,0,0,1,1,0,0,2,6,Yes,"husband, child, child, child, child, child, child, child",NA,1,1,NA,1,NA,7,NA,NA,NA,NA,NA,NA,"husband, 7 children",NA,1,NA,NA,NA,NA,7,NA,NA,NA,NA,NA,NA,NA,8,1,1,Yes,Healthcare services,NA,NA,NA,NA,NA,NA,NA,NA,NA,1,NA,NA,2018,,During school breaks,NA,NA,NA,NA,1,NA,,No,Don't know,Access to services (health care),NA,NA,1,NA,NA,,Yes,Decreased,No,,No,,,,No,,NA,NA,NA,NA,NA,NA,Yes,Yes,Husband,Husband,Yes,No,Yes,,,,No,,,Pension,1,NA,NA,NA,NA,NA,NA,NA,NA,NA,NA,,Bank,1,1-6 mil,1,6,Autum and winter,1,1,NA,NA,NA,NA,At Bag/Soum level  Local party,1,NA,NA,1,,"4-5 siblings, male and female",5,Family,,"3-4 persons who work together, ages 45_60",4,Not specified,,"1 child, age 40, female, abroad ",1,Family,,"1 person, age 40, female, abroad",1,Not specified,,4 children,NA,NA,1,NA,NA,NA,NA,NA,5,5,5,5,1,No,,Yes,No,Agree,Yes,Strongly confident,2,5,2,6,2,2,2,2,4,30,No,,Yes,Yes,Yes,Yes,Yes,Yes,Yes,No,"Horse, Camel",0,1,0,0,"Horse, Camel",0,1,0,0,"Motorbike, Car",0,0,1,1,NA,NA,NA,NA,NA,NA,NA,NA,NA,Yes,Provided more fodder,Yes,Improve the quality of the livestock,Yes,"Have dairy cattle breeds, Fencing the pasture, Camp/building renovations",Yes,Sending,Meat & dairy,1,NA,NA,NA,,,NA,NA,NA,NA,NA,,,NA,NA,NA,NA,NA,NA,Yes,0,30,40,150,50,0,25,17,50,60,Yes,Yes,Yes,Both,"Reduced plant species diversity, Pasture degradation",Decrease,,NA,NA,NA,NA,,Sold,,Yes,Decrease,Improve the quality of livestock,Degraded,Substantial,No,,Yes,Yes,Good,,,Yes,Very important,Very important,Very important,Very important,Very important,Very important,Very important,Very important,Strongly agree,Strongly agree,Strongly agree,Strongly disagree
12/28/23,12/28/23,485,93,Govi-Sumber,Sumber,Bag 6,,Bolor,12/26/23,46.267254 108.353902 0 0,46.267254,108.353902,0,0,2,69,,,0,0,0,0,0,0,0,0,0,0,0,0,2,0,0,0,1,2,,"Husband, wife",1,1,1,1,NA,NA,NA,NA,NA,NA,NA,NA,NA,"Husband, wife",1,1,1,1,NA,NA,NA,NA,NA,NA,NA,NA,NA,NA,2,1,1,No,,NA,NA,NA,NA,NA,NA,NA,NA,NA,NA,NA,NA,NA,,During Naadam,NA,NA,NA,1,NA,NA,,,,"Access to services (health care), Employment",NA,NA,1,1,NA,,,,,,Yes,No,No,No,Yes,Livestock care,NA,NA,NA,1,NA,NA,Yes,No,,,Yes,Yes,Yes,,,,,,,"Pension, Saving in bank",1,NA,NA,NA,NA,NA,NA,NA,NA,NA,NA,,Bank,1,4-11 mil,4,11,Winter Nov-March,1,NA,NA,NA,NA,NA,,NA,NA,NA,NA,,a wife,1,Spouse,,"4 children, ages 30",4,Family,,0,0,,,0,0,,,wife and kids,NA,1,1,NA,NA,NA,NA,NA,NA,NA,3,5,1,No,,Yes,Yes,Agree,Yes,Confident,8,8,8,9,5,6,6,15,30,45,No,,Yes,Yes,Yes,Yes,Yes,Yes,Yes,No,"Horse, Camel",0,1,0,0,"Horse, Camel",0,1,0,0,"Horse, Camel, Motorbike",0,1,0,1,13,5,5,5,5,5,4,4,4,No,,Yes,Move to town,No,,Yes,Both,"Meat & dairy, Cash",1,1,NA,NA,,"Food, Cash, Technology, Other",1,1,NA,1,1,Pharmacy products,"Household improvements, Supplemental fodder, Husbandry, Vehicle or fuel costs",NA,NA,1,1,1,1,,0,5,5,60,26,0,30,35,800,600,Yes,Yes,Yes,Both,Less vegetation overall,Decrease,,NA,NA,NA,NA,,Slaughter for home consumption,,Yes,Maintain,"Because of Dzud, Pasture degradation",Degraded,Substantial,No,,Yes,Yes,Not enough,,,No,Very important,Very important,Very important,Very important,Important,Important,Important,Very important,Strongly agree,Strongly agree,Strongly agree,Generally agree
12/27/23,12/27/23,401,94,Tuv aimag,Bayan,Bag 1,No,Batdorj,12/27/23,47.22008 107.4431692 1351.2 3.4,47.22008,107.4431692,1351.2,3.4,4,47,Male,Complete secondary/High school,0,NA,NA,NA,1,NA,NA,NA,3,1,NA,NA,0,NA,NA,NA,1,3,Yes,"Husband, son",NA,2,1,NA,1,NA,1,NA,NA,NA,NA,NA,NA,"Husband, wife, son, ask someone for help",1,2,1,1,1,NA,NA,NA,NA,NA,1,NA,NA,NA,3,3,3,Yes,Employment,NA,NA,NA,1,NA,NA,NA,NA,NA,NA,NA,NA,2022,,Monthly,NA,1,NA,NA,NA,NA,,Yes,No,Employment,NA,NA,NA,1,NA,,No,,No,,No,,,,Yes,Shearing livestock,NA,NA,NA,NA,NA,1,Yes,Yes,Head of the household,Head of the household,Yes,No,No,Yes,Yes,No,Yes,Daughter,employment at soum Governor Office,Salary,NA,NA,1,NA,NA,NA,NA,NA,NA,NA,NA,,Bank,1,10-20 mil,10,20,Winter and spring,1,NA,NA,1,NA,NA,,NA,NA,NA,NA,,talks migration with bag governor,1,Civic,,country people around age 48,Not specified,Not specified,,"friends, ",Not specified,Friends,,friends,Not specified,Friends,,wife and children,NA,1,1,NA,NA,NA,NA,NA,5,NA,5,5,3,No,,Yes,No,,Yes,Strongly confident,35,20,30,2,10,6,7,100,300,150,Yes,Outside soum,Yes,No,No,No,No,No,No,Yes,"Horse, Camel",0,1,0,0,"Horse, Camel",0,1,0,0,Motorbike,0,0,0,1,8,3,5,NA,3,3,NA,3,2,No,,No,,Yes,"Lacking of human capacity, Lack of materials",Yes,Both,"Meat & dairy, Cash",1,1,NA,NA,,"Food, Other",1,NA,NA,NA,1,Fodder,,NA,NA,NA,NA,NA,NA,No,0,80,100,750,560,0,35,38,450,250,Yes,Yes,Yes,Both,"Less vegetation overall, Reduced plant species diversity, Higher number of mice, Pasture degradation",Increase,Births,1,NA,NA,NA,,,,No,,,Degraded,Substantial,No,,No,Yes,Good,,,Yes,Important,Very important,Very important,Very important,Important,Moderately important,Important,Very important,Strongly agree,Strongly agree,Strongly agree,Neither agree nor disagree
12/27/23,12/28/23,401,95,Tuv aimag,Bayan,Bag 1,,Odonchimeg,12/27/23,47.0474785 107.6462966 1326.6 9.74,47.0474785,107.6462966,1326.6,9.74,4,54,Male,Complete secondary/High school,0,0,0,0,1,0,0,0,1,0,0,0,0,0,0,0,1,2,No,"Husband, wife",1,1,1,1,NA,NA,NA,NA,NA,NA,NA,NA,NA,"Husband, wife",1,1,1,1,NA,NA,NA,NA,NA,NA,NA,NA,NA,NA,2,1,1,No,,NA,NA,NA,NA,NA,NA,NA,NA,NA,NA,NA,NA,NA,,,NA,NA,NA,NA,NA,NA,,,,,NA,NA,NA,NA,NA,,No,,No,,No,,,,No,,NA,NA,NA,NA,NA,NA,Yes,Yes,Husband,Husband,No,No,Yes,,,,No,,,Pension,1,NA,NA,NA,NA,NA,NA,NA,NA,NA,NA,,Bank,1,10-20 mil,10,20,winter,1,NA,NA,NA,NA,NA,,NA,NA,NA,NA,,none,0,,,none,0,,,none,0,,,"siblings,  4-5 ??? person, ages 50, female and male, in UB",5,Family,,wife son and daughter,NA,1,NA,NA,NA,NA,NA,NA,2,NA,5,3,2,No,,No,Yes,Neutral,Yes,Neutral,6,6,3,4,2,2,3,30,60,80,Yes,Inside soum,No,No,No,No,No,Yes,Yes,Yes,"Horse, Camel, Motorbike",0,1,0,1,"Horse, Camel, Motorbike",0,1,0,1,Motorbike,0,0,0,1,2,2,5,5,3,5,5,2,5,Yes,Maintain livestock numbers,Yes,Reduced the herd size,Yes,Financial difficulty,No,,,NA,NA,NA,NA,,,NA,NA,NA,NA,NA,,,NA,NA,NA,NA,NA,NA,Yes,0,25,6,500,180,0,40,30,700,200,Yes,Yes,Yes,Quality,Reduced plant species diversity,Decrease,,NA,NA,NA,NA,,Drought-related death,,No,,,Degraded,Substantial,No,,No,Yes,Medium,,,No,Moderately important,Very important,Very important,Very important,Very important,Very important,Slightly important,Important,Strongly agree,Strongly agree,Strongly agree,Neither agree nor disagree
12/27/23,12/28/23,401,96,Tuv aimag,Bayan,Bag 1,,Odonchimeg,12/27/23,47.0466633 107.6493333 1327.1 96.0,47.0466633,107.6493333,1327.1,96,2,51,Female,Complete secondary/High school,0,0,0,0,0,0,0,0,1,0,0,0,0,0,0,0,1,2,No,"Husband, wife",1,1,1,1,NA,NA,NA,NA,NA,NA,NA,NA,NA,"Husband, wife, 2 children",1,1,1,1,NA,NA,2,NA,NA,NA,NA,NA,NA,NA,4,2,2,No,,NA,NA,NA,NA,NA,NA,NA,NA,NA,NA,NA,NA,NA,,,NA,NA,NA,NA,NA,NA,,,,,NA,NA,NA,NA,NA,,No,,No,,No,,,,Yes,Shearing livestock,NA,NA,NA,NA,NA,1,Yes,Yes,Husband,Husband,Yes,No,Yes,,,,No,,,"Pension, Salary",1,NA,1,NA,NA,NA,NA,NA,NA,NA,NA,,Bank,1,4-10 mil,4,10,summer and winter,1,NA,NA,NA,1,NA,Local party,NA,NA,NA,1,,none,0,,,none,0,,,none,0,,,none,0,,,"husnabd, son and daughter",NA,1,1,NA,NA,NA,NA,NA,3,NA,3,3,3,Yes,The Party,Yes,Yes,Neutral,Yes,Neutral,5,3,5,5,6,3,3,30,60,120,Yes,Outside soum,No,Yes,Yes,Yes,Yes,No,No,Yes,"Motorbike, Horse, Camel",0,1,0,1,"Motorbike, Horse, Camel",0,1,0,1,"Motorbike, Car",0,0,1,1,4,6,4,5,6,4,5,6,4,Yes,"Reduced the herd size, Improve the quality of the livestock",Yes,Adopt intensive animal husbandry,Yes,Financial difficulty,No,,,NA,NA,NA,NA,,,NA,NA,NA,NA,NA,,,NA,NA,NA,NA,NA,NA,No,0,50,110,200,150,0,50,80,500,300,Yes,Yes,Yes,Both,"Less vegetation overall, Reduced plant species diversity",Decrease,,NA,NA,NA,NA,,Slaughter for home consumption,,Yes,Maintain,Pasture degradation,Degraded,Substantial,No,,No,Yes,Medium,,,No,Important,Very important,Very important,Very important,Important,Important,Very important,Very important,Generally agree,Strongly agree,Strongly agree,Generally agree
12/27/23,12/27/23,401,97,Tuv aimag,Bayan,Bag 1,,Bilguun,12/27/23,47.2254246 107.4498027 1346.533935546875 6.154,47.2254246,107.4498027,1346.533936,6.154,3,21,Male,Complete secondary/High school,0,0,1,0,0,0,0,0,0,0,0,0,0,0,0,0,1,2,,Husband,NA,1,1,NA,NA,NA,NA,NA,NA,NA,NA,NA,NA,"Friends, extended families",NA,NA,NA,NA,NA,NA,NA,NA,NA,NA,NA,NA,NA,2,4,2,1,Yes,School,1,NA,NA,NA,NA,NA,NA,NA,NA,NA,NA,NA,2020,,During school breaks,NA,NA,NA,NA,1,NA,,No,No,School for children,1,NA,NA,NA,NA,,Yes,Decreased,Yes,Father died,Yes,Yes,Yes,No,No,,NA,NA,NA,NA,NA,NA,Yes,Yes,Head of the household,Head of the household,Yes,No,No,Yes,Yes,No,No,,,,NA,NA,NA,NA,NA,NA,NA,NA,NA,NA,NA,,Bank,1,3 mil,3,3,winter,1,NA,NA,NA,NA,NA,,NA,NA,NA,NA,,0,0,,,0,0,,,0,0,,,"brother, age 60, in UB",1,Family,,"mother, sblings",1,NA,NA,NA,1,NA,NA,NA,5,5,5,3,2,No,,Yes,No,,No,,NA,8,6,6,3,1,2,30,60,80,Yes,Outside soum,No,No,No,No,No,No,No,No,,NA,NA,NA,NA,Motorbike,0,0,0,1,Motorbike,0,0,0,1,NA,NA,NA,NA,6,10,NA,5,3,No,,No,,No,,Yes,Sending,"Meat & dairy, Cash",1,1,NA,NA,,,NA,NA,NA,NA,NA,,,NA,NA,NA,NA,NA,NA,No,0,25,50,400,100,0,15,30,300,100,Yes,Yes,Yes,Both,More weeds,The same,,NA,NA,NA,NA,,,,No,,,Degraded,Substantial,No,,Yes,Yes,Good,,,Yes,Very important,Very important,Very important,Very important,Very important,Very important,Very important,Moderately important,Strongly agree,Strongly agree,Strongly agree,Strongly agree
12/27/23,12/27/23,401,98,Tuv aimag,Bayan,Bag 1,,Bilguun,12/27/23,,NA,NA,NA,NA,3,59,Female,Complete secondary/High school,0,0,0,0,1,0,0,0,0,0,0,4,0,0,0,0,1,3,,"son, assistant herder",NA,1,NA,NA,1,NA,1,NA,NA,NA,1,NA,NA,"Husband, wife, son",1,2,1,1,1,NA,NA,NA,NA,NA,NA,NA,NA,NA,3,2,1,Yes,Employment,NA,NA,NA,1,NA,NA,NA,NA,NA,NA,NA,NA,2020,,To assist with migration to new camp (seasonal),NA,NA,1,NA,NA,NA,,No,Yes,"School for children, University, Employment",1,1,NA,1,NA,,Yes,Decreased,Yes,Household chores not done,Yes,Yes,Yes,No,No,,NA,NA,NA,NA,NA,NA,Yes,No,,,Yes,No,Yes,,,,No,,,Pension,1,NA,NA,NA,NA,NA,NA,NA,NA,NA,NA,,Bank,1,30 mil,30,30,Winter-fodder,1,NA,NA,NA,NA,NA,,NA,NA,NA,NA,,0,0,,,0,0,,,0,0,,,0,0,,,chilren,NA,NA,1,NA,NA,NA,NA,NA,5,NA,5,5,1,,,Yes,No,,No,,NA,3,2,3,2,2,3,50,100,70,Yes,Outside soum,No,No,No,Yes,No,No,No,No,"Car, Horse, Camel, Motorbike",0,1,1,1,"Horse, Camel, Car, Motorbike",0,1,1,1,"Horse, Camel, Car, Motorbike",0,1,1,1,NA,3,4,NA,3,5,NA,3,5,No,,No,,No,,Yes,Both,"Meat & dairy, Cash",1,1,NA,NA,,"Food, Cash",1,1,NA,NA,NA,,"Husbandry, Vehicle or fuel costs",NA,NA,NA,NA,1,1,,0,25,40,800,300,0,200,300,800,500,Yes,Yes,Yes,Both,,Increase,Births,1,NA,NA,NA,,,,No,,,Improved,Medium,No,,No,Yes,Medium,,,No,Very important,Very important,Very important,Very important,Very important,Very important,Very important,Very important,Strongly agree,Generally agree,Strongly agree,Generally agree
12/27/23,12/27/23,401,99,Tuv aimag,Bayan,Bag 1,,Munkhtur,12/27/23,47.2636265 107.4627948 1362.1000000000001 3.65,47.2636265,107.4627948,1362.1,3.65,6,46,Male,Complete secondary/High school,1,2,1,1,3,1,1,1,1,1,0,0,0,0,0,0,1,6,Yes,"Husband, son",NA,1,1,NA,1,NA,1,NA,NA,NA,NA,NA,NA,"Husband, wife, son",1,2,1,1,1,NA,NA,NA,NA,NA,NA,NA,NA,NA,3,2,2,Yes,"School, Employment",1,NA,NA,1,NA,NA,NA,NA,NA,NA,NA,NA,2018,,Monthly During school breaks To assist with migration to new camp (seasonal),NA,1,1,NA,1,NA,,No,No,"School for children, Employment",1,NA,NA,1,NA,,Yes,Decreased,Yes,Lacking human capacity,No,,,,Yes,Day laboring,1,NA,NA,NA,NA,NA,Yes,Yes,Yes,Head of the household,No,No,No,Yes,Yes,No,Yes,Not specified,Public service,"Salary, Government allowances",NA,NA,1,1,NA,NA,NA,NA,NA,NA,NA,,Bank,1,10mil,10,10,winter,1,NA,NA,NA,NA,NA,,NA,NA,NA,NA,,"2 persons, ages 65, in the soum ",2,Not specified,,"2 persons, ages 48, 31, in the soum",2,Not specified,,"2 persons, ages 60 ??????,UB",2,Not specified,,none,0,,,"wife, brother, child and mother ",1,1,1,NA,1,NA,NA,NA,5,1,5,5,3,No,,Yes,Yes,Strongly agree,Yes,Neutral,5,5,4,6,4,4,4,20,80,14,Yes,Inside soum,Yes,No,No,No,No,No,No,Yes,"Horse, Camel, Motorbike",0,1,0,1,"Motorbike, Horse, Camel, Car",0,1,1,1,"Horse, Camel, Car, Motorbike",0,1,1,1,60,50,40,60,50,40,60,60,50,No,,No,,Yes,Fencing the pasture,Yes,Sending,"Meat & dairy, Cash",1,1,NA,NA,,,NA,NA,NA,NA,NA,,,NA,NA,NA,NA,NA,NA,No,0,4,61,198,214,0,20,50,400,180,Yes,Yes,Yes,Both,Less vegetation overall,The same,,NA,NA,NA,NA,,,,No,,,No change,,No,,Yes,Yes,Medium,,,No,Important,Very important,Very important,Very important,Important,Very important,Important,Important,Strongly agree,Strongly agree,Strongly agree,Strongly disagree
12/27/23,12/27/23,401,100,Tuv aimag,Bayan,Bag 1,,Munkhtuvshin,12/27/23,47.2482243 107.454613 1396.2000732421875 4.75,47.2482243,107.454613,1396.200073,4.75,2,65,Male,Complete secondary/High school,0,0,0,0,0,0,0,0,0,0,0,0,2,0,0,0,1,2,No,"Husband, wife",1,1,1,1,NA,NA,NA,NA,NA,NA,NA,NA,NA,"Husband, wife, daughter, son",2,2,1,1,1,1,NA,NA,NA,NA,NA,NA,NA,NA,4,6,4,No,,NA,NA,NA,NA,NA,NA,NA,NA,NA,NA,NA,NA,NA,,,NA,NA,NA,NA,NA,NA,,,,,NA,NA,NA,NA,NA,,No,,No,,No,,,,Yes,Livestock care,NA,NA,NA,1,NA,NA,Yes,Yes,Jambaldorj,Head of the household,Yes,No,No,Yes,Yes,No,No,,,"Pension, Saving in bank",1,NA,NA,NA,NA,NA,NA,NA,NA,NA,NA,,none,0,,NA,NA,Sep-fodder,NA,1,NA,NA,NA,NA,,NA,NA,NA,NA,,0,0,,,"A son, age 37 and daughter, age 35 ",2,Family,,0,0,,,"3 brothers, ages 62, 56, 44",3,Family,,"sister, age 43, sister, age 62, son 35",NA,NA,1,NA,1,NA,NA,NA,3,NA,3,3,1,No,,Yes,Yes,Agree,Yes,Neutral,4,10,6,4,2,4,2,5,20,200,No,,No,No,Yes,No,No,No,No,No,"Horse, Camel",0,1,0,0,Motorbike,0,0,0,1,"Motorbike, Car",0,0,1,1,30,5,10,15,5,10,8,8,8,No,,Yes,Reduced the herd size,Yes,Financial difficulty,Yes,Both,Meat & dairy,1,NA,NA,NA,,"Food, Cash",1,1,NA,NA,NA,,"Supplemental fodder, Vehicle or fuel costs",NA,NA,NA,1,NA,1,Yes,0,53,50,65,200,0,62,62,350,540,Yes,Yes,Yes,Both,"Less vegetation overall, air pollution, dust/land degredation by mining trucks",The same,,NA,NA,NA,NA,,,,Yes,Decrease,,Degraded,Substantial,No,,Yes,Yes,Medium,,,No,Very important,Very important,Very important,Very important,Important,Important,Very important,Very important,Strongly agree,Strongly agree,Strongly agree,Generally agree
12/27/23,12/27/23,401,101,Tuv aimag,Bayan,Bag 1,,Munkhtuvshin,12/27/23,47.20267 107.4573833 1360.1000000000001 3.9,47.20267,107.4573833,1360.1,3.9,4,46,Male,Secondary,1,0,0,1,0,0,0,0,2,0,0,0,0,0,0,0,2,6,No,"Husband, wife, son",1,2,1,1,1,NA,1,NA,NA,NA,NA,NA,NA,"Husband, wife, son, daughter, 2 neighbors",2,2,1,1,1,1,NA,NA,NA,NA,NA,2,NA,NA,6,2,2,Yes,School,1,NA,NA,NA,NA,NA,NA,NA,NA,NA,NA,NA,2015,,During school breaks,NA,NA,NA,NA,1,NA,,No,Yes,School for children,1,NA,NA,NA,NA,,Yes,Decreased,Yes,No change,No,,,,Yes,Shearing livestock,NA,NA,NA,NA,NA,1,Yes,Yes,Batdorj,Head of the household,Yes,No,No,Yes,Yes,No,No,,,Government allowances,NA,NA,NA,1,NA,NA,NA,NA,NA,NA,NA,,Bank,1,10mil,10,10,August- for school year and lunar new year,NA,1,NA,NA,NA,NA,,NA,NA,NA,NA,,0,0,,,0,0,,,"2 brothers, ages 56, 52 ",2,Family,,"2 brothers, ages 56, 52 ",2,Family,,"2 brothers, ages56, 52, wife, age 43",NA,1,NA,NA,1,NA,NA,NA,4,NA,3,3,2,No,,Yes,Yes,Agree,Yes,Confident,4,6,3,4,1,4,3,121,243,20,Yes,,No,No,No,No,No,No,No,Yes,"Motorbike, Horse, Camel",0,1,0,1,"Horse, Camel, Motorbike",0,1,0,1,"Car, Motorbike",0,0,1,1,25,15,35,20,15,25,10,10,20,Yes,Provided more fodder,Yes,Fence needlegrass,Yes,Fence needlegrass,Yes,Sending,"Meat & dairy, Cash",1,1,NA,NA,,,NA,NA,NA,NA,NA,,,NA,NA,NA,NA,NA,NA,No,0,35,124,510,298,0,114,218,800,354,Yes,Yes,Yes,Both,"Less vegetation overall, seasonal changes",Increase,Births,1,NA,NA,NA,,,,No,,,Degraded,Slight,No,,No,Yes,Not enough,,,No,Important,Very important,Very important,Very important,Very important,Very important,Very important,Very important,Strongly agree,Strongly agree,Strongly agree,Generally agree
12/27/23,12/27/23,401,102,Tuv aimag,Bayan,Bag 1,,Munkhtuvshin,12/27/23,47.2026818 107.4575462 1312.9 3.257,47.2026818,107.4575462,1312.9,3.257,2,54,Male,Complete secondary/High school,0,0,0,0,0,0,0,0,1,0,0,0,1,0,0,0,2,6,No,Husband,NA,NA,NA,NA,NA,NA,NA,NA,NA,NA,1,NA,NA,"Household head, mother",1,1,NA,NA,NA,NA,NA,NA,NA,NA,NA,NA,NA,2,6,1,1,No,,NA,NA,NA,NA,NA,NA,NA,NA,NA,NA,NA,NA,NA,,,NA,NA,NA,NA,NA,NA,,,,,NA,NA,NA,NA,NA,,No,,No,,No,,,,No,,NA,NA,NA,NA,NA,NA,Yes,Yes,Baasanpurev,Head of the household,Yes,No,Yes,,,,No,,,Pension,1,NA,NA,NA,NA,NA,NA,NA,NA,NA,NA,,none,0,,NA,NA,Lunar new year,NA,NA,1,NA,NA,NA,,NA,NA,NA,NA,,"a friend, age 58",1,Friend,,0,0,,,0,0,,,0,0,,,"mother, age 87,  siblings, age 43 and 40",1,NA,NA,NA,1,NA,NA,NA,5,NA,3,3,2,No,,Yes,Yes,Agree,Yes,Confident,10,15,5,3,2,2,2,10,20,10,Yes,Inside soum,Yes,No,No,No,No,No,No,Yes,"Horse, Camel",0,1,0,0,"Horse, Camel, Motorbike",0,1,0,1,"Motorbike, Horse, Camel",0,1,0,1,15,15,30,15,10,25,8,10,15,No,,Yes,Fence needlegrass,Yes,Financial difficulty,No,,,NA,NA,NA,NA,,,NA,NA,NA,NA,NA,,,NA,NA,NA,NA,NA,NA,No,0,9,24,95,124,0,10,32,127,156,No,No,Yes,Both,"Less vegetation overall, Higher number of mice",Increase,Births,1,NA,NA,NA,,,,No,,,Degraded,Slight,No,,No,Yes,Not enough,,,No,Moderately important,Very important,Very important,Very important,Important,Very important,Very important,Very important,Strongly agree,Strongly agree,Generally agree,Generally agree
12/28/23,12/28/23,401,103,Tuv aimag,Bayan,Bag 1,,Bolor,12/27/23,47.246684 107.53831 0 0,47.246684,107.53831,0,0,4,36,Male,Complete secondary/High school,2,0,0,2,2,0,0,1,0,0,0,0,0,0,0,3,3,14,Yes,Husband,NA,1,1,NA,NA,NA,NA,NA,NA,NA,NA,NA,NA,"Husband, wife, children",1,1,1,1,NA,NA,2,NA,NA,NA,NA,NA,NA,NA,4,1,1,Yes,School,1,NA,NA,NA,NA,NA,NA,NA,NA,NA,NA,NA,2018,,Weekly,1,NA,NA,NA,NA,NA,,No,Yes,School for children,1,NA,NA,NA,NA,,Yes,Decreased,Yes,,No,,,,Yes,Shearing livestock,NA,NA,NA,NA,NA,1,Yes,Yes,,,Yes,No,Yes,,,,No,,,Government allowances,NA,NA,NA,1,NA,NA,NA,NA,NA,NA,NA,,Bank,1,15-30 mil,15,30,Lunar new year,NA,NA,1,NA,NA,NA,,NA,NA,NA,NA,,0,0,,,"5-6 persons, 3 female, 3 male, ages 30-40",6,Not specified,,0,0,,,"4-5 persons, ages 30-40",5,Not specified,,"sister, husband and sibling ",NA,1,NA,NA,1,NA,NA,NA,5,NA,3,3,1,No,,Yes,Yes,Neutral,Yes,Neutral,10,10,10,6,3,3,3,4,8,8,No,,Yes,No,No,No,No,No,No,Yes,"Horse, Camel, Motorbike",0,1,0,1,"Horse, Camel, Car, Motorbike",0,1,1,1,"Horse, Camel, Car, Motorbike",0,1,1,1,10,10,10,10,10,10,10,10,10,Yes,Improved the quality of the livestock,Yes,Fence needlegrass,No,,Yes,Both,"Meat & dairy, Cash",1,1,NA,NA,,"Food, Cash, Technology",1,1,NA,1,NA,,"Supplemental fodder, Vehicle or fuel costs",NA,NA,NA,1,NA,1,,3,80,65,650,320,1,30,30,300,150,Yes,Yes,Yes,Both,"Higher frequency of dzud, Longer spring ",Increase,Births,1,NA,NA,NA,,,,Yes,Maintain,"Pasture degradation, Lacking human capacity",Degraded,Slight,Yes,over 5,No,Yes,Medium,Decreased,,Yes,Slightly important,Moderately important,Very important,Very important,Important,Very important,Very important,Slightly important,Generally agree,Neither agree nor disagree,Generally agree,Neither agree nor disagree
12/27/23,12/28/23,402,104,Tuv aimag,Bayan,Bag 2,Not a member,Tungalag,12/27/23,47.2533623 107.5402965 1394.0 7.5,47.2533623,107.5402965,1394,7.5,2,55,Male,Secondary,0,0,0,0,0,0,0,0,2,0,0,0,0,0,0,0,4,5,Yes,"Husband, wife, herder, herder, herder, herder",1,1,1,1,NA,NA,NA,NA,NA,NA,4,NA,NA,"Husband, wife, herders 4",1,1,1,1,NA,NA,NA,NA,NA,NA,4,NA,NA,NA,4,7,3,Yes,Marriage,NA,NA,NA,NA,1,NA,NA,NA,NA,NA,NA,NA,2018,,Weekly,1,NA,NA,NA,NA,NA,,Yes,No,Employment,NA,NA,NA,1,NA,,No,,No,,No,,,,No,,NA,NA,NA,NA,NA,NA,Yes,Yes,Head of the household,Head of the household,Yes,No,Yes,,,,No,,,Pension,1,NA,NA,NA,NA,NA,NA,NA,NA,NA,NA,,Bank,1,5 -20mil,5,20,Winter-fodder and petrol,1,NA,NA,NA,NA,NA,Local party,NA,NA,NA,1,,0,0,,,0,0,,,0,0,,,son helps from UB,1,Family,,"husband, in laws and in law relatives, ages 40-50",NA,1,NA,NA,NA,1,NA,NA,3,NA,4,3,4,No,,Yes,No,,No,,NA,18,6,8,2,4,4,5,18,4.5,No,,No,Yes,Yes,Yes,Yes,No,No,Yes,"Horse, Camel",0,1,0,0,"Motorbike, Car",0,0,1,1,"Car, Motorbike",0,0,1,1,NA,10,0,10,5,10,NA,5,10,No,,No,,Yes,Camp/building renovations,Yes,Both,"Meat & dairy, Cash",1,1,NA,NA,,"Other, Cash",NA,1,NA,NA,1,Petrol,"Supplemental fodder, Vehicle or fuel costs",NA,NA,NA,1,NA,1,No,0,24,28,280,160,0,16,20,250,120,Yes,Yes,Yes,Quantity,"Less vegetation overall, Shorter/sparser vegetation",Increase,Births,1,NA,NA,NA,,,,Yes,Increase,Livelihood improvement,Degraded,Slight,Yes,5-Mar,No,Yes,Not enough,Increased,Medium,No,Very important,Very important,Very important,Very important,Important,Very important,Important,Very important,Strongly agree,Generally agree,Strongly agree,Generally agree
12/27/23,12/28/23,402,105,Tuv aimag,Bayan,Bag 2,,Odonchimeg,12/27/23,47.2533301 107.5405683 1398.300048828125 36.9,47.2533301,107.5405683,1398.300049,36.9,1,19,Male,Complete secondary/High school,0,0,0,0,0,0,0,0,0,0,0,0,0,0,0,0,3,8,Yes,"Husband, wife, son, child, child, grandparent, grandparent",1,2,1,1,NA,NA,NA,NA,1,1,NA,NA,NA,"Household head, mother, father, siblings, grandparents",1,2,1,NA,NA,NA,NA,NA,2,2,NA,NA,NA,2,5,1,1,No,,NA,NA,NA,NA,NA,NA,NA,NA,NA,NA,NA,NA,NA,,,NA,NA,NA,NA,NA,NA,,,,,NA,NA,NA,NA,NA,,No,,No,,No,,,,No,,NA,NA,NA,NA,NA,NA,Yes,No,,,Yes,No,No,Yes,No,Yes,No,,,Salary,NA,NA,1,NA,NA,NA,NA,NA,NA,NA,NA,,,,,NA,NA,winter,1,NA,NA,NA,NA,NA,,NA,NA,NA,NA,,"grandfather, father, ages 60, 48 ",2,Family,,"grandfather and father, ages 60 and 48, male ",2,Family,,none,0,,,none,0,,,"grandparents, sister",NA,1,NA,NA,1,1,NA,NA,5,NA,5,3,2,No,,Yes,Yes,Neutral,No,,5,7,5,10,4,4,4,5,10,20,No,,No,No,No,Yes,Yes,Yes,No,Yes,"Horse, Camel",0,1,0,0,"Motorbike, Horse, Camel",0,1,0,1,"Horse, Camel, Motorbike",0,1,0,1,5,3,12,10,5,10,7,5,7,Yes,Follow the livestock during winter,No,,Yes,Degraded pastureland,No,,,NA,NA,NA,NA,,,NA,NA,NA,NA,NA,,,NA,NA,NA,NA,NA,NA,No,0,2,3,10,10,0,0,0,0,0,Yes,Yes,Yes,Both,"Shorter/sparser vegetation, More weeds",Increase,Births,1,NA,NA,NA,,,,Yes,Increase,Increase horses to use them for herding/work,Degraded,Substantial,No,,Yes,Yes,Medium,,,No,Moderately important,Very important,Very important,Very important,Very important,Very important,Very important,Very important,Strongly agree,Strongly agree,Strongly agree,Neither agree nor disagree
12/27/23,12/27/23,402,106,Tuv aimag,Bayan,Bag 2,????,Nyamdavaa,12/27/23,47.0288073 107.6301521 1282.9 4.85,47.0288073,107.6301521,1282.9,4.85,4,48,Male,College/University,1,0,0,1,1,0,0,1,2,0,0,0,0,0,0,0,1,4,No,"Husband, wife, child, child",1,1,1,1,NA,NA,1,NA,NA,NA,NA,NA,NA,"Husband, wife, child",1,1,1,1,NA,NA,NA,NA,NA,NA,NA,NA,1,NA,4,2,2,Yes,"School, Employment",1,NA,NA,1,NA,NA,NA,NA,NA,NA,NA,NA,2015,,During school breaks To assist with migration to new camp (seasonal),NA,NA,1,NA,1,NA,,No,Don't know,"School for children, Employment",1,NA,NA,1,NA,,No,,No,,No,,,,No,,NA,NA,NA,NA,NA,NA,Yes,Yes,Head of the household,Head of the household,Yes,No,No,Yes,Yes,No,Yes,Not specified,Private business,"Salary, Government allowances",NA,NA,1,1,NA,NA,NA,NA,NA,NA,NA,,Bank,1,20mil,20,20,spring,NA,NA,NA,1,NA,NA,Local party,NA,NA,NA,1,,none,0,,,none,0,,,none,0,,,none,0,,,"wife, children, parents ",1,1,1,NA,NA,NA,NA,NA,5,1,5,5,3,Yes,People's party,Yes,No,,Yes,Neutral,10,10,10,3,2,4,4,2,10,10,No,,No,Yes,Yes,Yes,Yes,Yes,Yes,No,"Horse, Camel",0,1,0,0,"Horse, Camel",0,1,0,0,"Horse, Camel, Motorbike",0,1,0,1,10,10,10,10,10,10,10,10,10,Yes,Improve the quality of the livestock,No,,No,,Yes,Sending,"Meat & dairy, Cash",1,1,NA,NA,,,NA,NA,NA,NA,NA,,,NA,NA,NA,NA,NA,NA,No,0,65,85,900,300,0,40,50,600,250,Yes,Yes,Yes,Both,Disappearance of native plants,Increase,Births,1,NA,NA,NA,,,,No,,,Improved,Medium,No,,Yes,No,Medium,,,No,Important,Very important,Very important,Very important,Very important,Very important,Moderately important,Very important,Strongly agree,Strongly agree,Strongly agree,Generally agree
12/27/23,12/27/23,402,107,Tuv aimag,Bayan,Bag 2,????,Nyamdavaa,12/27/23,47.2533131 107.540533 1398.300048828125 4.4,47.2533131,107.540533,1398.300049,4.4,5,54,Male,Complete secondary/High school,2,2,0,0,1,0,0,1,2,0,0,0,0,0,0,0,1,2,No,"Husband, wife",1,1,1,1,NA,NA,NA,NA,NA,NA,NA,NA,NA,"Husband, wife",1,1,1,1,NA,NA,NA,NA,NA,NA,NA,NA,NA,NA,2,2,2,Yes,School,1,NA,NA,NA,NA,NA,NA,NA,NA,NA,NA,NA,2019,,During school breaks,NA,NA,NA,NA,1,NA,,No,Don't know,"School for children,University",1,1,NA,NA,NA,,No,,No,,Yes,Yes,Yes,No,Yes,Herding,NA,1,NA,NA,NA,NA,Yes,Yes,Head of the household,Head of the household,Yes,No,No,Yes,Yes,No,No,,,Government allowances,NA,NA,NA,1,NA,NA,NA,NA,NA,NA,NA,,Bank,1,10 mil,10,10,winter,1,NA,NA,NA,NA,NA,Local party,NA,NA,NA,1,,"1 person, age 86, in the countryside ",1,Not specified,,none,0,,,none,0,,,none,0,,,"daughter, grandfather, wife",NA,1,1,NA,NA,1,NA,NA,3,NA,5,4,1,No,,Yes,No,,No,,5,5,5,5,5,4,5,2,2,2,No,Outside soum,No,Yes,Yes,No,No,No,No,Yes,"Horse, Camel, Motorbike",0,1,0,1,Motorbike,0,0,0,1,"Motorbike, Car",0,0,1,1,5,5,5,5,5,5,5,5,5,No,,No,,No,,Yes,Sending,"Cash, Meat & dairy",1,1,NA,NA,,,NA,NA,NA,NA,NA,,,NA,NA,NA,NA,NA,NA,No,0,40,30,400,500,0,30,40,450,500,Yes,Yes,Yes,Both,Reduced precipitation,The same,,NA,NA,NA,NA,,,,No,,,No change,,No,,Yes,Yes,Good,,,Yes,Very important,Very important,Very important,Very important,Very important,Very important,Very important,Very important,Strongly agree,Strongly agree,Strongly agree,Neither agree nor disagree
12/28/23,12/28/23,402,108,Tuv aimag,Bayan,Bag 2,,Bolor,12/27/23,47.246684 107.53831567536868 0 0,47.246684,107.5383157,0,0,4,51,Male,Complete secondary/High school,2,1,1,0,1,0,0,1,1,0,0,0,0,0,0,0,2,5,No,"Husband, child",NA,1,1,NA,NA,NA,NA,NA,NA,NA,NA,NA,NA,"Husband, child",NA,1,1,NA,NA,NA,1,NA,NA,NA,NA,NA,NA,NA,4,1,1,Yes,"School, Employment",1,NA,NA,1,NA,NA,NA,NA,NA,NA,NA,NA,2006,,Weekly Monthly Other,1,1,NA,NA,NA,1,During celebrations,No,No,"School for children, University, Employment",1,1,NA,1,NA,,Yes,Decreased,Yes,Household chores not done,No,,,,No,,NA,NA,NA,NA,NA,NA,Yes,Yes,Head of the household,Head of the household,Yes,No,Yes,,,,Yes,Not specified,Veterinarian,"Salary, Pension, Government allowances",1,NA,1,1,NA,NA,NA,NA,NA,NA,NA,,Bank,0.5,5-15 mil,5,15,"Autumn, winter and spring",1,1,NA,1,NA,NA,Local party,NA,NA,NA,1,,0,0,,,"5 persons-friends, ages 50",5,Friends,,0,0,,,"4-5 persons, ages 50-60",5,Not specified,,parents and children,1,NA,1,NA,NA,NA,NA,NA,4,NA,5,4,1,No,,Yes,Yes,Neutral,Yes,Confident,NA,20,10,10,5,3,4,40,80,60,Yes,,No,Yes,Yes,Yes,Yes,No,No,No,"Horse, Camel, Motorbike",0,1,0,1,"Horse, Camel, Motorbike",0,1,0,1,Car,0,0,1,0,10,20,5,10,20,5,10,20,5,No,,Yes,Improve the quality of the livestock,Yes,,Yes,Both,"Meat & dairy, Cash",1,1,NA,NA,,"Food, Cash, Technology",1,1,NA,1,NA,,"Supplemental fodder, Vehicle or fuel costs",NA,NA,NA,1,NA,1,,0,20,50,160,80,0,26,50,200,100,Yes,Yes,Yes,Both,"Shorter/sparser vegetation, Higher frequency of dzud",The same,,NA,NA,NA,NA,,,,Yes,Increase,Livelihood improvement,No change,,No,,Yes,Yes,Medium,,,No,Not important at all,Moderately important,Very important,Very important,Very important,Very important,Very important,Important,Strongly agree,Generally agree,Strongly agree,Generally agree
12/27/23,12/28/23,403,109,Tuv aimag,Bayan,Bag 3,No,Tungalag,12/27/23,47.1011484 107.6219077 1319.0 5.0,47.1011484,107.6219077,1319,5,7,49,Male,Complete secondary/High school,0,2,0,0,1,0,0,1,2,0,0,0,0,0,0,0,1,7,No,"Husband, son, daughter, daughter, daughter, daughter, daughter",5,2,1,NA,1,5,6,NA,NA,NA,NA,NA,NA,6 people,NA,NA,NA,NA,NA,NA,NA,NA,NA,NA,NA,NA,6,NA,6,7,2,Yes,Higher Education,NA,NA,1,NA,NA,NA,NA,NA,NA,NA,NA,NA,2021,,During school breaks,NA,NA,NA,NA,1,NA,,No,Don't know,University,NA,1,NA,NA,NA,,No,,No,,Yes,No,Yes,No,No,,NA,NA,NA,NA,NA,NA,Yes,Yes,Head of the household,Head of the household,Yes,No,No,Yes,Yes,No,Yes,Household head,Employment in restaurant,"Salary, Government allowances, Other",NA,NA,1,1,NA,NA,NA,NA,NA,NA,1,Operates canteen,Bank,1,4-14mil,4,14,Winter-fodder and Lunar new year,1,NA,1,NA,NA,NA,,NA,NA,NA,NA,,"1 friend, age 40, male ",1,Friend,,friends,Not specified,Friends,,"1 person, siblings, ages 60& 40, male ",2,Family,,"1-2 person from countryside, and 1 friend",2,Friends,,"wife, brother, and best friend",NA,1,NA,1,1,NA,NA,NA,NA,NA,4,3,1,Yes,Dormitory,Yes,Yes,Neutral,Yes,Confident,NA,7,3,5,2,4,4,7,38,4.9,No,,No,Yes,Yes,Yes,Yes,No,No,Yes,"Horse, Camel",0,1,0,0,"Horse, Camel, Motorbike",0,1,0,1,"Motorbike, Horse, Camel",0,1,0,1,NA,7,0,NA,7,0,NA,7,0,Yes,Maintain livestock numbers,Yes,"Planting pasture grass, Fencing the pasture",Yes,"Delayed resolution on land issue, Financial difficulty",Yes,Sending,"Meat & dairy, Cash",1,1,NA,NA,,,NA,NA,NA,NA,NA,,,NA,NA,NA,NA,NA,NA,No,0,16,35,150,180,0,16,30,150,160,Yes,Yes,Yes,Both,"More weeds, Disappearance of native plants, Reduced precipitation, Less surface water, More sand",The same,,NA,NA,NA,NA,,,,Yes,Maintain,Improve the quality of livestock,Degraded,Medium,No,,Yes,Yes,Medium,,,Yes,Moderately important,Very important,Important,Very important,Important,Very important,Very important,Very important,Strongly agree,Strongly agree,Generally agree,Neither agree nor disagree
12/27/23,12/28/23,403,110,Tuv aimag,Bayan,Bag 3,No,Tungalag,12/27/23,47.0495304 107.6439613 1323.0 5.0,47.0495304,107.6439613,1323,5,7,47,Male,Complete secondary/High school,0,0,0,3,1,0,0,0,1,0,0,0,1,0,0,0,2,9,No,"Husband, wife, child, child, child",1,1,1,1,NA,NA,2,NA,NA,NA,NA,NA,NA,"Husband, wife, son (when he is available)",1,2,1,1,1,NA,NA,NA,NA,NA,NA,NA,NA,NA,3,4,2,No,,NA,NA,NA,NA,NA,NA,NA,NA,NA,NA,NA,NA,NA,,,NA,NA,NA,NA,NA,NA,,,,,NA,NA,NA,NA,NA,,No,,No,,No,,,,No,,NA,NA,NA,NA,NA,NA,No,No,,,Yes,No,Yes,,,,Yes,Son,Mining,"Pension, Salary, Government allowances",1,NA,1,1,1,NA,NA,NA,NA,NA,NA,,Bank,0,,NA,NA,Winter- require fodder,1,NA,NA,NA,NA,NA,,NA,NA,NA,NA,,0,0,,,0,0,,,0,0,,,Mother in law who is 90 year old helps.,1,Family,,"parents, sisters, ages 63-65 ",1,NA,NA,NA,1,NA,NA,NA,2,NA,2,1,3,No,,Yes,Yes,Neutral,No,,NA,9,9,5,5,3,3,3,10,0,Yes,Outside soum,Yes,Yes,Yes,Yes,Yes,No,No,No,"Horse, Camel Motorbike",0,1,0,1,Motorbike,0,0,0,1,Motorbike,0,0,0,1,NA,9,9,NA,9,9,9,9,9,No,,Yes,"Maintain cows only, Planting pasture grass",Yes,Lack of time,No,,,NA,NA,NA,NA,,,NA,NA,NA,NA,NA,,,NA,NA,NA,NA,NA,NA,No,0,61,22,350,350,0,50,15,0,0,Yes,Yes,Yes,Quantity,Improved had drought 5 years ago,Increase,"Births, Purchased more",1,1,NA,NA,,,,Yes,Maintain,Maintain cows only,Improved,Medium,No,,Yes,No,Medium,,,No,Important,Very important,Very important,Very important,Moderately important,Important,Very important,Very important,Strongly agree,Strongly agree,Generally agree,Neither agree nor disagree
12/27/23,12/27/23,403,111,Tuv aimag,Bayan,Bag 3,,Bilguun,12/27/23,47.2802606 107.5275223 1379.555908203125 6.236,47.2802606,107.5275223,1379.555908,6.236,4,46,Male,Secondary,3,0,0,0,0,0,0,0,0,0,0,0,0,0,0,0,1,4,,Husband,NA,1,1,NA,NA,NA,NA,NA,NA,NA,NA,NA,NA,"Husband, wife",1,1,1,1,NA,NA,NA,NA,NA,NA,NA,NA,NA,NA,2,1,1,,,NA,NA,NA,NA,NA,NA,NA,NA,NA,NA,NA,NA,NA,,,NA,NA,NA,NA,NA,NA,,,,,NA,NA,NA,NA,NA,,,,,,No,,,,No,,NA,NA,NA,NA,NA,NA,Yes,Yes,Husband,Husband,Yes,Yes,No,Yes,Yes,No,No,,,Government allowances,NA,NA,NA,1,1,NA,NA,NA,NA,NA,NA,,Bank,1,5 mil,5,5,autumn-fodder,NA,1,NA,NA,NA,NA,,NA,NA,NA,NA,,0,0,,,"5 persons, ages 45, male",5,Not specified,,0,0,,,0,0,,,friends,NA,NA,NA,1,NA,NA,NA,NA,5,NA,5,5,1,,,Yes,No,,No,,NA,10,3,10,3,0,2,0,2,80,No,,No,No,Yes,Yes,No,No,No,Yes,"Horse, Camel",0,1,0,0,Motorbike,0,0,0,1,Motorbike,0,0,0,1,NA,3,10,NA,3,10,NA,2,4,No,,No,,No,,No,,,NA,NA,NA,NA,,,NA,NA,NA,NA,NA,,,NA,NA,NA,NA,NA,NA,No,0,8,20,70,50,0,50,100,800,200,Yes,Yes,Yes,Both,"Less vegetation overall, higher temperature in summer",Decrease,,NA,NA,NA,NA,,Drought-related death,,No,,,Degraded,Substantial,No,,No,Yes,Good,,,No,Very important,Very important,Very important,Very important,Very important,Very important,Very important,Not important at all,Strongly agree,Strongly disagree,Strongly agree,Strongly disagree
12/27/23,12/27/23,403,112,Tuv aimag,Bayan,Bag 3,,Munkhtur,12/27/23,47.27718 107.5288343 1372.8 3.7,47.27718,107.5288343,1372.8,3.7,5,40,Male,Secondary,3,1,2,0,0,1,0,0,1,0,0,0,0,0,0,0,1,5,No,Husband,NA,1,1,NA,NA,NA,NA,NA,NA,NA,NA,NA,NA,"Husband, wife",1,1,1,1,NA,NA,NA,NA,NA,NA,NA,NA,NA,NA,2,1,1,Yes,School,1,NA,NA,NA,NA,NA,NA,NA,NA,NA,NA,NA,2021,,Weekly During school breaks,1,NA,NA,NA,1,NA,,No,No,"School for children, Employment",1,NA,NA,1,NA,,Yes,Decreased,Yes,Lacking human capacity,No,,,,Yes,Day laboring,1,NA,NA,NA,NA,NA,Yes,Yes,Yes,Head of the household,Yes,No,No,Yes,Yes,No,Yes,Wife,School teacher,"Salary, Government allowances",NA,NA,1,1,NA,NA,NA,NA,NA,NA,NA,,Bank,1,12mil,12,12,autumn,NA,1,NA,NA,NA,NA,,NA,NA,NA,NA,,none,0,,,none,0,,,none,0,,,none,0,,,"wife, brother, father ",1,1,NA,NA,1,NA,NA,NA,5,1,5,5,2,No,,Yes,Yes,Strongly agree,No,,6,5,3,5,5,0,0,0,0,7,No,,No,No,No,No,No,No,No,Yes,"Motorbike, Horse, Camel",0,1,0,1,"Horse, Camel, Motorbike",0,1,0,1,"Motorbike, Horse, Camel, Car",0,1,1,1,7,5,7,5,5,6,5,5,6,No,,No,,Yes,Fence needlegrass,Yes,Sending,"Meat & dairy, Cash",1,1,NA,NA,,,NA,NA,NA,NA,NA,,,NA,NA,NA,NA,NA,NA,No,0,23,100,300,230,0,33,80,650,350,Yes,Yes,Yes,Both,"Less vegetation overall,  Less nutritious plants",Decrease,,NA,NA,NA,NA,,Drought-related death,,Yes,Increase,,Degraded,Medium,No,,No,Yes,Not enough,,,No,Not important at all,Very important,Very important,Very important,Very important,Very important,Very important,Very important,Strongly agree,Strongly agree,Strongly agree,Neither agree nor disagree
12/27/23,12/27/23,403,113,Tuv aimag,Bayan,Bag 3,,Munkhtuvshin,12/27/23,47.2789811 107.5249776 1396.2000732421875 3.9,47.2789811,107.5249776,1396.200073,3.9,4,38,Male,Complete secondary/High school,2,1,0,0,0,0,0,0,2,0,0,0,0,0,0,0,2,5,Yes,"Husband, wife",1,1,1,1,NA,NA,NA,NA,NA,NA,NA,NA,NA,"Husband, wife, son, mother",2,2,1,1,1,NA,NA,NA,NA,NA,NA,NA,NA,1,4,3,2,Yes,School,1,NA,NA,NA,NA,NA,NA,NA,NA,NA,NA,NA,2014,,During school breaks,NA,NA,NA,NA,1,NA,,No,Yes,School for children,1,NA,NA,NA,NA,,No,,No,,No,,,,Yes,Shearing livestock,NA,NA,NA,NA,NA,1,Yes,Yes,Nyamdorj,Head of the household,Yes,No,No,Yes,Yes,No,Yes,Not specified,Employment in mining,"Salary, Government allowances",NA,NA,1,1,NA,NA,NA,NA,NA,NA,NA,,none,0,,NA,NA,Dec-February for fodder,1,NA,NA,NA,NA,NA,,NA,NA,NA,NA,,0,0,,,"brother, age 73",1,Family,,0,0,,,0,0,,,"mother, age 62, wife, age 37, son age 12",1,1,1,NA,NA,NA,NA,NA,4,NA,4,4,4,No,,Yes,Yes,Neutral,Yes,Strongly confident,15,20,10,3,5,1,2,10,22,50,No,,No,Yes,Yes,Yes,Yes,No,No,No,"Horse, Camel",0,1,0,0,"Horse, Camel",0,1,0,0,Car,0,0,1,0,10,20,15,30,30,20,20,30,15,No,,Yes,Fence hay-making area,No,,Yes,Both,"Meat & dairy, Cash",1,1,NA,NA,,Food,1,NA,NA,NA,NA,,,NA,NA,NA,NA,NA,NA,No,0,10,31,100,51,0,21,22,500,122,Yes,Yes,No,,,Increase,Births,1,NA,NA,NA,,,,Yes,Increase,Purchase more,Degraded,Medium,No,,No,Yes,Medium,,,No,Important,Very important,Very important,Very important,Important,Important,Very important,Very important,Strongly agree,Strongly agree,Strongly agree,Generally agree
12/27/23,12/27/23,403,114,Tuv aimag,Bayan,Bag 3,,Munkhtuvshin,12/27/23,47.2716592 107.522827 1357.6 3.6,47.2716592,107.522827,1357.6,3.6,5,50,Male,Complete secondary/High school,0,0,0,0,3,1,0,2,2,0,0,0,0,0,0,0,1,3,No,"Husband, wife, son",1,2,1,1,1,NA,1,NA,NA,NA,NA,NA,NA,"Husband, wife, son, 2 younger siblings",1,2,1,1,1,NA,NA,NA,NA,2,NA,NA,NA,NA,5,4,1,Yes,School,1,NA,NA,NA,NA,NA,NA,NA,NA,NA,NA,NA,2015,,During school breaks,NA,NA,NA,NA,1,NA,,No,Yes,"School for children, University",1,1,NA,NA,NA,,Yes,Decreased,Yes,Restrictions to mobility,Yes,Yes,Yes,Yes,Yes,Shearing livestock,NA,NA,NA,NA,NA,1,Yes,Yes,Purevdorj,Head of the household,Yes,No,No,Yes,Yes,No,No,,,Government allowances,NA,NA,NA,1,NA,NA,NA,NA,NA,NA,NA,,Bank,1,10 mil,10,10,August- for school year and lunar new year,NA,1,1,NA,NA,NA,,NA,NA,NA,NA,,0,0,,,"brother and sisters, ages 54 &65",2,Family,,0,0,,,0,0,,,"husband, age 50, a friend, age 50, sister age 62",NA,1,NA,NA,1,NA,NA,NA,4,NA,5,4,3,No,,Yes,Yes,Neutral,No,,5,6,5,5,5,5,5,12,65,120,Yes,Inside soum,Yes,No,No,No,No,No,No,Yes,"Motorbike, Horse, Camel",0,1,0,1,Motorbike,0,0,0,1,Motorbike,0,0,0,1,5,15,10,15,20,15,10,20,15,Yes,Provided more fodder,Yes,Reduced the herd size,No,,Yes,Sending,"Meat & dairy, Cash",1,1,NA,NA,,,NA,NA,NA,NA,NA,,,NA,NA,NA,NA,NA,NA,No,0,32,200,455,325,0,65,112,512,195,Yes,Yes,Yes,Both,"Less vegetation overall, Shorter/sparser vegetation, Reduced plant species diversity, Reduced plant regeneration",Increase,Births,1,NA,NA,NA,,,,Yes,Decrease,,No change,,No,,Yes,Yes,Good,,,No,Important,Very important,Very important,Very important,Very important,Very important,Very important,Very important,Strongly agree,Strongly agree,Strongly agree,Generally agree
12/28/23,12/28/23,403,115,Tuv aimag,Bayan,Bag 3,,Bolor,12/27/23,47.24780212035913 107.53383617596342 0 0,47.24780212,107.5338362,0,0,5,34,Male,Complete secondary/High school,3,1,1,0,2,0,0,0,0,0,0,0,0,0,0,0,2,9,No,"Husband, wife, child, child, child",1,1,1,1,NA,NA,1,NA,NA,NA,NA,NA,NA,"Husband, wife, children",1,1,NA,NA,NA,NA,3,NA,NA,NA,NA,NA,NA,NA,4,1,1,Yes,School,1,NA,NA,NA,NA,NA,NA,NA,NA,NA,NA,NA,2018,,Weekly During school breaks,1,NA,NA,NA,1,NA,,No,Don't know,School for children,1,NA,NA,NA,NA,,No,,No,,Yes,Yes,No,No,Yes,Shearing livestock,NA,NA,NA,NA,NA,1,Yes,Yes,husband,Husband,Yes,No,No,Yes,Yes,No,Yes,Not specified,Knitting,"Salary, Saving in bank",NA,NA,1,NA,NA,NA,NA,NA,NA,NA,NA,,Bank,1,5-21mil,5,21,Winter and spring,1,NA,NA,1,NA,NA,Local party,NA,NA,NA,1,,"4 persons, from soum agriculture depart ",4,Professional,Soum agriculture department,"father, mother, friends ",Not specified,"Family, Friends",,"4 persons, ages  20 - 30, in UB",4,Not specified,,,,,,2 friends,NA,NA,NA,1,NA,NA,NA,NA,5,NA,5,5,4,Yes,,Yes,Yes,Agree,Yes,Confident,NA,3,2,3,3,3,3,NA,30,30,No,,No,Yes,Yes,Yes,Yes,Yes,No,Yes,"Horse, Camel, Motorbike",0,1,0,1,"Horse, Camel, Motorbike",0,1,0,1,"Horse, Camel, Motorbike",0,1,0,1,6,3,3,NA,3,3,3,3,3,Yes,"Fencing the pasture, Maintain livestock numbers, Changed the breeder livestock (male)",Yes,Fencing the pasture,Yes,Financial difficulty,Yes,Sending,"Meat & dairy, Cash, Other",1,1,NA,1,Clothes and school supplies,,NA,NA,NA,NA,NA,,,NA,NA,NA,NA,NA,NA,No,0,52,46,432,528,0,20,10,200,300,Yes,Yes,Yes,Quantity,"Shorter/sparser vegetation, More sand",Increase,Births,1,NA,NA,NA,,,,Yes,,,No change,,No,,Yes,Yes,Medium,,,No,Important,Important,Very important,Very important,Very important,Very important,Very important,Important,Strongly agree,Strongly agree,Strongly agree,Strongly disagree
12/25/23,12/27/23,414,116,Tuv aimag,Bayantsagaan,Bag 1,,Odonchimeg,12/25/23,46.7723911 107.1453311 1312.3999999999999 13.033,46.7723911,107.1453311,1312.4,13.033,5,35,Male,Complete secondary/High school,3,3,0,0,1,0,0,0,1,0,0,0,0,0,0,0,2,3,Yes,"husband, wife, grandmother",2,1,1,1,NA,NA,NA,NA,1,NA,NA,NA,NA,"husband, wife, grandmother",2,1,1,1,NA,NA,NA,NA,NA,NA,NA,NA,NA,1,3,2,1,Yes,"School, Kindergarten",1,1,NA,NA,NA,NA,NA,NA,NA,NA,NA,NA,NA,September,Weekly During school breaks To assist with migration to new camp (seasonal),1,NA,1,NA,1,NA,,No,Yes,School for children,1,NA,NA,NA,NA,,Yes,Decreased,No,,Yes,No,Yes,No,Yes,Herding,NA,1,NA,NA,NA,NA,Yes,Yes,Husband,Husband,Yes,No,No,Yes,Yes,Yes,No,,,Government allowances,NA,NA,NA,1,NA,NA,NA,NA,NA,NA,NA,,Bank,1,5-6 mil,5,6,winter,1,NA,NA,NA,NA,NA,,NA,NA,NA,NA,,"bag governor, age 40, female",1,Civic,,none,0,,,none,0,,,none,0,,,"mother, wife and brother",1,1,NA,NA,1,NA,NA,NA,5,NA,5,5,1,No,,Yes,No,Strongly disagree,Yes,Strongly confident,5,7,5,6,5,3,4,10,20,20,No,,No,Yes,Yes,Yes,No,No,No,Yes,"Horse, Camel",0,1,0,0,"Motorbike, Horse, Camel",0,1,0,1,"Horse, Camel, Motorbike",0,1,0,1,5,4,7,10,4,7,10,5,8,Yes,Migrate to land with more salt marsh and wild leek,Yes,Fencing the pasture,Yes,Protect pasture,Yes,Sending,"Meat & dairy, Cash",1,1,NA,NA,,,NA,NA,NA,NA,NA,,,NA,NA,NA,NA,NA,NA,No,0,10,10,100,100,0,5,10,100,100,Yes,Yes,Yes,Quantity,Reduced plant species diversity,The same,,NA,NA,NA,NA,,,,Yes,Increase,Increase the number of new borns,Degraded,Substantial,No,,No,Yes,Medium,,,No,Important,Very important,Very important,Very important,Very important,Very important,Very important,Very important,Strongly agree,Strongly agree,Strongly agree,Strongly agree
12/28/23,12/28/23,414,117,Tuv aimag,Bayantsagaan,Bag 1,,Bolor,12/25/23,,NA,NA,NA,NA,2,59,Male,Elementary,0,0,0,0,0,0,0,0,2,2,0,0,0,0,0,0,1,2,,"Husband, wife",1,1,1,1,NA,NA,NA,NA,NA,NA,NA,NA,NA,"Husband, wife",1,1,1,1,NA,NA,NA,NA,NA,NA,NA,NA,NA,NA,2,2,2,No,,NA,NA,NA,NA,NA,NA,NA,NA,NA,NA,NA,NA,NA,,,NA,NA,NA,NA,NA,NA,,,,,NA,NA,NA,NA,NA,,,,,,Yes,,,,Yes,Shearing livestock,NA,NA,NA,NA,NA,1,Yes,Yes,Husband,Husband,Yes,No,No,Yes,Yes,No,No,,,Pension,1,NA,NA,NA,NA,NA,NA,NA,NA,NA,NA,,Bank,1,0.3- 5 mil,0.3,5,winter,1,NA,NA,NA,NA,NA,,NA,NA,NA,NA,,0,0,,,"3-4 persons, ages 50+, male and female ",4,Not specified,,0,0,,,0,0,,,husband and children,NA,1,1,NA,NA,NA,NA,NA,NA,NA,3,NA,NA,No,,No,Yes,Neutral,No,,5,6,6,3,3,6,6,6.75,27,26,Yes,Inside soum,Yes,No,Yes,Yes,Yes,No,Yes,Yes,Motorbike,0,0,0,1,Motorbike,0,0,0,1,Motorbike,0,0,0,1,50,15,15,13,15,15,NA,15,15,No,,Yes,"Reduced the herd size, improve the quality of the livestock",Yes,"Financial difficulty, Low price of products ",Yes,Both,"Meat & dairy, Cash",1,1,NA,NA,,Food,1,NA,NA,NA,NA,,,NA,NA,NA,NA,NA,NA,No,0,50,20,380,250,0,20,15,200,210,Yes,Yes,Yes,Both,"Shorter/sparser vegetation, Less fattening of animals, Less milk production",Increase,Births,1,NA,NA,NA,,,,No,,,No change,,No,,Yes,Yes,Not enough,,,Yes,Very important,Important,Very important,Very important,Important,Very important,Important,Important,Strongly agree,Generally agree,Generally agree,Neither agree nor disagree
12/25/23,12/27/23,414,118,Tuv aimag,Bayantsagaan,Bag 1,?????? ????? ??????,Nyamdavaa,12/25/23,46.7725811 107.1442945 1324.3 4.833,46.7725811,107.1442945,1324.3,4.833,6,45,Male,Complete secondary/High school,2,2,0,0,2,0,0,2,2,0,0,0,0,0,0,0,1,6,No,"Husband, wife, child, child",1,1,1,1,NA,NA,1,NA,NA,NA,NA,NA,NA,3-Feb,NA,NA,NA,NA,NA,NA,NA,NA,NA,NA,NA,NA,3,NA,6,2,2,No,,NA,NA,NA,NA,NA,NA,NA,NA,NA,NA,NA,NA,NA,,,NA,NA,NA,NA,NA,NA,,,,School for children,1,NA,NA,NA,NA,,No,,No,,Yes,Yes,Yes,Yes,Yes,"Shearing livestock, Herding, Migration",NA,1,NA,NA,1,1,Yes,Yes,Head of the household,Head of the household,Yes,No,Yes,,,,Yes,Not specified,Public service,"Salary, Government allowances",NA,NA,1,1,NA,NA,NA,NA,NA,NA,NA,,Bank,1,10-20 ???,10,20,depends on demands,NA,NA,NA,NA,NA,NA,At Community level At Bag/Soum level,1,1,NA,NA,,"3 persons, ages 50-80, elderly country man",3,Not specified,,none,0,,,none,0,,,none,0,,,"parents, wife",1,1,NA,NA,NA,NA,NA,NA,5,2,2,1,1,No,,Yes,Yes,Neutral,No,,12,10,5,4,7,4,8,30,180,30,Yes,Outside soum,Yes,Yes,Yes,Yes,Yes,Yes,Yes,Yes,"Motorbike, Horse, Camel",0,1,0,1,"Horse, Camel, Motorbike",0,1,0,1,"Motorbike, Car",0,0,1,1,5,7,7,7,10,10,10,10,10,Yes,Rotational grazing,Yes,Placing the animals in a same area,Yes,Lacking human capacity,Yes,Sending,"Meat & dairy, Cash",1,1,NA,NA,,,NA,NA,NA,NA,NA,,,NA,NA,NA,NA,NA,NA,No,0,30,170,800,200,0,30,100,500,80,Yes,Yes,Yes,Both,Less vegetation overall,Increase,Births,1,NA,NA,NA,,,,Yes,Maintain,Improve the quality of livestock,No change,,No,,Yes,Yes,Medium,,,No,Very important,Very important,Very important,Very important,Very important,Moderately important,Very important,Very important,Strongly agree,Strongly agree,Strongly agree,Strongly disagree
12/25/23,12/27/23,414,119,Tuv aimag,Bayantsagaan,Bag 1,????,Nyamdavaa,12/25/23,,NA,NA,NA,NA,3,57,Male,Secondary,1,1,0,0,0,0,0,0,2,1,0,0,0,0,0,0,2,7,Yes,Husband,NA,1,1,NA,NA,NA,NA,NA,NA,NA,NA,NA,NA,1,NA,NA,NA,NA,NA,NA,NA,NA,NA,NA,NA,NA,1,NA,1,1,1,No,,NA,NA,NA,NA,NA,NA,NA,NA,NA,NA,NA,NA,NA,,,NA,NA,NA,NA,NA,NA,,,,School for children,1,NA,NA,NA,NA,,Yes,Decreased,No,,No,,,,No,,NA,NA,NA,NA,NA,NA,Yes,Yes,Head of the household,Head of the household,Yes,No,No,Yes,No,No,Yes,Not specified,Commercial service,"Pension, Salary, Government allowances",1,NA,1,1,NA,NA,NA,NA,NA,NA,NA,,Bank,1,6mil,6,6,winter,1,NA,NA,NA,NA,NA,Other local organizations:,NA,NA,1,NA,The cultural center,none,0,,,none,0,,,none,0,,,none,0,,,"wife, child, and neighbors",NA,1,1,NA,NA,NA,NA,1,5,1,5,3,1,Yes,Cultural organization,Yes,No,,Yes,Neutral,5,6,2,3,3,3,3,5,30,10,No,,No,Yes,No,No,No,No,No,Yes,"Horse, Camel, Motorbike",0,1,0,1,"Horse, Camel, Motorbike",0,1,0,1,"Motorbike, Car",0,0,1,1,5,5,5,5,5,5,5,3,6,No,,No,,Yes,Financial difficulty,No,,,NA,NA,NA,NA,,,NA,NA,NA,NA,NA,,,NA,NA,NA,NA,NA,NA,No,0,13,5,40,60,0,6,20,100,40,Yes,Yes,No,,,The same,,NA,NA,NA,NA,,,,No,,,No change,,No,,Yes,Yes,Good,,,No,Slightly important,Very important,Very important,Very important,Very important,Moderately important,Very important,Very important,Strongly agree,Generally agree,Strongly agree,Neither agree nor disagree
12/25/23,12/27/23,414,120,Tuv aimag,Bayantsagaan,Bag 1,????,Nyamdavaa,12/25/23,,NA,NA,NA,NA,3,40,Male,Secondary,1,0,0,0,0,0,0,0,2,0,0,0,0,0,0,0,1,3,No,"Unspecified, unspecified",NA,NA,NA,NA,NA,NA,NA,NA,NA,NA,NA,NA,2,2,NA,NA,NA,NA,NA,NA,NA,NA,NA,NA,NA,NA,2,NA,2,1,1,No,,NA,NA,NA,NA,NA,NA,NA,NA,NA,NA,NA,NA,NA,,,NA,NA,NA,NA,NA,NA,,,,,NA,NA,NA,NA,NA,,No,,No,,No,,,,No,,NA,NA,NA,NA,NA,NA,Yes,Yes,Head of the household,Head of the household,Yes,No,Yes,,,,No,,,Government allowances,NA,NA,NA,1,NA,NA,NA,NA,NA,NA,NA,,Bank,1,5mil,5,5,winter,1,NA,NA,NA,NA,NA,,NA,NA,NA,NA,,"3persons, ",3,Not specified,,,,,,,,,,,,,,,NA,NA,NA,NA,NA,NA,NA,NA,NA,NA,NA,NA,NA,,,,,,,,NA,NA,NA,NA,NA,NA,NA,NA,NA,NA,,,,,,,,,,,,NA,NA,NA,NA,,NA,NA,NA,NA,,NA,NA,NA,NA,NA,NA,NA,NA,NA,NA,NA,NA,NA,,,,,,,,,,NA,NA,NA,NA,,,NA,NA,NA,NA,NA,,,NA,NA,NA,NA,NA,NA,,NA,NA,NA,NA,NA,NA,NA,NA,NA,NA,,,,,,,,NA,NA,NA,NA,,,,,,,,,,,,,,,,,,,,,,,,,,,,
12/27/23,12/27/23,414,121,Tuv aimag,Bayantsagaan,Bag 1,????,Nyamdavaa,12/25/23,46.3656904 108.3773594 1260.7000732421875 4.8,46.3656904,108.3773594,1260.700073,4.8,2,60,Male,Secondary,0,0,0,0,0,0,0,0,0,0,0,0,2,0,0,0,1,2,No,"Husband, wife",1,1,1,1,NA,NA,NA,NA,NA,NA,NA,NA,NA,"Husband, wife",1,1,1,1,NA,NA,NA,NA,NA,NA,NA,NA,NA,NA,2,1,1,No,,NA,NA,NA,NA,NA,NA,NA,NA,NA,NA,NA,NA,NA,,,NA,NA,NA,NA,NA,NA,,,,Employment,NA,NA,NA,1,NA,,No,,No,,No,,,,Yes,Shearing livestock,NA,NA,NA,NA,NA,1,Yes,Yes,Head of the household,Head of the household,Yes,No,Yes,,,,No,,,Pension,1,NA,NA,NA,NA,NA,NA,NA,NA,NA,NA,,none,0,,NA,NA,winter,1,NA,NA,NA,NA,NA,Local party,NA,NA,NA,1,,none,0,,,none,0,,,none,0,,,none,0,,,wife and children,NA,1,1,NA,NA,NA,NA,NA,5,1,5,4,1,Yes,People's party,Yes,Yes,Agree,Yes,Neutral,3,3,3,2,2,0,0,0,0,3,No,,No,No,No,No,No,No,No,No,"Walk, Horse, Camel",1,1,0,0,"Walk, Horse, Camel, Motorbike",1,1,0,1,"Car, Motorbike",0,0,1,1,3,3,3,5,5,5,5,5,5,No,,Yes,"Reduced the herd size, contribute to the saving",Yes,Low price of products,Yes,Both,"Meat & dairy, Cash",1,1,NA,NA,,Food,1,NA,NA,NA,NA,,,NA,NA,NA,NA,NA,NA,No,0,20,0,200,200,0,10,0,300,250,Yes,Yes,Yes,Both,Shorter/sparser vegetation,Decrease,,NA,NA,NA,NA,,Gave away as gift,,Yes,Decrease,,No change,,No,,Yes,Yes,Medium,,,No,Very important,Very important,Very important,Very important,Very important,Very important,Very important,Very important,Strongly agree,Strongly agree,Strongly agree,Strongly disagree
12/28/23,12/28/23,414,122,Tuv aimag,Bayantsagaan,Bag 1,???????,Tungalag,12/25/23,,NA,NA,NA,NA,2,49,Male,Complete secondary/High school,0,0,0,0,0,0,0,0,1,0,0,0,0,1,0,0,1,1,No,Son,NA,1,NA,NA,1,NA,1,NA,NA,NA,NA,NA,NA,son,NA,1,NA,NA,1,NA,NA,NA,NA,NA,NA,NA,NA,NA,1,2,1,No,,NA,NA,NA,NA,NA,NA,NA,NA,NA,NA,NA,NA,NA,,,NA,NA,NA,NA,NA,NA,,,,,NA,NA,NA,NA,NA,,No,,No,,No,,,,,,NA,NA,NA,NA,NA,NA,Yes,Yes,Mother,Mother,Yes,No,No,No,No,No,Yes,Son,Part-time employment in mining,"Pension, Salary",1,NA,1,NA,NA,NA,NA,NA,NA,NA,NA,,Bank,1,"1,8 mil",1,1.8,Winter-fodder,1,NA,NA,NA,NA,NA,At Community level,NA,1,NA,NA,,0,0,,,"4 children, ages 30 and 40 ",4,Family,,0,0,,,"son, age 30, in UB",1,Family,,2 sons and 1 daughter,NA,NA,1,NA,NA,NA,NA,NA,NA,NA,4,3,4,Yes,Soum government,Yes,No,,No,,NA,8,5,5,3,5,5,12,60,12,No,,No,Yes,Yes,Yes,Yes,No,No,Yes,"Horse, Camel",0,1,0,0,"Horse, Camel, Motorbike",0,1,0,1,"Horse, Camel, Motorbike",0,1,0,1,NA,8,6,8,0,0,NA,8,0,No,,Yes,Make nicer dairy products,Yes,Lack of time,Yes,Both,Meat & dairy,1,NA,NA,NA,,Food,1,NA,NA,NA,NA,,,NA,NA,NA,NA,NA,NA,No,0,13,0,10,45,0,9,0,13,53,Yes,Yes,Yes,Both,"Less vegetation overall, Shorter/sparser vegetation, Disappearance of native plants",Decrease,,NA,NA,NA,NA,,Slaughter for home consumption,,Yes,Increase,Livelihood improvement,Degraded,Medium,Yes,2-Jan,No,No,Not enough,No change,,No,Slightly important,Moderately important,Important,Very important,Important,Important,Important,Important,Generally agree,Strongly agree,Generally agree,Neither agree nor disagree
12/25/23,12/25/23,414,123,Tuv aimag,Bayantsagaan,Bag 1,?????,Munkhtuvshin,12/25/23,,NA,NA,NA,NA,2,69,Female,Elementary,0,0,0,0,0,0,0,0,1,0,0,0,1,0,0,0,0,1,No,"Unspecified, unspecified",NA,NA,NA,NA,NA,NA,NA,NA,NA,NA,NA,NA,2,"Mother, son",1,1,NA,NA,1,NA,NA,NA,NA,NA,NA,NA,NA,1,2,2,1,No,,NA,NA,NA,NA,NA,NA,NA,NA,NA,NA,NA,NA,NA,,,NA,NA,NA,NA,NA,NA,,,,,NA,NA,NA,NA,NA,,,,,,No,,,,No,,NA,NA,NA,NA,NA,NA,Yes,Yes,Erdene-ochir,Head of the household,Yes,No,No,No,No,No,No,,,Pension,1,NA,NA,NA,NA,NA,NA,NA,NA,NA,NA,,Bank,1,10 mil,10,10,Lunar new year,NA,NA,1,NA,NA,NA,,NA,NA,NA,NA,,"a son, age 35",1,Family,,"son, age 35",1,Family,,0,0,,,0,0,,,"daughter, age 49, sons, age 33&35",NA,NA,1,NA,NA,NA,NA,NA,5,5,4,3,5,No,,No,Yes,Agree,Yes,Strongly confident,10,10,6,7,5,3,4,20,40,300,No,,Yes,Yes,No,Yes,Yes,No,No,Yes,"Horse, Camel",0,1,0,0,Motorbike,0,0,0,1,"Motorbike, Car",0,0,1,1,15,20,20,10,15,20,15,7,15,No,,No,,Yes,Fence needlegrass,Yes,Both,Meat & dairy,1,NA,NA,NA,,"Food, Cash",1,1,NA,NA,NA,,"Supplemental fodder, Vehicle or fuel costs",NA,NA,NA,1,NA,1,No,0,25,80,460,150,0,20,25,420,160,Yes,Yes,Yes,Both,"Shorter/sparser vegetation, Changing climate",Increase,Births,1,NA,NA,NA,,,,Yes,Decrease,,No change,,No,,No,Yes,Medium,,,No,Very important,Important,Important,Very important,Very important,Very important,Important,Important,Strongly agree,Strongly agree,Strongly agree,Generally agree
12/28/23,12/28/23,414,124,Tuv aimag,Bayantsagaan,Bag 1,,Bolor,12/25/23,,NA,NA,NA,NA,1,80,Female,Complete secondary/High school,0,0,0,0,0,0,0,0,0,0,0,0,1,0,0,0,2,11,Yes,"son, daughter",1,1,NA,NA,1,1,2,NA,NA,NA,NA,NA,NA,"son, daughter",1,1,NA,NA,1,1,NA,NA,NA,NA,NA,NA,NA,NA,11,2,3,No,,NA,NA,NA,NA,NA,NA,NA,NA,NA,NA,NA,NA,NA,,,NA,NA,NA,NA,NA,NA,,,,,NA,NA,NA,NA,NA,,,,,,No,,,,No,,NA,NA,NA,NA,NA,NA,Yes,No,,,Yes,No,No,Yes,No,No,No,,,Pension,1,NA,NA,NA,NA,NA,NA,NA,NA,NA,NA,,Bank,1,1-3mil,1,3,Lunar new year,NA,NA,1,NA,NA,NA,,NA,NA,NA,NA,,"2 persons, ages 46 &42, male and female ",2,Not specified,,20,20,Not specified,,0,0,,,"2-3 persons, ages 50& 60 ",3,Not specified,,3 children,NA,NA,1,NA,NA,NA,NA,NA,5,NA,5,4,1,No,,Yes,Yes,Agree,No,,4,4,4,3,4,4,4,6,6,300,No,,No,Yes,Yes,Yes,Yes,Yes,Yes,Yes,"Car, Motorbike",0,0,1,1,"Car, Motorbike",0,0,1,1,"Car, Motorbike",0,0,1,1,10,20,20,20,20,20,20,20,20,Yes,Fencing the pasture,Yes,"Reserve pasture areas, prepare forage",No,,No,,,NA,NA,NA,NA,,,NA,NA,NA,NA,NA,,,NA,NA,NA,NA,NA,NA,No,0,19,100,500,400,0,30,90,300,300,Yes,Yes,Yes,Both,"Shorter/sparser vegetation, Less vegetation overall",The same,,NA,NA,NA,NA,,,,Yes,Maintain,Improve the quality of livestock,Degraded,Medium,No,,No,Yes,Medium,,,No,Important,Moderately important,Very important,Very important,Important,Important,Important,Important,Generally agree,Generally agree,Strongly agree,Generally agree
12/28/23,12/28/23,415,125,Tuv aimag,Bayantsagaan,Bag 2,,Munkhtur,12/25/23,46.77289 107.14374 0 0,46.77289,107.14374,0,0,3,40,Male,Secondary,1,1,0,0,0,6,6,0,1,0,0,0,0,0,0,0,2,4,No,Husband,NA,1,1,NA,NA,NA,NA,NA,NA,NA,NA,NA,NA,"Husband, wife",1,1,1,1,NA,NA,NA,NA,NA,NA,NA,NA,NA,NA,2,1,1,No,,NA,NA,NA,NA,NA,NA,NA,NA,NA,NA,NA,NA,NA,,During school breaks,NA,NA,NA,NA,1,NA,,,,School for children,1,NA,NA,NA,NA,,No,,Yes,Household chores not done,No,,,,No,,NA,NA,NA,NA,NA,NA,Yes,Yes,Husband,Husband,Yes,No,No,Yes,Yes,No,No,,,Government allowances,NA,NA,NA,1,NA,NA,NA,NA,NA,NA,NA,,Bank,1,3-4 mil,3,4,spring,NA,NA,NA,1,NA,NA,,NA,NA,NA,NA,,a husband,1,Spouse,,"4 persons, ages 35-37, in UB and aimag center ",4,Civic,,0,0,,,0,0,,,"husbands, mother, and son",1,1,1,NA,NA,NA,NA,NA,5,1,5,3,1,No,,No,Yes,Strongly agree,Yes,Not very confident,3,3,2,5,2,2,2,8,16,8,No,,No,No,No,No,No,No,No,No,Motorbike,0,0,0,1,"Car, Motorbike",0,0,1,1,"Car, Motorbike",0,0,1,1,0,0,0,5,5,4,5,5,4,No,,No,,No,,Yes,Sending,"Meat & dairy, Cash",1,1,NA,NA,,,NA,NA,NA,NA,NA,,,NA,NA,NA,NA,NA,NA,No,0,7,24,170,213,0,9,17,183,133,Yes,Yes,Yes,Both,,Decrease,,NA,NA,NA,NA,,Drought-related death,,No,,,Degraded,Medium,No,,No,Yes,Medium,,,No,Very important,Very important,Very important,Very important,Very important,Very important,Important,Important,Strongly agree,Strongly agree,Strongly agree,Strongly disagree
12/28/23,12/28/23,415,126,Tuv aimag,Bayantsagaan,Bag 2,????????? ??????,Tungalag,12/25/23,,NA,NA,NA,NA,4,54,Male,Complete secondary/High school,1,0,0,0,0,0,0,1,1,0,0,0,0,0,0,0,2,5,No,"Husband, wife, assistant herder, assistant herder",2,2,1,1,NA,NA,NA,NA,NA,NA,2,NA,NA,4 people,NA,NA,NA,NA,NA,NA,NA,NA,NA,NA,NA,NA,4,NA,4,7,2,Yes,"School, Employment",1,NA,NA,1,NA,NA,NA,NA,NA,NA,NA,NA,2022,,Other,NA,NA,NA,NA,NA,1,Once every 2 months,No,No,"University, Employment",NA,1,NA,1,NA,,No,,No,,Yes,Yes,Yes,Yes,No,,NA,NA,NA,NA,NA,NA,Yes,Yes,Head of the household,Head of the household,Yes,No,No,Yes,Yes,No,Yes,"Daughter, Household head","in Ulaanbaatar, subsidy for wool/hide","Salary, Other",NA,NA,1,NA,NA,NA,NA,NA,NA,NA,1,Sale of cashmere,Bank,1,5-20mil,5,20,"winter, spring",1,NA,NA,1,NA,NA,,NA,NA,NA,NA,,"1 male, age 54 ",1,Not specified,,"1 person, age 54, male",1,Not specified,,0,0,,,0,0,,,"classmate, age 56, a wife, age  47",NA,1,NA,1,NA,NA,NA,NA,5,NA,5,3,5,Yes,Khan Bank,Yes,Yes,Strongly agree,Yes,Confident,NA,7,4,5,3,4,6,5,9,2.5,No,Inside soum,No,No,No,No,No,No,No,No,Motorbike,0,0,0,1,"Horse, Camel, Motorbike",0,1,0,1,"Horse, Camel, Motorbike",0,1,0,1,8,10,0,0,4,0,NA,4,0,Yes,Rotational grazing,Yes,Fencing the pasture,Yes,Lack of materials,Yes,Sending,"Meat & dairy, Cash",1,1,NA,NA,,,NA,NA,NA,NA,NA,,,NA,NA,NA,NA,NA,NA,No,1,92,65,1200,650,1,100,65,1200,650,Yes,Yes,Yes,Both,"Shorter/sparser vegetation, Reduced plant species diversity",The same,,NA,NA,NA,NA,,,,Yes,Maintain,Pasture degradation,Degraded,Substantial,Yes,2-Jan,No,Yes,Good,Decreased,,No,Important,Important,Important,Very important,Important,Very important,Very important,Very important,Strongly agree,Strongly agree,Strongly agree,Neither agree nor disagree
12/25/23,12/25/23,415,127,Tuv aimag,Bayantsagaan,Bag 2,??????????,Munkhtuvshin,12/25/23,46.7727317 107.1438796 1309.1999999999998 5.0,46.7727317,107.1438796,1309.2,5,4,45,Male,Secondary,1,1,0,0,1,0,1,0,2,0,0,0,0,0,0,0,1,2,No,"Unspecified, unspecified",NA,NA,NA,NA,NA,NA,NA,NA,NA,NA,NA,NA,2,4,NA,NA,NA,NA,NA,NA,NA,NA,NA,NA,NA,NA,4,NA,1,4,2,Yes,School,1,NA,NA,NA,NA,NA,NA,NA,NA,NA,NA,NA,2015,,During school breaks,NA,NA,NA,NA,1,NA,,No,Yes,School for children,1,NA,NA,NA,NA,,Yes,Decreased,Yes,Household chores not done,No,,,,No,,NA,NA,NA,NA,NA,NA,Yes,Yes,Brother,Brother,Yes,No,Yes,,,,No,,,Government allowances,NA,NA,NA,1,NA,NA,NA,NA,NA,NA,NA,,Bank,2,10 mil,10,10,winter,1,NA,NA,NA,NA,NA,,NA,NA,NA,NA,,0,0,,,"uncle, age 54, a brother, age 55, ",2,Family,,0,0,,,0,0,,,3 brothers,NA,NA,NA,NA,1,NA,NA,NA,5,5,3,3,3,No,,Yes,Yes,Neutral,No,,3,8,18,3,2,2,2,3,3,60,No,,No,No,No,No,No,No,No,Yes,"Horse, Camel",0,1,0,0,Motorbike,0,0,0,1,"Horse, Camel",0,1,0,0,10,20,25,12,15,10,8,8,10,No,,Yes,Dig a water well,Yes,"Fence needlegrass, Insufficient water well",Yes,Sending,"Meat & dairy, Cash",1,1,NA,NA,,,NA,NA,NA,NA,NA,,,NA,NA,NA,NA,NA,NA,No,0,54,42,621,251,5,25,24,420,127,Yes,Yes,Yes,Both,"Less vegetation overall, Reduced precipitation",Increase,Births,1,NA,NA,NA,,,,No,,,Degraded,Substantial,No,,No,Yes,Medium,,,No,Very important,Very important,Very important,Very important,Very important,Very important,Very important,Very important,Strongly agree,Strongly agree,Strongly agree,Generally agree
12/25/23,12/25/23,416,128,Tuv aimag,Bayantsagaan,Bag 3,,Bilguun,12/25/23,46.7687881 107.1420417 1310.4000244140625 7.788,46.7687881,107.1420417,1310.400024,7.788,4,50,Male,Secondary,1,3,0,0,0,0,0,0,1,0,0,0,0,0,0,0,1,3,,Husband,NA,1,1,NA,NA,NA,NA,NA,NA,NA,NA,NA,NA,Everyone 3,NA,NA,NA,NA,NA,NA,NA,NA,NA,NA,NA,NA,3,NA,3,1,1,Yes,Higher Education,NA,NA,1,NA,NA,NA,NA,NA,NA,NA,NA,NA,2018,,During school breaks,NA,NA,NA,NA,1,NA,,No,No,University,NA,1,NA,NA,NA,,Yes,Decreased,Yes,Herding and Livestock Management,No,,,,No,,NA,NA,NA,NA,NA,NA,Yes,Yes,Husband,Husband,Yes,No,Yes,,,,Yes,Not specified,Cook at school kitchen,Salary,NA,NA,1,NA,NA,NA,NA,NA,NA,NA,NA,,Bank,1,1- 6mil,1,6,Winter,1,NA,NA,NA,NA,NA,Local party,NA,NA,NA,1,,0,0,,,0,0,,,0,0,,,0,0,,,"mother, sibling and children ",1,NA,1,NA,1,NA,NA,NA,2,NA,5,3,2,,,No,No,,No,,4,7,4,6,2,2,2,7,7,7,No,,No,No,No,No,No,No,No,No,Motorbike,0,0,0,1,Motorbike,0,0,0,1,Motorbike,0,0,0,1,NA,4,7,NA,4,5,NA,4,7,No,,No,,No,,Yes,Sending,"Meat & dairy, Cash",1,1,NA,NA,,,NA,NA,NA,NA,NA,,,NA,NA,NA,NA,NA,NA,No,0,6,2,157,150,0,6,2,156,150,Yes,Yes,Yes,Both,Less vegetation overall,The same,,NA,NA,NA,NA,,,,Yes,Increase,Children's education,Degraded,Medium,No,,No,Yes,Good,,,No,Very important,Very important,Very important,Very important,Very important,Very important,Very important,Very important,Strongly agree,Strongly agree,Strongly agree,Strongly agree
12/25/23,12/27/23,416,129,Tuv aimag,Bayantsagaan,Bag 3,,Odonchimeg,12/25/23,,NA,NA,NA,NA,3,75,Female,Secondary,2,2,1,0,0,0,0,0,0,0,0,0,0,NA,NA,NA,2,4,Yes,"son, daughter-in-law, grandchild",1,NA,NA,NA,1,1,2,1,NA,NA,NA,NA,NA,"son, daughter-in-law, grandchild",1,1,NA,NA,1,1,NA,NA,NA,NA,NA,NA,1,NA,3,1,1,Yes,"School, Kindergarten",1,1,NA,NA,NA,NA,NA,NA,NA,NA,NA,NA,NA,September,During school breaks,NA,NA,NA,NA,1,NA,,No,Yes,"School for children, Access to services (health care)",1,NA,1,NA,NA,,No,,No,,No,,,,No,,NA,NA,NA,NA,NA,NA,Yes,Yes,Son,Son,Yes,No,No,Yes,Yes,No,No,,,Pension Saving in bank,1,NA,NA,NA,NA,NA,NA,NA,NA,NA,NA,,Bank,1,"0,5-1 mil",0.5,1,Autumn and Lunar New Year,NA,1,1,NA,NA,NA,,NA,NA,NA,NA,,None,0,,,"All children, ages 40_50,  3 female and 4 male, 3 liven in the soum and 2 live in the countryside",7,Family,,none,0,,,"2 children, in UB",2,Family,,3 daughters,NA,NA,1,NA,NA,NA,NA,NA,5,NA,5,5,3,No,,No,No,Strongly agree,Yes,Strongly confident,5,5,5,5,5,2,2,5,10,100,No,,No,Yes,Yes,No,No,Yes,Yes,Yes,"Motorbike, Horse, Camel",0,1,0,1,"Motorbike, Horse, Camel",0,1,0,1,"Car, Motorbike",0,0,1,1,10,5,5,5,5,5,5,5,5,No,,Yes,"Improve the quality of the livestock, focus on one type of animal",Yes,"Looking after children, More interested in herding",Yes,Receiving,,NA,NA,NA,NA,,Food,1,NA,NA,NA,NA,,,NA,NA,NA,NA,NA,NA,No,0,4,0,30,60,0,6,0,30,60,Yes,Yes,Yes,Quantity,Less vegetation overall,The same,,NA,NA,NA,NA,,,,No,,,Degraded,Slight,No,,No,Yes,Not enough,,,No,Slightly important,Important,Very important,Very important,Very important,Very important,Very important,Very important,Strongly agree,Strongly agree,Strongly agree,Strongly agree
12/27/23,12/27/23,416,130,Tuv aimag,Bayantsagaan,Bag 3,No,Batdorj,12/25/23,,NA,NA,NA,NA,4,49,Male,Complete secondary/High school,2,2,NA,NA,0,NA,NA,NA,2,NA,NA,NA,NA,NA,NA,NA,1,2,Yes,"Husband, wife",1,1,1,1,NA,NA,NA,NA,NA,NA,NA,NA,NA,"Husband, wife",1,1,1,1,NA,NA,NA,NA,NA,NA,NA,NA,NA,NA,2,2,2,Yes,School,1,NA,NA,NA,NA,NA,NA,NA,NA,NA,NA,NA,2015,,Weekly,1,NA,NA,NA,NA,NA,,No,Don't know,School for children,1,NA,NA,NA,NA,,Yes,Decreased,Yes,Individual workload change,No,,,,Yes,Shearing livestock,NA,NA,NA,NA,NA,1,Yes,Yes,Head of the household,Head of the household,Yes,No,No,Yes,Yes,No,No,,,Government allowances,NA,NA,NA,1,1,NA,NA,NA,NA,NA,NA,,Bank,1,10-30 mil,10,30,"Winter, spring",1,NA,NA,1,NA,NA,Other local organizations:,NA,NA,1,NA,Horsemen's Association,talk in the family,Not specified,Family,,none,0,,,none,0,,,none,0,,,husband and children,NA,1,1,NA,NA,NA,NA,NA,4,3,3,2,4,No,,Yes,No,,Yes,Strongly confident,13,10,5,10,6,6,5,26,50,10,No,,Yes,Yes,Yes,No,No,No,No,Yes,"Horse, Camel Motorbike",0,1,0,1,Motorbike,0,0,0,1,"Horse, Camel, Car, Motorbike",0,1,1,1,5,7,10,NA,5,7,NA,3,5,No,,Yes,"Improve the fattening of animals, Reduce the number of smaller animals",Yes,"Lack of time, Lacking human capacity, Fencing the pasture",Yes,Sending,"Meat & dairy, Cash",1,1,NA,NA,,,NA,NA,NA,NA,NA,,,NA,NA,NA,NA,NA,NA,No,0,35,105,750,290,5,15,95,700,280,Yes,Yes,Yes,Both,"Less vegetation overall, Fewer native plants ",The same,,NA,NA,NA,NA,,,,Yes,Increase,"Increase bigger animals, decrease smaller",No change,,No,,Yes,Yes,Good,,,Yes,Very important,Very important,Very important,Very important,Important,Important,Very important,Very important,Strongly agree,Strongly agree,Strongly agree,Neither agree nor disagree
12/28/23,12/28/23,416,131,Tuv aimag,Bayantsagaan,Bag 3,,Munkhtur,12/25/23,46.774 107.14509 0 3,46.774,107.14509,0,3,1,66,Female,Secondary,0,0,0,0,0,0,0,0,0,0,0,0,0,0,0,0,2,15,No,"son, daughter-in-law",1,1,NA,NA,1,1,2,NA,NA,NA,NA,NA,NA,Son,NA,1,NA,NA,1,NA,NA,NA,NA,NA,NA,NA,NA,NA,2,4,2,No,,NA,NA,NA,NA,NA,NA,NA,NA,NA,NA,NA,NA,NA,,,NA,NA,NA,NA,NA,NA,,,,,NA,NA,NA,NA,NA,,No,,No,,No,,,,No,,NA,NA,NA,NA,NA,NA,Yes,Yes,Head of the household,Head of the household,Yes,No,No,Yes,Yes,No,No,,,Pension,1,NA,NA,NA,NA,NA,NA,NA,NA,NA,NA,,none,0,,NA,NA,none,NA,NA,NA,NA,NA,NA,,NA,NA,NA,NA,,"A son, age 33, lives in the soum",1,Family,,0,0,,,0,0,,,0,0,,,3 sons,NA,NA,1,NA,NA,NA,NA,NA,5,1,3,5,3,No,,Yes,Yes,Strongly agree,Yes,Not very confident,11,11,11,7,15,4,2,8,16,18,Yes,Outside soum,Yes,No,Yes,Yes,Yes,Yes,Yes,Yes,"Horse, Camel, Motorbike",0,1,0,1,Car,0,0,1,0,Car,0,0,1,0,25,20,25,20,15,20,5,3,5,No,,No,,No,,No,,,NA,NA,NA,NA,,,NA,NA,NA,NA,NA,,,NA,NA,NA,NA,NA,NA,No,60,90,500,2000,370,50,75,420,1700,370,Yes,Yes,Yes,Both,,The same,,NA,NA,NA,NA,,,,Yes,Decrease,,Degraded,Medium,No,,Yes,Yes,Medium,,,No,Very important,Very important,Very important,Very important,Very important,Very important,Important,Important,Strongly agree,Strongly agree,Strongly agree,Strongly disagree
12/25/23,12/25/23,416,132,Tuv aimag,Bayantsagaan,Bag 3,,Munkhtuvshin,12/25/23,,NA,NA,NA,NA,2,70,Male,Elementary,0,0,0,0,0,0,0,0,0,0,0,0,2,0,0,0,1,2,No,"Unspecified, unspecified",NA,NA,NA,NA,NA,NA,NA,NA,NA,NA,NA,NA,2,4,NA,NA,NA,NA,NA,NA,NA,NA,NA,NA,NA,NA,4,NA,2,4,1,No,,NA,NA,NA,NA,NA,NA,NA,NA,NA,NA,NA,NA,NA,,,NA,NA,NA,NA,NA,NA,,,,,NA,NA,NA,NA,NA,,,,,,No,,,,No,,NA,NA,NA,NA,NA,NA,Yes,Yes,Ochirpurev,Head of the household,Yes,No,Yes,,,,No,,,Pension,1,NA,NA,NA,NA,NA,NA,NA,NA,NA,NA,,Bank,1,8mil,8,8,february,1,NA,NA,NA,NA,NA,,NA,NA,NA,NA,,0,0,,,"son, age 44",1,Family,,0,0,,,0,0,,,"husband, daughter and son",NA,1,1,NA,NA,NA,NA,NA,2,2,3,3,1,Yes,Khan Bank,No,No,Strongly disagree,Yes,Very unconfident,5,10,4,3,2,2,2,15,20,40,No,,No,No,No,No,No,No,No,Yes,"Horse, Camel, Walk",1,1,0,0,Motorbike,0,0,0,1,Walk,1,0,0,0,19,15,25,15,10,20,10,15,20,No,,No,,Yes,Fence haymaking area,Yes,Both,Meat & dairy,1,NA,NA,NA,,Food,1,NA,NA,NA,NA,,,NA,NA,NA,NA,NA,NA,No,0,25,2,141,51,0,15,2,112,25,Yes,Yes,Yes,Both,"Less vegetation overall, Reduced plant species diversity",Increase,Births,1,NA,NA,NA,,,,No,,,Degraded,Substantial,No,,No,Yes,Not enough,,,No,Important,Very important,Very important,Very important,Very important,Important,Important,,Strongly agree,Strongly agree,Strongly agree,Strongly agree
12/25/23,12/25/23,417,133,Tuv aimag,Bayantsagaan,Bag 4,,Bilguun,12/25/23,46.7543394 107.1183748 1297.23876953125 162.29,46.7543394,107.1183748,1297.23877,162.29,1,64,Female,Secondary,0,0,0,0,0,0,0,0,0,0,0,0,0,0,0,1,1,1,No,unspecified,NA,NA,NA,NA,NA,NA,NA,NA,NA,NA,NA,NA,1,Son,NA,1,NA,NA,1,NA,NA,NA,NA,NA,NA,NA,NA,NA,2,1,1,Yes,Gone home,NA,NA,NA,NA,NA,1,NA,NA,NA,NA,NA,NA,2009,,Monthly,NA,1,NA,NA,NA,NA,,Yes,No,Employment,NA,NA,NA,1,NA,,No,,No,,No,,,,No,,NA,NA,NA,NA,NA,NA,Yes,Yes,Head of the household,Head of the household,Yes,No,Yes,,,,No,,,Pension,1,NA,NA,NA,NA,NA,NA,NA,NA,NA,NA,,Bank,1,2- 3 mil,2,3,December,1,NA,NA,NA,NA,NA,,NA,NA,NA,NA,,veterinary services,,,Veterinary services,0,0,,,,,,,6 children,6,Family,,"friends, children",NA,NA,NA,1,NA,NA,NA,NA,1,NA,1,3,1,No,,No,No,,No,,NA,5,3,5,1,1,1,0,0,70,No,,No,No,No,No,No,No,No,No,"Horse, Camel",0,1,0,0,"Walk, Car",1,0,1,0,"Walk, Car",1,0,1,0,NA,4,7,NA,3,5,NA,2,3,No,,No,,No,,No,,,NA,NA,NA,NA,,,NA,NA,NA,NA,NA,,,NA,NA,NA,NA,NA,NA,No,0,3,0,30,30,0,0,0,0,0,Yes,Yes,Yes,Both,More weeds,Increase,"Births, Purchased more",1,1,NA,NA,,,,Yes,Increase,,No change,,No,,No,No,Not enough,,,No,Not important at all,Very important,Very important,Very important,Not important at all,Not important at all,Very important,Very important,Strongly agree,Strongly agree,Strongly agree,Generally agree
12/25/23,12/25/23,417,134,Tuv aimag,Bayantsagaan,Bag 4,,Bilguun,12/25/23,46.7687044 107.1467069 1314.5999755859375 18.793,46.7687044,107.1467069,1314.599976,18.793,2,52,Male,Secondary,0,0,0,0,0,0,0,2,0,0,0,0,0,0,0,0,1,2,,Husband,NA,1,1,NA,NA,NA,NA,NA,NA,NA,NA,NA,NA,3,NA,NA,NA,NA,NA,NA,NA,NA,NA,NA,NA,NA,3,NA,2,1,1,Yes,Employment,NA,NA,NA,1,NA,NA,NA,NA,NA,NA,NA,NA,2010,,During school breaks,NA,NA,NA,NA,1,NA,,No,Yes,"University, Employment",NA,1,NA,1,NA,,Yes,Decreased,Yes,Herding and Livestock Management,Yes,Yes,Yes,Yes,No,,NA,NA,NA,NA,NA,NA,Yes,Yes,Husband,Husband,Yes,No,No,Yes,Yes,No,No,,,,NA,NA,NA,NA,NA,NA,NA,NA,NA,NA,NA,,Bank,1,1 - 30 mil,1,30,Autumn,NA,1,NA,NA,NA,NA,,NA,NA,NA,NA,,0,0,,,"2 persons, ages 30, female and male ",2,Not specified,,0,0,,,0,0,,,children and a sibling,NA,NA,1,NA,1,NA,NA,NA,5,NA,5,3,1,,,Yes,No,,Yes,Strongly confident,3,5,3,5,4,6,4,10,60,20,No,,Yes,No,No,No,No,No,No,No,"Motorbike, Horse, Camel",0,1,0,1,"Horse, Camel, Motorbike",0,1,0,1,"Horse, Camel, Motorbike",0,1,0,1,NA,10,10,NA,10,10,NA,10,10,No,,Yes,"Planting pasture grass, fence needlegrass",No,,Yes,Sending,"Meat & dairy, Cash",1,1,NA,NA,,,NA,NA,NA,NA,NA,,,NA,NA,NA,NA,NA,NA,,3,25,70,800,250,5,40,70,1000,300,Yes,Yes,Yes,Both,Less vegetation overall,Decrease,,NA,NA,NA,NA,,Sold,,No,,,Degraded,Medium,No,,No,Yes,Not enough,,,Yes,Very important,Very important,Very important,Very important,Very important,Very important,Very important,Very important,Strongly agree,Strongly agree,Strongly agree,Strongly agree
12/25/23,12/27/23,417,135,Tuv aimag,Bayantsagaan,Bag 4,,Odonchimeg,12/25/23,46.7724467 107.1449083 1315.1999999999998 13.45,46.7724467,107.1449083,1315.2,13.45,1,58,Female,Secondary,1,1,0,0,0,0,0,0,0,0,0,0,0,0,0,8,2,6,No,"son, daughter-in-law, grandchild",2,1,NA,NA,1,1,2,1,NA,NA,NA,NA,NA,"son, daughter-in-law, neighbors",1,1,NA,NA,1,1,NA,NA,NA,NA,NA,2,NA,NA,5,1,1,Yes,Look after children,NA,NA,NA,NA,NA,NA,1,NA,NA,NA,NA,NA,NA,September,During school breaks,NA,NA,NA,NA,1,NA,,No,Don't know,"School for children, Access to services (health care)",1,NA,1,NA,NA,,Yes,Decreased,Yes,,No,,,,No,,NA,NA,NA,NA,NA,NA,Yes,Yes,Head of the household,Head of the household,Yes,No,No,Yes,Yes,No,No,,,Pension,1,NA,NA,NA,NA,NA,NA,NA,NA,NA,NA,,Bank,1,2-3 mil,2,3,Autumn and Lunar New Year,NA,1,1,NA,NA,NA,,NA,NA,NA,NA,,"daughter, age 37, female ",1,Family,,none,0,,,none,0,,,none,0,,,3 daughters,NA,NA,1,NA,NA,NA,NA,NA,5,NA,5,5,2,Yes,Elderly People's Committee,Yes,No,Agree,Yes,Strongly confident,5,5,5,5,5,3,2,10,20,30,No,,Yes,No,No,No,No,No,No,Yes,"Motorbike, Horse, Camel",0,1,0,1,"Motorbike, Horse, Camel",0,1,0,1,"Motorbike, Car, Horse, Camel",0,1,1,1,5,3,5,10,5,10,10,5,10,No,,Yes,Increase the herd size,No,,Yes,Both,Cash,NA,1,NA,NA,,"Food, Cash",1,1,NA,NA,NA,,"Supplemental fodder, School fees/supplies, Husbandry",NA,1,NA,1,1,NA,No,0,10,17,600,250,0,20,5,1000,250,No,Yes,Yes,Quantity,"Higher frequency of dzud, Need to move more regularly, more snow",Decrease,,NA,NA,NA,NA,,Drought-related death,,No,,,No change,,No,,No,No,Not enough,,,No,Slightly important,Slightly important,Very important,Very important,Slightly important,Very important,Moderately important,Moderately important,Generally agree,Generally agree,Strongly agree,Strongly disagree
12/28/23,12/28/23,417,136,Tuv aimag,Bayantsagaan,Bag 4,,Bolor,12/25/23,,NA,NA,NA,NA,6,44,Male,Secondary,4,3,NA,1,0,0,0,0,2,2,0,0,0,0,0,0,1,8,No,"Husband, wife",1,1,1,1,NA,NA,NA,NA,NA,NA,NA,NA,NA,"Husband, wife",1,1,1,1,NA,NA,NA,NA,NA,NA,NA,NA,NA,NA,2,0,0,Yes,"School, Marriage",1,NA,NA,NA,1,NA,NA,NA,NA,NA,NA,NA,2023,,To assist with migration to new camp (seasonal),NA,NA,1,NA,NA,NA,,Yes,,Other,NA,NA,NA,NA,1,married and moved,Yes,Decreased,Yes,Household chores not done,No,,,,Yes,Shearing livestock,NA,NA,NA,NA,NA,1,Yes,Yes,Husband,Husband,Yes,No,No,Yes,Yes,No,Yes,Not specified,"Driver, plumber, cleaner ","Salary, Government allowances",NA,NA,1,1,NA,NA,NA,NA,NA,NA,NA,,Bank,2-Jan,6-8 mil,6,8,winter,1,NA,NA,NA,NA,NA,,NA,NA,NA,NA,,"3 persons, ages 50, male",3,Not specified,,"1 person, age 50, male, from local government",1,Civic,,"3 persons, age 30",3,Not specified,,"1 person, age 33",1,Not specified,,"wife, son and daughter",NA,1,1,NA,NA,NA,NA,NA,NA,NA,5,5,1,Yes,Soum government,Yes,Yes,Agree,Yes,Strongly confident,5,7,1,0.5,0.5,0,0,0,0,130,Yes,,Yes,No,No,No,No,No,No,No,"Horse, Camel, Motorbike",0,1,0,1,Car,0,0,1,0,Car,0,0,1,0,NA,10,25,NA,4,30,NA,4,200,No,,Yes,Dig for water,Yes,Financial difficulty,Yes,Both,"Meat & dairy, Cash",1,1,NA,NA,,"Food, Cash, Technology",1,1,NA,1,NA,,Vehicle or fuel costs,NA,NA,NA,NA,NA,1,No,0,0,3,70,100,0,0,13,200,300,No,Yes,Yes,Quantity,"Less vegetation overall, Less fattening of animals",The same,,NA,NA,NA,NA,,,,Yes,Increase,Children's education,Degraded,Medium,Yes,Don't remember,No,Yes,Medium,No change,,No,Very important,Very important,Very important,Very important,Important,Very important,Important,Very important,Generally agree,Strongly agree,Generally agree,Generally agree
12/28/23,12/28/23,417,137,Tuv aimag,Bayantsagaan,Bag 4,,Munkhtur,12/28/23,,NA,NA,NA,NA,6,37,Male,Complete secondary/High school,4,2,1,0,0,0,0,0,1,0,0,0,0,0,0,0,1,6,No,"Husband, wife",1,1,1,1,NA,NA,NA,NA,NA,NA,NA,NA,NA,"Husband, wife",1,1,1,1,NA,NA,NA,NA,NA,NA,NA,NA,NA,NA,2,3,2,Yes,School,1,NA,NA,NA,NA,NA,NA,NA,NA,NA,NA,NA,2015,,Weekly During school breaks,1,NA,NA,NA,1,NA,,No,Don't know,"School for children,University",1,1,NA,NA,NA,,Yes,Decreased,No,,Yes,No,Yes,No,No,,NA,NA,NA,NA,NA,NA,Yes,Yes,Head of the household,Head of the household,Yes,No,No,Yes,Yes,No,No,,,Government allowances,NA,NA,NA,1,NA,NA,NA,NA,NA,NA,NA,,Bank,2,6-30 mil,6,30,winter,1,NA,NA,NA,NA,NA,,NA,NA,NA,NA,,"a wife, and friend, ages 35, in the soum",2,"Spouse, Friend",,0,0,,,0,0,,,0,0,,,wife and sibling,NA,1,NA,NA,NA,NA,NA,NA,5,1,3,2,2,No,,No,Yes,Agree,No,,7,7,5,2,4,3,2,4,7,25,No,,No,Yes,Yes,No,No,No,No,No,"Horse, Camel, Motorbike",0,1,0,1,Motorbike,0,0,0,1,"Horse, Camel, Car, Motorbike",0,1,1,1,35,35,30,35,30,35,55,55,40,No,,Yes,Fencing the pasture,Yes,Lack of materials,Yes,Sending,"Meat & dairy, Cash, Other",1,1,NA,1,Milk and dairy products,,NA,NA,NA,NA,NA,,,NA,NA,NA,NA,NA,NA,No,1,24,88,730,350,3,14,53,600,280,Yes,Yes,Yes,Both,"Less vegetation overall, Less nutritious plants",Increase,Births,1,NA,NA,NA,,,,Yes,Maintain,Improve the quality of livestock,Degraded,Substantial,No,,Yes,Yes,Good,,,Yes,Very important,Very important,Very important,Very important,Very important,Very important,Very important,Important,Strongly agree,Strongly agree,Strongly agree,Strongly disagree
12/28/23,12/28/23,417,138,Tuv aimag,Bayantsagaan,Bag 4,,Bolor,12/25/23,,NA,NA,NA,NA,6,45,Male,Elementary,3,3,0,0,1,0,1,0,2,1,0,0,0,0,0,0,2,4,No,Husband,NA,1,1,NA,NA,NA,NA,NA,NA,NA,NA,NA,NA,"Husband, wife, children",1,1,1,1,NA,NA,3,NA,NA,NA,NA,NA,NA,NA,6,1,1,Yes,School,1,NA,NA,NA,NA,NA,NA,NA,NA,NA,NA,NA,2016,,Weekly,1,NA,NA,NA,NA,NA,,No,Yes,School for children,1,NA,NA,NA,NA,,Yes,Decreased,Yes,Household chores not done,No,,,,No,,NA,NA,NA,NA,NA,NA,No,Yes,husband,Husband,Yes,No,No,Yes,Yes,No,Yes,Not specified,Dance instructor at Culture Center,"Salary, Government allowances",NA,NA,1,1,NA,NA,NA,NA,NA,NA,NA,,Bank,2-Jan,7-10 mil,7,10,"Autumn, lunar new year",NA,1,1,NA,NA,NA,,NA,NA,NA,NA,,0,0,,,"2 persons, mother, age 60, female",2,Family,,0,0,,,"Relatives, ages 20-30",Not specified,Family,,"mother, husband ",1,1,NA,NA,NA,NA,NA,NA,4,NA,3,2,1,Yes,Cultural center,Yes,Yes,Agree,Yes,Confident,4,6,4,0.5,0.5,2,2,4.5,8,4.5,No,,No,Yes,Yes,Yes,Yes,Yes,No,No,Motorbike,0,0,0,1,Motorbike,0,0,0,1,Motorbike,0,0,0,1,10,30,30,NA,30,30,30,30,30,Yes,Reserved pasture areas,Yes,Fence needlegrass,Yes,Other herders' livestock grazed,Yes,Both,"Meat & dairy, Cash, Fiber products",1,1,1,NA,,"Food, Technology",1,NA,NA,1,NA,,,NA,NA,NA,NA,NA,NA,No,2,14,17,432,192,3,5,11,380,133,Yes,Yes,Yes,Both,"Shorter/sparser vegetation, More weeds",Increase,Births,1,NA,NA,NA,,,,Yes,,,Degraded,Medium,No,,No,Yes,Medium,,,No,Slightly important,Very important,Very important,Very important,Very important,Slightly important,Important,Very important,Generally agree,Generally agree,Strongly agree,Strongly disagree
12/22/23,12/22/23,429,139,Tuv aimag,Buren,Bag 1,,Munkhtuvshin,12/22/23,,NA,NA,NA,NA,5,35,Male,College/University,3,5,0,0,2,5,0,0,2,5,0,0,0,5,0,0,1,5,Yes,Husband,NA,1,1,NA,NA,NA,NA,NA,NA,NA,NA,NA,NA,Everyone,NA,NA,NA,NA,NA,NA,NA,NA,NA,NA,NA,NA,5,NA,2,NA,NA,No,,NA,NA,NA,NA,NA,NA,NA,NA,NA,NA,NA,NA,NA,,To assist with migration to new camp (seasonal),NA,NA,1,NA,NA,NA,,,,"Access to services (health care), University, Employment, School for children",1,1,1,1,NA,,Yes,Decreased,Yes,Lacking human capacity,No,,,,No,,NA,NA,NA,NA,NA,NA,Yes,Yes,Husband,Husband,Yes,Yes,No,Yes,Yes,Yes,Yes,Not specified,Public servant,Salary,NA,NA,1,NA,NA,NA,NA,NA,NA,NA,NA,,Bank,1,20 mil,20,20,None,NA,NA,NA,NA,NA,NA,At Bag/Soum level,1,NA,NA,NA,,None,0,,,none,0,,,none,0,,,none,0,,,"husband, child and mother",1,1,1,NA,NA,NA,NA,NA,5,5,5,5,5,Yes,No,Yes,Yes,Neutral,Yes,Confident,NA,1,3,15,20,4,5,26,128,79,No,Inside soum,No,No,No,No,No,No,No,No,"Car, Motorbike",0,0,1,1,Motorbike,0,0,0,1,"Car, Motorbike",0,0,1,1,4,10,10,17,20,20,17,15,15,No,,No,,Yes,Financial difficulty,No,,,NA,NA,NA,NA,,,NA,NA,NA,NA,NA,,,NA,NA,NA,NA,NA,NA,No,0,25,35,150,250,0,45,40,260,450,Yes,Yes,Yes,Quality,No,The same,,NA,NA,NA,NA,,,,Yes,Unsure,Donâ€™t know yet,Degraded,Substantial,No,,Yes,Yes,Medium,,,No,,,,,,,,,Strongly agree,Strongly agree,Strongly agree,Strongly agree
12/22/23,12/23/23,429,140,Tuv aimag,Buren,Bag 1,,Odonchimeg,12/22/23,,NA,NA,NA,NA,6,43,Male,Complete secondary/High school,2,2,0,0,0,0,0,0,2,0,0,0,1,0,0,0,2,3,Yes,"Husband, wife",1,1,1,1,NA,NA,NA,NA,NA,NA,NA,NA,NA,"Husband, wife, extended family members",1,1,1,1,NA,NA,NA,NA,NA,NA,NA,NA,4,NA,3,3,3,Yes,School,1,NA,NA,NA,NA,NA,NA,NA,NA,NA,NA,NA,NA,September,During school breaks,NA,NA,NA,NA,1,NA,,No,Yes,School for children,1,NA,NA,NA,NA,,Yes,Decreased,Yes,Climate changes,No,,,,No,,NA,NA,NA,NA,NA,NA,Yes,Yes,Mother,Mother,No,No,Yes,,,,No,,,"Pension, Saving in bank, Government allowances",1,NA,NA,1,NA,NA,NA,NA,NA,NA,NA,,Bank,1,2-3 mil,2,3,Winter,1,NA,NA,NA,NA,NA,At Bag/Soum level,1,NA,NA,NA,,"3 person, ages 50-60, male, in countryside",3,Not specified,,none,0,,,none,0,,,none,0,,,"wife, kids and mother",1,1,1,NA,NA,NA,NA,NA,5,4,5,3,2,No,,Yes,Yes,Neutral,Yes,Strongly confident,4,4,2,3,3,3,3,60,120,70,No,,No,Yes,Yes,No,No,Yes,No,No,"Horse, Camel",0,1,0,0,"Horse, Camel",0,1,0,0,"Horse, Camel, Motorbike",0,1,0,1,4,4,4,4,4,4,4,4,4,No,,No,,Yes,Lack of equipment,Yes,Sending,"Meat & dairy, Cash",1,1,NA,NA,,,NA,NA,NA,NA,NA,,,NA,NA,NA,NA,NA,NA,,0,18,18,80,70,0,6,4,40,50,Yes,Yes,No,,,Increase,Births,1,NA,NA,NA,,,,No,,,Degraded,Substantial,No,,Yes,Yes,Medium,,,No,Important,Very important,Very important,Very important,Very important,Very important,Moderately important,Moderately important,Generally agree,Strongly agree,Strongly agree,Strongly agree
12/23/23,12/23/23,429,141,Tuv aimag,Buren,Bag 1,????,Munkhtur,12/23/23,,NA,NA,NA,NA,1,68,Male,Secondary,0,0,0,0,0,0,0,0,0,0,0,0,1,1,0,0,1,1,No,Husband,NA,1,1,NA,NA,NA,NA,NA,NA,NA,NA,NA,NA,Son-in-law,NA,1,NA,NA,1,NA,NA,NA,NA,NA,NA,NA,NA,NA,3,2,2,No,,NA,NA,NA,NA,NA,NA,NA,NA,NA,NA,NA,NA,NA,,,NA,NA,NA,NA,NA,NA,,,,,NA,NA,NA,NA,NA,,No,,No,,No,,,,Yes,Household Chores,NA,NA,1,NA,NA,NA,No,No,,,No,No,No,No,No,No,No,,,Pension,1,NA,NA,NA,NA,NA,NA,NA,NA,NA,NA,,Bank,1,"5,5mil",5.5,5.5,Lunar new year,NA,NA,1,NA,NA,NA,,NA,NA,NA,NA,,"1 person, age 82, female, in the soum",1,Not specified,,"2 peprsons, male and female, ages 40-50 ",2,Not specified,,"2 persons, female and male, ages 40-50 ",2,Not specified,,"2 persons, age 40, UB",2,Not specified,,"mother, son and daughter",1,NA,1,NA,NA,NA,NA,NA,3,1,5,3,3,No,,Yes,Yes,Strongly agree,No,,6,6,5,3,3,2,2,20,40,20,No,,No,No,No,No,No,No,No,No,"Horse, Camel, Motorbike",0,1,0,1,Motorbike,0,0,0,1,Motorbike,0,0,0,1,6,4,4,6,4,6,6,4,6,No,,No,,No,,Yes,Both,"Meat & dairy, Cash",1,1,NA,NA,,Food,1,NA,NA,NA,NA,,,NA,NA,NA,NA,NA,NA,No,0,0,0,9,12,0,0,0,10,17,Yes,Yes,Yes,Both,Less vegetation overall,The same,,NA,NA,NA,NA,,,,No,,,No change,,No,,No,Yes,Medium,,,No,Not important at all,Slightly important,Not important at all,Not important at all,Not important at all,Slightly important,Moderately important,Important,Strongly agree,Strongly agree,Generally agree,Generally agree
12/21/23,12/21/23,430,142,Tuv aimag,Buren,Bag 2,No,Odonchimeg,12/21/23,46.9176778 105.0496033 1229.9649658203125 4.881,46.9176778,105.0496033,1229.964966,4.881,4,31,Male,Complete secondary/High school,2,0,0,0,1,0,0,0,1,0,0,0,0,0,0,0,1,1,Yes,"Husband, neighbor",NA,1,1,NA,NA,NA,NA,NA,NA,NA,1,NA,NA,"Husband, wife",1,1,1,1,NA,NA,NA,NA,NA,NA,NA,NA,NA,NA,2,2,1,No,,NA,NA,NA,NA,NA,NA,NA,NA,NA,NA,NA,NA,NA,,Other,NA,NA,NA,NA,NA,1,Does not live there,,,Other,NA,NA,NA,NA,1,none,No,,No,,No,,,,No,,NA,NA,NA,NA,NA,NA,No,No,,,No,No,Yes,,,,No,,,Remits,NA,NA,NA,NA,NA,NA,1,NA,NA,NA,NA,,Bank,0.5,6 - 15 mil,6,15,Winter,1,NA,NA,NA,NA,NA,,NA,NA,NA,NA,,"2 persons, age 30_31, in UB",2,Not specified,,"10-15 person, ages 30_40, female and male, UN and in countryside ",15,Not specified,,none,0,,,none,0,,,parents and wife,1,1,NA,NA,NA,NA,NA,NA,5,1,3,5,1,No,,Yes,Yes,Agree,Yes,Confident,20,10,10,20,7,5,4,25,60,0,No,,No,Yes,Yes,Yes,Yes,No,Yes,Yes,"Motorbike, Horse, Camel",0,1,0,1,"Motorbike, Horse, Camel",0,1,0,1,"Horse, Camel, Motorbike",0,1,0,1,20,20,10,20,20,12,20,20,12,Yes,Changed winter and spring pasture,Yes,"Changed the breeder livestock (male), Fencing the pasture",Yes,"Insufficient water well, Need a pasture specialist",No,,,NA,NA,NA,NA,,,NA,NA,NA,NA,NA,,,NA,NA,NA,NA,NA,NA,No,0,18,33,245,154,0,10,15,120,80,Yes,Yes,Yes,Both,"Shorter/sparser vegetation, Reduced wild onion abundance",Increase,Births,1,NA,NA,NA,,,,Yes,Increase,Livelihood improvement,Degraded,Medium,No,,No,Yes,Medium,,,Yes,Very important,Very important,Very important,Very important,Very important,Important,Important,Very important,Strongly agree,Generally agree,Strongly agree,Strongly disagree
12/21/23,12/21/23,430,143,Tuv aimag,Buren,Bag 2,,Bilguun,12/21/23,46.9176663 105.049686 1234.4 5.383,46.9176663,105.049686,1234.4,5.383,5,44,Male,Complete secondary/High school,1,0,0,0,3,0,0,1,2,0,0,0,0,0,0,0,6,31,Yes,"Husband, son",NA,2,1,NA,1,NA,1,NA,NA,NA,NA,NA,NA,"Husband, wife, son",1,2,1,1,1,NA,NA,NA,NA,NA,NA,NA,NA,NA,3,1,1,Yes,Employment,NA,NA,NA,1,NA,NA,NA,NA,NA,NA,NA,NA,2018,,Other,NA,NA,NA,NA,NA,1,Annually,No,No,Employment,NA,NA,NA,1,NA,,Yes,Decreased,Yes,Herding and Livestock Management,Yes,Yes,Yes,Yes,Yes,"Migration, Day laboring",1,NA,NA,NA,1,NA,Yes,Yes,Husband,Husband,Yes,No,No,Yes,No,,Yes,Daughter,Employment,"Salary, Government allowances, Saving in bank",NA,NA,1,1,NA,NA,NA,NA,NA,NA,NA,,Bank,1,1-10 mil,1,10,winter,1,NA,NA,NA,NA,NA,,NA,NA,NA,NA,,"1, age 80, male, in the soum",1,Not specified,,"3 persons, ages 30-50, male, neighbor ",3,Friends,,"2 persons, ages 45& 50,male, in UB",2,Not specified,,"1 person, age 45, male, in UB",1,Not specified,,"wife, parents ",1,1,NA,NA,NA,NA,NA,NA,5,NA,5,5,3,No,,Yes,Yes,Strongly agree,Yes,Strongly confident,1,1,1,3,1,6,6,35,150,150,No,,No,Yes,No,No,No,No,Yes,Yes,"Walk, Horse, Camel, Motorbike",1,1,0,1,"Walk Horse, Camel, Motorbike",1,1,0,1,"Walk, Horse, Camel, Motorbike",1,1,0,1,3,4,4,4,3,4,4,3,4,No,,Yes,Planting pasture grass,Yes,Fencing the pasture,Yes,Both,"Meat & dairy, Cash",1,1,NA,NA,,"Food, Cash, Other",1,1,NA,NA,1,Phone credits,"Household improvements, Supplemental fodder, Vehicle or fuel costs",NA,NA,1,1,NA,1,No,0,105,95,1510,211,0,70,1100,150,150,Yes,Yes,Yes,Both,More weeds,Increase,Births,1,NA,NA,NA,,,,No,,,Degraded,Medium,No,,No,Yes,Medium,,,Yes,Moderately important,Very important,Very important,Very important,Very important,Very important,Very important,Very important,Strongly agree,Strongly agree,Strongly agree,Strongly agree
12/22/23,12/22/23,431,144,Tuv aimag,Buren,Bag 3,Shireebazar,Munkhtuvshin,12/22/23,,NA,NA,NA,NA,3,58,Male,Secondary,0,0,0,0,1,0,0,0,2,0,0,0,0,0,0,0,2,9,Yes,"Unspecified, Unspecified, Unspecified",NA,NA,NA,NA,NA,NA,NA,NA,NA,NA,NA,NA,3,"Husband, wife, son, son-in-law, daughter-in-law, 4 children",2,3,1,1,2,1,4,NA,NA,NA,NA,NA,NA,NA,9,2,1,No,,NA,NA,NA,NA,NA,NA,NA,NA,NA,NA,NA,NA,NA,,,NA,NA,NA,NA,NA,NA,,,,,NA,NA,NA,NA,NA,,,,,,No,,,,No,,NA,NA,NA,NA,NA,NA,Yes,Yes,SHureebazar,Head of the household,Yes,No,Yes,,,,No,,,Pension,1,NA,NA,NA,NA,NA,NA,NA,NA,NA,NA,,Bank,2,3 -10 mil,3,10,"Autumn, and Winter ",1,1,NA,NA,NA,NA,At Bag/Soum level,1,NA,NA,NA,,None,0,,,none,0,,,none,0,,,none,0,,,"wife, and son",NA,1,1,NA,NA,NA,NA,NA,5,2,5,3,4,No,,Yes,No,,Yes,Neutral,NA,5,3,20,2,6,8,25,37,22,Yes,Outside soum,No,No,No,No,No,No,No,No,"Horse, Camel",0,1,0,0,Motorbike,0,0,0,1,"Motorbike, Horse, Camel",0,1,0,1,4,4,5,4,4,5,4,5,5,No,,No,,No,,Yes,Both,"Meat & dairy, Cash",1,1,NA,NA,,"Food, Cash",1,1,NA,NA,NA,,"Supplemental fodder, Husbandry, Vehicle or fuel costs",NA,NA,NA,1,1,1,No,0,20,25,156,105,0,35,32,148,129,Yes,Yes,Yes,Both,Less vegetation overall,Increase,Births,1,NA,NA,NA,,,,Yes,Maintain,Improve the quality of livestock,Degraded,Medium,No,,No,Yes,Good,,,No,Important,Very important,Very important,Very important,Important,Important,Moderately important,Important,Strongly agree,Generally agree,Strongly agree,Generally agree
12/22/23,12/23/23,431,145,Tuv aimag,Buren,Bag 3,,Odonchimeg,12/22/23,,NA,NA,NA,NA,6,42,Male,Secondary,4,4,0,0,0,0,0,0,2,1,0,0,0,0,0,0,1,6,No,"Husband, wife, son",1,2,1,1,1,NA,1,NA,NA,NA,NA,NA,NA,"Husband, wife, sons",1,5,1,1,4,NA,4,NA,NA,NA,NA,NA,NA,NA,3,2,2,Yes,School,1,NA,NA,NA,NA,NA,NA,NA,NA,NA,NA,NA,NA,September,During school breaks To assist with migration to new camp (seasonal),NA,NA,1,NA,1,NA,,No,Yes,School for children,1,NA,NA,NA,NA,,Yes,Decreased,Yes,Lacking human capacity,No,,,,No,,NA,NA,NA,NA,NA,NA,No,No,,,Yes,No,No,No,No,No,Yes,Not specified,Cook at kindergarten,"Salary, Government allowances, Other",NA,NA,1,1,NA,NA,NA,NA,NA,NA,1,Tire repair shop,Bank,1,5-15 mil,5,15,"August, February",NA,1,NA,NA,NA,NA,,NA,NA,NA,NA,,None,0,,,none,0,,,none,0,,,none,0,,,"wife, in laws",NA,1,NA,NA,NA,1,NA,NA,4,NA,4,2,1,No,,No,Yes,Neutral,Yes,Strongly confident,10,5,10,3,5,5,6,25,80,130,No,,No,No,No,No,No,No,No,Yes,"Horse, Camel",0,1,0,0,"Motorbike, Horse, Camel",0,1,0,1,"Horse, Camel, Motorbike",0,1,0,1,7,6,4,5,6,4,6,7,5,No,,Yes,Improve the quality of the livestock,Yes,"Camp/Building renovations, Fencing the pasture",Yes,Sending,Meat & dairy,1,NA,NA,NA,,,NA,NA,NA,NA,NA,,,NA,NA,NA,NA,NA,NA,No,0,2,10,70,50,0,12,13,100,70,Yes,Yes,Yes,Both,Shorter/sparser vegetation,Decrease,,NA,NA,NA,NA,,Drought-related death,,Yes,Increase,Livelihood improvement,Degraded,Medium,No,,Yes,Yes,Not enough,,,No,Moderately important,Important,Very important,Very important,Very important,Very important,Very important,Very important,Strongly agree,Strongly agree,Strongly agree,Strongly disagree
12/22/23,12/23/23,431,146,Tuv aimag,Buren,Bag 3,,Odonchimeg,12/22/23,46.9183002 105.0501143 1234.7000732421875 43.989,46.9183002,105.0501143,1234.700073,43.989,4,40,Male,Complete secondary/High school,2,2,0,0,1,0,0,0,1,1,0,0,0,0,0,0,1,1,No,"Husband, wife",1,1,1,1,NA,NA,NA,NA,NA,NA,NA,NA,NA,"Husband, wife",1,1,1,1,NA,NA,NA,NA,NA,NA,NA,NA,NA,NA,2,3,1,Yes,School,1,NA,NA,NA,NA,NA,NA,NA,NA,NA,NA,NA,NA,September,During school breaks Weekly,1,NA,NA,NA,1,NA,,No,Yes,School for children,1,NA,NA,NA,NA,,No,,No,,No,,,,No,,NA,NA,NA,NA,NA,NA,Yes,Yes,Husband,Husband,Yes,No,No,Yes,Yes,Yes,No,,,Government allowances,NA,NA,NA,1,NA,NA,NA,NA,NA,NA,NA,,Bank,1,10-20 mil,10,20,Winter,1,NA,NA,NA,NA,NA,,NA,NA,NA,NA,,None,0,,,none,0,,,"a brother, age 30, UB",1,Family,,none,0,,,"wife, mother and sister ",1,1,NA,NA,1,NA,NA,NA,5,NA,2,1,1,No,,Yes,No,,Yes,Strongly confident,20,20,10,10,5,10,8,100,250,50,No,,No,No,No,No,No,No,No,Yes,"Horse, Camel, Motorbike",0,1,0,1,"Horse, Camel, Motorbike",0,1,0,1,"Horse, Camel, Motorbike",0,1,0,1,NA,100,50,80,40,40,35,40,30,No,,Yes,Improve the quality of the livestock,No,,Yes,Sending,"Meat & dairy, Cash",1,1,NA,NA,,,NA,NA,NA,NA,NA,,,NA,NA,NA,NA,NA,NA,No,0,19,80,300,150,0,5,50,200,100,Yes,Yes,Yes,Both,"Less vegetation overall, Less fattening of animals",Increase,Births,1,NA,NA,NA,,,,Yes,Maintain,Improve the quality of livestock,Degraded,Substantial,Yes,5-Mar,No,Yes,Medium,Decreased,,No,Important,Very important,Very important,Very important,Important,Important,Very important,Very important,Strongly agree,Strongly agree,Strongly agree,Generally agree
12/22/23,12/23/23,431,147,Tuv aimag,Buren,Bag 3,,Odonchimeg,12/22/23,46.71009 104.9261632 1382.1 4.3,46.71009,104.9261632,1382.1,4.3,7,48,Male,College/University,3,2,0,0,0,1,0,2,2,0,0,0,0,0,0,0,2,7,No,"Husband, wife",1,1,1,1,NA,NA,NA,NA,NA,NA,NA,NA,NA,"Husband, wife, son (student)",1,2,1,1,1,NA,NA,NA,NA,NA,NA,NA,NA,NA,3,2,2,Yes,School,1,NA,NA,NA,NA,NA,NA,NA,NA,NA,NA,NA,NA,September,During school breaks Weekly,1,NA,NA,NA,1,NA,,No,Yes,"University, Employment",NA,1,NA,1,NA,,Yes,Decreased,Yes,Individual workload change,No,,,,No,,NA,NA,NA,NA,NA,NA,Yes,Yes,Husband,Husband,Yes,No,No,Yes,No,No,Yes,Daughter,Employment,"Salary, Government allowances",NA,NA,1,1,NA,NA,NA,NA,NA,NA,NA,,Bank,1,2-7 mil,2,7,Spring,NA,NA,NA,1,NA,NA,Local party,NA,NA,NA,1,,None,0,,,"2 persons, age 50, male, in the countryside",2,Not specified,,none,0,,,"2-3 persons, ages 40-50, male, in UB",3,Not specified,,"2 sibling, in laws",NA,NA,NA,NA,1,1,NA,NA,4,NA,3,3,3,No,,No,Yes,Neutral,Yes,Strongly confident,5,8,3,5,3,4,4,20,40,20,No,,No,No,No,Yes,No,No,No,Yes,"Horse, Camel",0,1,0,0,Motorbike,0,0,0,1,Motorbike,0,0,0,1,5,3,5,5,3,5,5,3,5,Yes,Stopped migrating to winter camp early,Yes,Community-based pasture management,No,,Yes,Sending,"Meat & dairy, Cash",1,1,NA,NA,,,NA,NA,NA,NA,NA,,,NA,NA,NA,NA,NA,NA,No,0,28,16,430,140,0,40,70,600,300,Yes,Yes,Yes,Both,"Shorter/sparser vegetation, More weeds",Decrease,,NA,NA,NA,NA,,Drought-related death,,Yes,Increase,Livelihood improvement,Degraded,Medium,No,,No,Yes,Medium,,,No,Important,Very important,Very important,Very important,Very important,,Very important,Very important,Strongly agree,Strongly agree,Strongly agree,Strongly agree
12/23/23,12/23/23,431,148,Tuv aimag,Buren,Bag 3,,Bolor,12/22/23,,NA,NA,NA,NA,2,61,Male,Secondary,4,6,0,3,0,6,0,3,2,6,0,3,2,6,0,3,1,2,No,"Son, daughter-in-law",1,1,NA,NA,NA,1,2,NA,NA,NA,NA,NA,NA,"Son, daughter-in-law, school children",1,1,NA,NA,1,1,2,NA,NA,NA,NA,NA,NA,NA,5,3,2,Yes,"School, Employment",1,NA,NA,1,NA,NA,NA,NA,NA,NA,NA,NA,2008,,To assist with migration to new camp (seasonal) During Naadam During school breaks Other,NA,NA,1,1,1,1,Lunar New Year,Yes,No,"University, Access to services (health care), Employment",NA,1,1,1,NA,,Yes,Decreased,Yes,Individual workload change,No,,,,No,,NA,NA,NA,NA,NA,NA,Yes,Yes,Head of the household,Head of the household,No,No,No,Yes,No,No,Yes,Daughter,in Ulaanbaatar,"Salary, Pension",1,NA,1,NA,NA,NA,NA,NA,NA,NA,NA,,Bank,1,4-5 mil,4,5,Lunar New Year,NA,NA,1,NA,NA,NA,,NA,NA,NA,NA,,"A son, age 37, male, in the countryside",1,Family,,"5-6 persons, ages 50, male ",6,Not specified,,"3 persons, ages 40-50, male",3,Not specified,,local government management,,,Local government,"wife, son and daughter ",NA,1,1,NA,NA,NA,NA,NA,5,NA,3,4,1,Yes,Local government,Yes,Yes,Agree,Yes,Strongly confident,10,10,5,4,3,4,4,50,90,90,No,,No,Yes,Yes,No,No,No,No,Yes,"Horse, Camel",0,1,0,0,"Horse, Camel",0,1,0,0,Motorbike,0,0,0,1,30,20,10,NA,30,5,NA,9,30,No,,No,,Yes,Insufficient water well,Yes,Both,"Meat & dairy, Cash, Fiber products",1,1,1,NA,,"Food, Cash, Technology",1,1,NA,1,NA,,"Household improvements, Supplemental fodder, Husbandry, Vehicle or fuel costs",NA,NA,1,1,1,1,No,0,4,5,52,41,0,11,10,160,170,Yes,Yes,Yes,Both,Shorter/sparser vegetation,Decrease,,NA,NA,NA,NA,,Gave away as gift,,No,,,Degraded,Substantial,Yes,Don't know,No,No,Good,Increased,Slight,No,Important,Very important,Very important,Very important,Very important,Slightly important,Slightly important,Moderately important,Strongly agree,Strongly agree,Strongly agree,Generally agree
12/23/23,12/23/23,431,149,Tuv aimag,Buren,Bag 3,,Bolor,12/22/23,,NA,NA,NA,NA,5,33,Male,Complete secondary/High school,3,0,0,0,2,0,0,0,0,0,0,0,0,0,0,0,2,6,Yes,Husband,NA,1,1,NA,NA,NA,NA,NA,NA,NA,NA,NA,NA,"Husband, wife",1,1,1,1,NA,NA,NA,NA,NA,NA,NA,NA,NA,NA,2,NA,1,No,,NA,NA,NA,NA,NA,NA,NA,NA,NA,NA,NA,NA,NA,,,NA,NA,NA,NA,NA,NA,,,,,NA,NA,NA,NA,NA,,,,,,No,,,,No,,NA,NA,NA,NA,NA,NA,No,No,,,Yes,No,No,Yes,No,No,No,,,Government allowances,NA,NA,NA,1,NA,NA,NA,NA,NA,NA,NA,,Bank,1,4 -15 mil,4,15,"Winter,lunar new year",1,NA,1,NA,NA,NA,At Bag/Soum level,1,NA,NA,NA,,"3 persons, siblings, ages 45+ male and female",3,Family,,"3 persons, relatives, ages 45+, male and female ",3,Family,,"2 persons, salesmen of meat and cashmere, age 30+",2,Professional,,0,0,,,"wife, sibling and mother",1,1,NA,NA,1,NA,NA,NA,5,NA,3,3,5,No,,No,No,,Yes,Confident,4,4,3,4,4,2,3,50,70,30,No,,No,No,No,Yes,Yes,No,No,Yes,"Horse, Camel, Motorbike",0,1,0,1,"Horse, Camel, Motorbike",0,1,0,1,"Horse, Camel, Motorbike",0,1,0,1,5,5,3,4,4,5,4,3,4,No,,Yes,Fencing the pasture,Yes,Financial difficulty,,,,NA,NA,NA,NA,,,NA,NA,NA,NA,NA,,,NA,NA,NA,NA,NA,NA,,0,9,23,170,108,0,15,50,300,150,Yes,Yes,Yes,Both,"Reduced number of plant species, Pasture degradation",The same,,NA,NA,NA,NA,,,,No,,,No change,,No,,No,Yes,Medium,,,No,Slightly important,Very important,Very important,Very important,Very important,Important,Very important,Very important,Strongly agree,Strongly agree,Generally agree,Strongly agree
12/22/23,12/22/23,431,150,Tuv aimag,Buren,Bag 3,,Bilguun,12/22/23,46.7100095 104.9263563 1394.998291015625 4.784,46.7100095,104.9263563,1394.998291,4.784,5,40,Male,Secondary,2,0,0,0,0,0,0,1,0,0,0,0,0,0,0,0,1,5,No,"Husband, son",NA,2,1,NA,1,NA,1,NA,NA,NA,NA,NA,NA,"Husband, wife, child",1,1,1,1,NA,NA,1,NA,NA,NA,NA,NA,NA,NA,3,1,1,Yes,School,1,NA,NA,NA,NA,NA,NA,NA,NA,NA,NA,NA,2013,,During school breaks,NA,NA,NA,NA,1,NA,,No,No,University,NA,1,NA,NA,NA,,Yes,Decreased,Yes,Household chores not done,No,,,,No,,NA,NA,NA,NA,NA,NA,Yes,Yes,Husband,Husband,Yes,Yes,No,Yes,Yes,Yes,No,,,Government allowances,NA,NA,NA,1,NA,NA,NA,NA,NA,NA,NA,,Bank,1,5 -10mil,5,10,spring,NA,NA,NA,1,NA,NA,,NA,NA,NA,NA,,0,0,,,0,0,,,"1 person, age 40, male, in the countryside",1,Not specified,,0,0,,,friends,NA,NA,NA,1,NA,NA,NA,NA,5,NA,5,5,1,,,,No,,Yes,Strongly confident,NA,6,4,5,3,2,2,5,10,15,No,,No,Yes,Yes,Yes,Yes,Yes,Yes,Yes,"Motorbike, Horse, Camel",0,1,0,1,"Horse, Camel, Motorbike",0,1,0,1,Motorbike,0,0,0,1,8,6,10,NA,6,10,10,10,10,No,,Yes,Fence needlegrass,Yes,Fence needlegrass,Yes,Sending,"Meat & dairy, Cash",1,1,NA,NA,,,NA,NA,NA,NA,NA,,,NA,NA,NA,NA,NA,NA,,0,0,25,300,400,0,13,11,250,300,Yes,Yes,Yes,Both,More weeds,Increase,"Births, Purchased more",1,1,NA,NA,,,,No,,,Degraded,Substantial,No,,No,Yes,Good,,,No,Not important at all,Very important,Very important,Very important,Very important,Very important,Very important,Very important,Strongly agree,Strongly agree,Strongly agree,Strongly agree
12/22/23,12/22/23,431,151,Tuv aimag,Buren,Bag 3,????,Nyamdavaa,12/22/23,46.7101238 104.9261728 1431.3 4.85,46.7101238,104.9261728,1431.3,4.85,6,46,Male,Complete secondary/High school,2,2,0,0,2,0,0,2,2,NA,0,0,0,2,0,2,1,6,No,"Husband, wife",1,1,1,1,NA,NA,NA,NA,NA,NA,NA,NA,NA,"Husband, wife, child",1,1,1,1,NA,NA,1,NA,NA,NA,NA,NA,NA,NA,6,1,1,Yes,School,1,NA,NA,NA,NA,NA,NA,NA,NA,NA,NA,NA,2019,,During school breaks To assist with migration to new camp (seasonal),NA,NA,1,NA,1,NA,,No,Don't know,"School for children, University",1,1,NA,NA,NA,,Yes,Decreased,Yes,Lacking human capacity,No,,,,No,,NA,NA,NA,NA,NA,NA,Yes,Yes,Head of the household,Head of the household,Yes,No,Yes,,,,No,,,,NA,NA,NA,NA,NA,NA,NA,NA,NA,NA,NA,,Bank,1,10 mil,10,10,Autumn,NA,1,NA,NA,NA,NA,Local party,NA,NA,NA,1,,wife,1,Spouse,,none,0,,,none,0,,,none,0,,,wife and son,NA,1,1,NA,NA,NA,NA,NA,2,1,4,3,1,No,,No,No,,No,,10,10,10,10,10,2,2,6,6,6,No,,No,,Yes,No,No,Yes,Yes,Yes,"Horse, Camel",0,1,0,0,Motorbike,0,0,0,1,Motorbike,0,0,0,1,10,10,10,10,10,10,10,10,10,Yes,Herding from aimag,Yes,Reduced the herd size,Yes,Fencing the pasture,Yes,Sending,"Meat & dairy, Cash",1,1,NA,NA,,,NA,NA,NA,NA,NA,,,NA,NA,NA,NA,NA,NA,No,0,45,65,580,220,0,40,50,1000,220,Yes,Yes,Yes,Both,Shorter/sparser vegetation,Decrease,,NA,NA,NA,NA,,Drought-related death,,No,,,No change,,No,,Yes,Yes,Medium,,,No,Moderately important,Very important,Very important,Very important,Moderately important,Very important,Very important,Very important,Strongly agree,Strongly agree,Strongly agree,Neither agree nor disagree
12/24/23,12/24/23,431,152,Tuv aimag,Buren,Bag 3,,Munkhtur,12/24/23,,NA,NA,NA,NA,6,42,Male,No education,3,0,0,0,2,1,0,1,1,1,0,1,0,0,0,0,1,6,Yes,"Husband, wife",1,1,1,1,NA,NA,NA,NA,NA,NA,NA,NA,NA,"Husband, wife, son",1,2,1,NA,1,NA,NA,NA,NA,NA,NA,NA,NA,NA,4,4,2,Yes,School,1,NA,NA,NA,NA,NA,NA,NA,NA,NA,NA,NA,2023,,During school breaks,NA,NA,NA,NA,1,NA,,Don't know,Don't know,University,NA,1,NA,NA,NA,,Yes,Decreased,Yes,Lacking human capacity,Yes,No,Yes,Yes,Yes,Shearing livestock,NA,NA,NA,NA,NA,1,Yes,No,,,Yes,Yes,No,No,No,No,No,,,,NA,NA,NA,NA,NA,NA,NA,NA,NA,NA,NA,,Bank,2,7-12 mil,7,12,"winter, spring",1,NA,NA,1,NA,NA,,NA,NA,NA,NA,,"2 persons,  a wife and son, ages 18-42 ",2,"Spouse, Family",,"5 persons, ages 50-60 ?????, in the soum",5,Not specified,,0,0,,,0,0,,,"wife, son and daughter",NA,1,1,NA,NA,NA,NA,NA,5,1,5,5,1,No,,No,No,Strongly disagree,No,,5,6,4,4,4,2,2,18,25,25,No,,No,No,No,No,No,No,No,No,"Horse, Camel, Motorbike",0,1,0,1,"Horse, Camel, Motorbike",0,1,0,1,"Horse, Camel, Motorbike",0,1,0,1,12,8,12,12,8,12,12,8,12,No,,No,,Yes,Need to plant pasture grass,Yes,Both,"Meat & dairy, Cash",1,1,NA,NA,,,NA,NA,NA,NA,NA,,,NA,NA,NA,NA,NA,NA,No,0,25,15,699,355,0,20,21,510,300,Yes,Yes,Yes,Both,Less vegetation overall,Increase,Births,1,NA,NA,NA,,,,No,,,No change,,No,,No,Yes,Medium,,,No,Not important at all,Very important,Very important,Very important,Very important,Very important,Important,,Strongly agree,Generally agree,Strongly agree,Strongly disagree
12/28/23,12/28/23,431,153,Tuv aimag,Buren,Bag 3,,Bolor,,,NA,NA,NA,NA,2,61,Male,Secondary,4,6,0,0,0,0,0,0,0,0,0,0,2,2,0,0,2,7,Yes,"Grandfather, son, daughter-in-law, grandchild, grandchild",1,2,NA,NA,1,1,2,1,1,NA,NA,NA,NA,"Grandparents, son, daughter-in-law, grandchildren",1,1,NA,NA,1,1,NA,4,2,NA,NA,NA,NA,NA,5,3,2,Yes,Look after children,NA,NA,NA,NA,NA,NA,1,NA,NA,NA,NA,NA,2014,September,During school breaks,NA,NA,NA,NA,1,NA,,No,No,School for children,1,NA,NA,NA,NA,,Yes,Decreased,Yes,Individual workload change,No,,,,No,,NA,NA,NA,NA,NA,NA,Yes,Yes,Winter camp in father's and spring camp in son's name,Father,Yes,No,No,Yes,Yes,No,No,,,Pension,1,NA,NA,NA,NA,NA,NA,NA,NA,NA,NA,,Bank,1,4-5 mil,4,5,Lunar new year,NA,NA,1,NA,NA,NA,,NA,NA,NA,NA,,"a son, age 37 ",1,Family,,"5-6 persons, ages 50 ",6,Not specified,,"3 females, ages 40-50, in UB",3,Not specified,,local government,,,Local government,"wife, son and daughter",NA,1,1,NA,NA,NA,NA,NA,5,NA,3,4,1,Yes,Soum government,Yes,Yes,Agree,Yes,Strongly confident,NA,10,6,4,3,4,4,50,110,110,No,,Yes,,Yes,No,No,No,No,Yes,"Horse, Camel",0,1,0,0,"Horse, Camel, Motorbike",0,1,0,1,Motorbike,0,0,0,1,NA,30,10,NA,30,5,NA,9,30,No,,No,,Yes,"Financial difficulty, Lacking human capacity, Insufficient water well",Yes,Both,"Meat & dairy, Cash",1,1,NA,NA,,"Food, Cash, Technology, Other",1,1,NA,1,1,"Pharmacy products, Medical Equipment","Household improvements, Supplemental fodder, Husbandry, Vehicle or fuel costs",NA,NA,1,1,1,1,No,0,4,5,52,41,0,11,10,160,170,Yes,Yes,Yes,Both,"Shorter/sparser vegetation, More weeds, Disappearance of native plants",Decrease,,NA,NA,NA,NA,,Gave away as gift,,No,,,Degraded,,Yes,Don't know,No,No,Good,Increased,Slight,No,Important,Very important,Very important,Very important,Very important,Slightly important,Slightly important,Moderately important,Strongly agree,Strongly agree,Strongly agree,Generally agree
12/28/23,12/28/23,431,154,Tuv aimag,Buren,Bag 3,,Bolor,12/22/23,46.21248 106.709386 0 0,46.21248,106.709386,0,0,2,64,Male,Elementary,3,5,0,0,0,0,0,0,0,0,0,0,2,2,0,0,4,23,Yes,"Husband, wife, child, child, child",1,1,1,1,NA,NA,1,NA,NA,NA,NA,NA,NA,"Husband, wife, children",1,1,1,1,NA,NA,3,NA,NA,NA,NA,NA,NA,NA,8,1,3,Yes,Look after children,NA,NA,NA,NA,NA,NA,1,NA,NA,NA,NA,NA,2013,September,To assist with migration to new camp (seasonal) During Naadam During school breaks Other,NA,NA,1,1,1,1,Lunar New year,No,No,"School for children, Access to services (health care)",1,NA,1,NA,NA,,No,,No,,No,,,,No,,NA,NA,NA,NA,NA,NA,No,Yes,Son,Son,Yes,No,No,Yes,Yes,No,No,,,"Pension, Crafts",1,NA,NA,NA,NA,NA,NA,1,NA,NA,NA,,Bank,1,2-3 mil,2,3,Winter and spring,1,NA,NA,1,NA,NA,,NA,NA,NA,NA,,"1 female, age 70",1,Not specified,,"20-30 persons, ages 30-60",30,Not specified,,0,0,,,0,0,,,"wife, children and sister ",NA,1,1,NA,1,NA,NA,NA,5,NA,4,3,1,No,,No,Yes,Strongly agree,Yes,Neutral,NA,10,7,8,10,5,5,65,100,55,No,,No,Yes,Yes,Yes,No,No,No,No,"Horse, Camel",0,1,0,0,Motorbike,0,0,0,1,"Car, Motorbike",0,0,1,1,10,6,12,NA,6,12,NA,6,12,No,,Yes,"Reduce the herd size, Improve the quality of the livestock ",Yes,Financial difficulty,Yes,Both,Meat & dairy,1,NA,NA,NA,,"Food, Cash, Technology, Other",1,1,NA,1,1,"Household items, Pharmacy products",Husbandry,NA,NA,NA,NA,1,NA,No,0,5,0,74,54,0,10,10,100,100,,Yes,Yes,Both,Less vegetation overall,Decrease,,NA,NA,NA,NA,,Gave away as gift,,No,,,Degraded,Medium,No,,Yes,Yes,Medium,,,No,Very important,Very important,Very important,Very important,Moderately important,Important,Important,Important,Generally agree,Generally agree,Strongly agree,Generally agree
12/22/23,12/22/23,432,155,Tuv aimag,Buren,Bag 4,,Bilguun,12/22/23,46.9201119 105.0642434 1247.809814453125 12.67,46.9201119,105.0642434,1247.809814,12.67,4,38,Male,No education,2,0,0,0,0,0,0,0,0,0,0,0,0,0,0,0,2,7,Yes,"Husband, wife, daughter, son",2,2,1,1,1,1,2,NA,NA,NA,NA,NA,NA,Everyone,NA,NA,NA,NA,NA,NA,NA,NA,NA,NA,NA,NA,4,NA,4,3,2,,,NA,NA,NA,NA,NA,NA,NA,NA,NA,NA,NA,NA,NA,,,NA,NA,NA,NA,NA,NA,,,,,NA,NA,NA,NA,NA,,,,,,No,,,,No,,NA,NA,NA,NA,NA,NA,Yes,Yes,Husband,Husband,Yes,No,No,Yes,No,No,No,,,"Government allowances, Other",NA,NA,NA,1,NA,NA,NA,NA,NA,NA,1,Sale of vegetables,Bank,2,2 -5 mil,2,5,"winter, spring",1,NA,NA,1,NA,NA,,NA,NA,NA,NA,,"1 person, age 65, in the soum",1,Not specified,,"4 persons, ages 45, a neighbor and relatives ",4,"Family, Friends",,0,0,,,0,0,,,"parents, brother",1,NA,NA,NA,1,NA,NA,NA,5,NA,5,3,2,No,,Yes,No,,No,,NA,12,6,6,3,3,3,12,50,50,No,,No,No,No,No,No,No,No,No,"Walk, Horse, Camel, Motorbike",1,1,0,1,"Walk, Horse, Camel Motorbike",1,1,0,1,"Walk, Motorbike",1,0,0,1,NA,4,8,NA,4,8,NA,4,8,No,,No,,Yes,Camp/Building renovations,,,,NA,NA,NA,NA,,,NA,NA,NA,NA,NA,,,NA,NA,NA,NA,NA,NA,,0,7,8,140,110,0,4,6,100,70,Yes,Yes,Yes,Both,"More weeds, Less nutritious plants",The same,,NA,NA,NA,NA,,,,Yes,Decrease,Pasture Degradation,No change,,No,,Yes,Yes,Good,,,Yes,Very important,Very important,Very important,Very important,Very important,Important,Very important,Very important,Strongly agree,Strongly agree,Strongly agree,Strongly agree
12/22/23,12/22/23,432,156,Tuv aimag,Buren,Bag 4,No,Nyamdavaa,12/22/23,46.9173835 105.0496113 1245.4 4.8,46.9173835,105.0496113,1245.4,4.8,3,66,Male,Secondary,0,0,0,0,1,0,0,0,0,0,0,0,2,0,0,0,0,0,No,"Husband, wife, son",1,2,1,1,1,NA,1,NA,NA,NA,NA,NA,NA,Everyone,NA,NA,NA,NA,NA,NA,NA,NA,NA,NA,NA,NA,3,NA,1,NA,1,No,,NA,NA,NA,NA,NA,NA,NA,NA,NA,NA,NA,NA,NA,,Other,NA,NA,NA,NA,NA,1,,,,"School for children, University, Access to services (health care)",1,1,1,NA,NA,,No,,No,,No,,,,No,,NA,NA,NA,NA,NA,NA,Yes,Yes,Batdelger,Head of the household,Yes,No,No,Yes,Yes,No,No,,,"Pension, Other",1,NA,NA,NA,NA,NA,NA,NA,NA,NA,1,Animal husbandry,Bank,1,2-3 mil,2,3,"winter, spring",1,NA,NA,1,NA,NA,At Bag/Soum level,1,NA,NA,NA,,Yes,1,Not specified,,bag governor,1,Civic,,bag governor,1,Civic,,children,Not specified,Family,,"wife, kids, friend",NA,1,1,1,NA,NA,NA,NA,5,1,5,5,1,No,,Yes,No,Strongly agree,Yes,Strongly confident,2,2,2,3,2,3,3,7,30,30,No,,No,No,No,No,No,No,No,Yes,"Horse, Camel, Walk",1,1,0,0,"Walk, Horse, Camel, Motorbike",1,1,0,1,"Walk, Horse, Camel, Motorbike",1,1,0,1,5,2,3,3,2,3,3,3,3,No,,Yes,Move to a better pasture area,Yes,Financial difficulty,No,,,NA,NA,NA,NA,,,NA,NA,NA,NA,NA,,,NA,NA,NA,NA,NA,NA,No,0,0,17,100,70,15,18,20,150,100,Yes,Yes,Yes,Both,Less vegetation overall,Decrease,,NA,NA,NA,NA,,Sold,,Yes,Decrease,,Degraded,Medium,No,,No,Yes,Good,,,No,Very important,Very important,Very important,Very important,Very important,Very important,Very important,Very important,Strongly agree,Generally agree,Strongly agree,Neither agree nor disagree
12/22/23,12/22/23,432,157,Tuv aimag,Buren,Bag 4,,Nyamdavaa,12/22/23,46.9173633 105.0495983 1243.7 3.9,46.9173633,105.0495983,1243.7,3.9,8,43,Male,Elementary,2,1,0,0,3,0,0,3,2,0,0,0,1,1,0,0,1,2,No,Husband,NA,1,1,NA,NA,NA,NA,NA,NA,NA,NA,NA,NA,"Husband, wife, child",1,1,1,1,NA,NA,1,NA,NA,NA,NA,NA,NA,NA,2,2,2,Yes,School,1,NA,NA,NA,NA,NA,NA,NA,NA,NA,NA,NA,2018,,During school breaks,NA,NA,NA,NA,1,NA,,No,Don't know,University,NA,1,NA,NA,NA,,Yes,Decreased,Yes,Individual workload change,No,,,,Yes,Shearing livestock,NA,NA,NA,NA,NA,1,Yes,Yes,Head of the household,Head of the household,Yes,No,No,Yes,Yes,No,Yes,Not specified,"Pension, salary","Pension, Salary",1,NA,1,NA,NA,NA,NA,NA,NA,NA,NA,,Bank,1,10 mil,10,10,"Autumn, spring",NA,1,NA,1,NA,NA,,NA,NA,NA,NA,,Parents,2,Family,,yes,Not specified,Not specified,,none,0,,,none,0,,,"parents, wife and kids",1,1,1,NA,NA,NA,NA,NA,4,1,5,5,3,No,,No,No,,No,,5,5,5,5,5,4,4,15,65,20,No,,No,Yes,Yes,Yes,Yes,No,No,No,"Horse, Camel, Motorbike",0,1,0,1,"Walk, Horse, Camel, Motorbike",1,1,0,1,"Horse, Camel, Motorbike, Walk",1,1,0,1,5,5,5,5,5,5,5,5,5,Yes,Reserved pasture areas,No,,No,,Yes,Both,"Meat & dairy, Cash",1,1,NA,NA,,"Food, Other, Cash",1,1,NA,NA,1,Goods,"Vehicle or fuel costs, Household improvements, Supplemental fodder, School fees/supplies",NA,1,1,1,NA,1,No,1,38,42,500,200,5,28,40,500,100,Yes,Yes,Yes,Both,"Less vegetation overall, More weeds",The same,,NA,NA,NA,NA,,,,No,,,No change,,No,,No,Yes,Medium,,,No,Important,Very important,Important,Very important,Very important,Important,Moderately important,Moderately important,Strongly agree,Generally agree,Strongly agree,Generally agree
12/22/23,12/22/23,432,158,Tuv aimag,Buren,Bag 4,,Bolor,12/20/23,,NA,NA,NA,NA,4,49,Male,Secondary,0,0,0,2,0,0,0,2,2,0,0,2,0,0,0,2,1,2,No,"Husband, wife",1,1,1,1,NA,NA,NA,NA,NA,NA,NA,NA,NA,"Husband, wife",1,1,1,1,NA,NA,NA,NA,NA,NA,NA,NA,NA,NA,2,5,2,Yes,School,1,NA,NA,NA,NA,NA,NA,NA,NA,NA,NA,NA,2023,September,During school breaks,NA,NA,NA,NA,1,NA,,No,Don't know,Access to services (health care),NA,NA,1,NA,NA,,Yes,Decreased,Yes,Lacking human capacity,Yes,Yes,No,No,No,,NA,NA,NA,NA,NA,NA,Yes,Yes,Lkhagvasuren,Head of the household,Yes,No,No,No,No,No,No,,,,NA,NA,NA,NA,NA,NA,NA,NA,NA,NA,NA,,,0,,NA,NA,Winter- require fodder,1,NA,NA,NA,NA,NA,,NA,NA,NA,NA,,None,0,,,none,0,,,2 persons,2,Not specified,,"1 person, ages  0-15 ",1,Not specified,,"husband, mother and kids",1,1,1,NA,NA,NA,NA,NA,3,NA,1,1,1,No,,Yes,No,,No,,NA,10,5,10,5,3,4,17,17,17,No,,No,Yes,Yes,No,No,No,No,Yes,"Horse, Camel, Motorbike",0,1,0,1,"Horse, Camel, Motorbike",0,1,0,1,Motorbike,0,0,0,1,5,5,7,8,4,5,NA,5,10,,,Yes,,Yes,Camp/Building renovations,Yes,Sending,"Meat & dairy, Cash, Fiber products",1,1,1,NA,,,NA,NA,NA,NA,NA,,,NA,NA,NA,NA,NA,NA,No,0,31,49,275,102,0,202,30,100,80,Yes,Yes,Yes,Both,Shorter/sparser vegetation,Increase,Births,1,NA,NA,NA,,,,Yes,Decrease,Because of dzud,No change,,Yes,2-Jan,No,Yes,Medium,Decreased,,Yes,Important,Very important,Very important,Very important,Very important,Moderately important,Important,Important,Strongly agree,Generally agree,Strongly agree,Neither agree nor disagree
12/22/23,12/24/23,432,159,Tuv aimag,Buren,Bag 4,,Odonchimeg,12/22/23,,NA,NA,NA,NA,5,38,Male,Elementary,3,0,0,3,0,0,0,0,2,0,0,0,0,0,0,0,1,3,No,"Husband, wife",1,1,1,1,NA,NA,NA,NA,NA,NA,NA,NA,NA,"Husband, wife",1,1,1,1,NA,NA,NA,NA,NA,NA,NA,NA,NA,NA,2,3,2,Yes,School,1,NA,NA,NA,NA,NA,NA,NA,NA,NA,NA,NA,2017,September,During school breaks,NA,NA,NA,NA,1,NA,,No,Yes,School for children,1,NA,NA,NA,NA,,Yes,Decreased,No,,No,,,,No,,NA,NA,NA,NA,NA,NA,Yes,No,,,Yes,No,No,Yes,No,No,No,,,Government allowances,NA,NA,NA,1,NA,NA,NA,NA,NA,NA,NA,,Bank,1,3- 4 mil,3,4,Lunar New Year and Sept,NA,1,1,NA,NA,NA,,NA,NA,NA,NA,,None,0,,,none,0,,,none,0,,,none,0,,,"parents, husband",1,1,NA,NA,NA,NA,NA,NA,4,NA,3,2,2,No,,No,No,Neutral,Yes,Strongly confident,6,4,3,5,5,5,5,25,50,300,Yes,Outside soum,Yes,Yes,Yes,Yes,Yes,Yes,Yes,Yes,"Motorbike, Car, Horse, Camel",0,1,1,1,"Motorbike, Car",0,0,1,1,"Motorbike, Horse, Camel",0,1,0,1,NA,NA,NA,NA,NA,NA,NA,NA,NA,No,,Yes,Reserve pasture areas,Yes,Financial difficulty,Yes,Sending,"Meat & dairy, Cash",1,1,NA,NA,,,NA,NA,NA,NA,NA,,,NA,NA,NA,NA,NA,NA,No,0,15,30,150,200,0,10,15,50,70,Yes,Yes,Yes,Quantity,Less vegetation overall,Increase,Births,1,NA,NA,NA,,,,No,,,Degraded,Medium,No,,No,Yes,Not enough,,,No,Very important,Moderately important,Important,Very important,Very important,Very important,Very important,Very important,Strongly agree,Generally agree,Strongly agree,Strongly agree
12/22/23,12/22/23,432,160,Tuv aimag,Buren,Bag 4,,Bilguun,12/22/23,46.9225086 105.0556976 1231.4581298828125 4.576,46.9225086,105.0556976,1231.45813,4.576,5,30,Male,Complete secondary/High school,NA,3,0,1,1,1,0,0,NA,1,0,0,0,0,0,0,0,3,Yes,Husband,NA,1,1,NA,NA,NA,NA,NA,NA,NA,NA,NA,NA,"Husband, wife",1,1,1,1,NA,NA,NA,NA,NA,NA,NA,NA,NA,NA,2,3,3,,,NA,NA,NA,NA,NA,NA,NA,NA,NA,NA,NA,NA,NA,,,NA,NA,NA,NA,NA,NA,,,,,NA,NA,NA,NA,NA,,,,,,No,,,,No,,NA,NA,NA,NA,NA,NA,Yes,No,,,Yes,No,Yes,,,,No,,,"Government allowances, Saving in bank",NA,NA,NA,1,NA,NA,NA,NA,NA,NA,NA,,Bank,1,4 mil,4,4,Winter,1,NA,NA,NA,NA,NA,,NA,NA,NA,NA,,"2 persons, ages 50, in the countryside",2,Not specified,,"bag governor, age 50, in the soum ",1,Civic,,"4 persons, age 40, UB",4,Not specified,,"1 person, male, age 50, in aimag",1,Not specified,,"parents, sister",1,NA,NA,NA,1,NA,NA,NA,5,NA,5,5,1,No,,Yes,No,,Yes,Strongly confident,NA,5,2,3,2,3,3,17,80,NA,No,,No,No,No,No,No,No,No,No,,NA,NA,NA,NA,Motorbike,0,0,0,1,Motorbike,0,0,0,1,5,3,5,NA,3,5,3,3,5,No,,No,,No,,Yes,Both,Cash,NA,1,NA,NA,,Cash,NA,1,NA,NA,NA,,"Household improvements, Supplemental fodder, Vehicle or fuel costs",NA,NA,1,1,NA,1,No,0,9,10,95,75,0,3,6,250,250,Yes,Yes,No,,,,,NA,NA,NA,NA,,,,Yes,Increase,Livelihood improvement,Improved,Medium,Yes,2-Jan,Yes,Yes,Medium,No change,,No,Very important,Very important,Very important,Very important,Very important,Very important,Moderately important,Very important,Strongly agree,Generally agree,Strongly agree,Strongly disagree
12/23/23,12/23/23,432,161,Tuv aimag,Buren,Bag 4,Dambadarjaa,Munkhtuvshin,12/22/23,,NA,NA,NA,NA,3,42,Male,Secondary,1,1,0,0,1,2,0,0,1,1,0,0,0,0,0,0,1,1,No,"Unspecified, unspecified",NA,NA,NA,NA,NA,NA,NA,NA,NA,NA,NA,NA,2,2,NA,NA,NA,NA,NA,NA,NA,NA,NA,NA,NA,NA,2,NA,2,3,1,No,,NA,NA,NA,NA,NA,NA,NA,NA,NA,NA,NA,NA,NA,,,NA,NA,NA,NA,NA,NA,,,,School for children,1,NA,NA,NA,NA,,Yes,Decreased,Yes,Herding and Livestock Management,No,,,,No,,NA,NA,NA,NA,NA,NA,Yes,Yes,,,Yes,No,No,Yes,No,No,No,,,Government allowances,NA,NA,NA,1,NA,NA,NA,NA,NA,NA,NA,,Bank,3,3- 5 ml,3,5,"Autumn- school year, winter-fodder, lunar new year",1,1,NA,NA,NA,NA,,NA,NA,NA,NA,,"3 persons, 1-uncle age 70, 1 brother age 52, 1 brother age 48 ",3,Family,,0,0,,,0,0,,,0,0,,,"brother, wife and child",NA,1,1,NA,1,NA,NA,NA,5,2,5,3,1,No,,No,No,,No,,5,2,5,20,15,3,2,60,60,70,No,,Yes,No,No,No,No,No,No,No,"Horse, Camel",0,1,0,0,"Horse, Camel",0,1,0,0,Motorbike,0,0,0,1,15,5,15,5,4,5,20,3,7,No,,No,,Yes,Lack of solidarity,No,,,NA,NA,NA,NA,,,NA,NA,NA,NA,NA,,,NA,NA,NA,NA,NA,NA,No,0,13,21,130,110,0,23,30,200,60,No,Yes,Yes,Quantity,Shorter/sparser vegetation,Decrease,,NA,NA,NA,NA,,Slaughter for home consumption,,Yes,Decrease,Improve the quality of livestock,Degraded,Substantial,No,,No,Yes,Not enough,,,No,Important,Moderately important,Important,Important,Very important,Very important,Slightly important,,Generally agree,Generally agree,Strongly agree,Strongly disagree
12/28/23,12/28/23,432,162,Tuv aimag,Buren,Bag 4,???????,Tungalag,12/22/23,,NA,NA,NA,NA,2,62,Male,Complete secondary/High school,0,0,0,0,0,0,0,0,2,0,0,0,1,2,0,0,2,7,Yes,"son, daughter-in-law, husband, child, child",1,2,NA,NA,1,1,2,NA,NA,NA,NA,NA,NA,"4 people, olders son comes to help",NA,1,NA,NA,1,NA,NA,NA,NA,NA,NA,NA,3,NA,5,10,5,No,,NA,NA,NA,NA,NA,NA,NA,NA,NA,NA,NA,NA,NA,,,NA,NA,NA,NA,NA,NA,,,,,NA,NA,NA,NA,NA,,No,,No,,No,,,,No,,NA,NA,NA,NA,NA,NA,Yes,Yes,Head of the household,Head of the household,Yes,No,No,Yes,No,No,No,,,Pension,1,NA,NA,NA,NA,NA,NA,NA,NA,NA,NA,,none,0,,NA,NA,"winter, spring",1,NA,NA,1,NA,NA,At Community level,NA,1,NA,NA,,"2 male, ages 30& 40, works as salesman ",2,Professional,,"a female, age 40, works in a cooperative",1,Not specified,,"2 friends-salesmen, ages 30& 40, in UB",2,Friends,,"1 person, male, age 40, in UB helps with meat sale, brothers  6-7 person",8,Family,,A friend from UB and brother and older son,NA,NA,1,1,1,NA,NA,NA,5,NA,3,3,4,No,,Yes,No,,Yes,Confident,NA,10,3,7,1.5,5,5,16,80,100,Yes,Outside soum,No,Yes,Yes,No,No,No,No,Yes,"Horse, Camel",0,1,0,0,"Horse, Camel, Motorbike",0,1,0,1,"Horse, Camel, Motorbike",0,1,0,1,NA,0,10,NA,2,10,NA,2,10,Yes,Provided more fodder,Yes,Planting pasture grass,Yes,"Financial difficulty, Lack of technical skills",Yes,Both,Meat & dairy,1,NA,NA,NA,,"Food, Technology",1,NA,NA,1,NA,,,NA,NA,NA,NA,NA,NA,No,0,5,7,120,25,0,15,80,300,160,Yes,Yes,Yes,Both,"Less vegetation overall, Reduced plant species diversity, not much snow since 2000 except for this year to feed the soil",Decrease,,NA,NA,NA,NA,,Other,2 children became herders and live separately,No,,,Degraded,Slight,No,,No,Yes,Not enough,,,No,Important,Important,Important,Very important,Important,Important,Important,Moderately important,Strongly agree,Strongly agree,Strongly agree,Generally agree
12/28/23,12/28/23,432,163,Tuv aimag,Buren,Bag 4,,Bolor,12/21/23,,NA,NA,NA,NA,4,49,Male,Secondary,0,0,0,2,1,0,0,1,2,0,0,0,1,1,0,0,1,2,,"Husband, wife, assistant herder ",1,1,1,1,NA,NA,NA,NA,NA,NA,1,NA,NA,"Husband, wife",1,1,1,1,NA,NA,NA,NA,NA,NA,NA,NA,NA,NA,2,5,2,Yes,School,1,NA,NA,NA,NA,NA,NA,NA,NA,NA,NA,NA,2023,September,During school breaks,NA,NA,NA,NA,1,NA,,No,Don't know,"School for children, University, Access to services (health care)",1,1,1,NA,NA,,Yes,Decreased,Yes,Lacking human capacity,Yes,Yes,No,No,No,,NA,NA,NA,NA,NA,NA,Yes,Yes,Husband,Husband,Yes,No,No,No,No,No,No,,,Government allowances,NA,NA,NA,1,NA,NA,NA,NA,NA,NA,NA,,none,0,,NA,NA,winter,1,NA,NA,NA,NA,NA,,NA,NA,NA,NA,,0,0,,,"2 persons,  ages 40, male and female ",2,Not specified,,0,0,,,"1 organization, relatives 15 persons",15,Family,Organization,"husband, mother and children",1,1,1,NA,NA,NA,NA,NA,NA,NA,1,1,1,No,,Yes,No,,No,,5,10,6,10,5,4,4,20,40,20,No,,No,Yes,Yes,Yes,No,No,No,Yes,"Horse, Camel, Motorbike",0,1,0,1,"Horse, Camel, Motorbike",0,1,0,1,Motorbike,0,0,0,1,5,5,10,5,5,10,7.5,5,10,No,,Yes,Build shelter to keep animals warm,Yes,Financial difficulty,Yes,Both,"Meat & dairy, Cash",1,1,NA,NA,,,NA,NA,NA,NA,NA,,,NA,NA,NA,NA,NA,NA,No,0,31,49,275,102,0,20,30,100,80,Yes,Yes,Yes,Both,"Shorter/sparser vegetation, More weeds",Increase,Births,1,NA,NA,NA,,,,Yes,Decrease,Climate Conditions,No change,,Yes,2-Jan,,No,Medium,Decreased,,No,Important,Very important,Very important,Very important,Very important,Moderately important,Important,Important,Strongly agree,Generally agree,Strongly agree,Neither agree nor disagree
12/23/23,12/23/23,432,164,Tuv aimag,Buren,Bag 4,,Munkhtur,12/23/23,,NA,NA,NA,NA,5,33,Male,Complete secondary/High school,3,0,0,0,1,1,0,0,1,1,0,0,0,0,0,0,2,8,Yes,Husband,NA,1,1,NA,NA,NA,NA,NA,NA,NA,NA,NA,NA,"Husband, wife",1,1,1,1,NA,NA,NA,NA,NA,NA,NA,NA,NA,NA,3,7,2,No,,NA,NA,NA,NA,NA,NA,NA,NA,NA,NA,NA,NA,NA,,Weekly During school breaks,1,NA,NA,NA,1,NA,,,,,NA,NA,NA,NA,NA,,No,,No,,Yes,No,No,No,Yes,Shearing livestock,NA,NA,NA,NA,NA,1,No,No,,,Yes,No,No,No,No,No,No,,,,NA,NA,NA,NA,NA,NA,NA,NA,NA,NA,NA,,Bank,1,4mil,4,4,Winter and spring,1,NA,NA,1,NA,NA,,NA,NA,NA,NA,,"3 persons, ages 33-40, in the soum",3,Not specified,,"2 persons, ages 30-40, in UB and aimag center ",2,Civic,,"2 persons, ages 40-50, in other soums",2,Not specified,,"1-2 persons, ages 40-40, UB and in another soum",2,Not specified,,"husband, mother and children",1,1,1,NA,NA,NA,NA,NA,5,4,5,3,1,No,,Yes,Yes,Strongly agree,Yes,Strongly confident,8,6,8,5,3,6,4,25,50,0,No,,Yes,Yes,No,Yes,No,No,No,Yes,,NA,NA,NA,NA,"Horse, Camel, Motorbike, Walk",1,1,0,1,"Walk, Horse, Camel, Motorbike",1,1,0,1,0,NA,0,10,8,10,10,8,10,Yes,Fencing the pasture,No,,Yes,Insufficient water well,Yes,Both,"Meat & dairy, Cash",1,1,NA,NA,,"Food, Cash",1,1,NA,NA,NA,,"Supplemental fodder, Husbandry, Vehicle or fuel costs",NA,NA,NA,1,1,1,,0,14,25,220,200,0,14,25,200,210,Yes,Yes,Yes,Both,Shorter/sparser vegetation,The same,,NA,NA,NA,NA,,,,Yes,Maintain,Improve the quality of livestock,No change,,No,,No,Yes,Good,,,No,Very important,Very important,Very important,Very important,Very important,Important,Important,,Strongly agree,Strongly agree,Strongly agree,Strongly disagree
12/22/23,12/22/23,433,165,Tuv aimag,Buren,Bag 5,,Tungalag,12/22/23,46.9195342 105.0538299 1213.1229248046875 17.367,46.9195342,105.0538299,1213.122925,17.367,5,40,Male,Complete secondary/High school,3,3,0,0,0,0,0,0,0,1,0,0,0,0,0,0,0,5,No,"Husband, wife, daughter",2,1,1,1,NA,1,1,NA,NA,NA,NA,NA,NA,"Husband, wife, 1 daughter",2,1,1,1,NA,1,1,NA,NA,NA,NA,NA,NA,NA,3,5,1,No,,NA,NA,NA,NA,NA,NA,NA,NA,NA,NA,NA,NA,NA,,,NA,NA,NA,NA,NA,NA,,,,,NA,NA,NA,NA,NA,,,,,,No,,,,No,,NA,NA,NA,NA,NA,NA,Yes,Yes,Husband,Husband,Yes,No,No,No,No,No,No,,,"Remits, Other",NA,NA,NA,NA,NA,NA,1,NA,NA,NA,1,Glorious Mother's benefit,Bank,1,4- 20 mil,4,20,"Autumn, and Winter ",1,1,NA,NA,NA,NA,,NA,NA,NA,NA,,None,0,,,"sister in law, age  40+ , lives abroad ",1,Family,,"husband, sister in law, bag givernor ",3,"Family, Civic",,"Sister in law, age 40+",1,Family,,"husband, sister in law, bag governor ",NA,1,NA,NA,NA,1,1,NA,5,NA,5,4,5,Yes,Store,Yes,No,,No,,NA,8,5,10,8,3,3,36,108,36,No,,No,No,Yes,No,No,No,No,No,"Horse, Camel, Motorbike",0,1,0,1,Motorbike,0,0,0,1,Motorbike,0,0,0,1,NA,5,8,NA,5,8,NA,5,8,Yes,Producing less dairy product,Yes,Planting pasture grass,Yes,"Financial difficulty, Lack of time",Yes,Both,Cash,NA,1,NA,NA,,Cash,NA,1,NA,NA,NA,,Supplemental fodder,NA,NA,NA,1,NA,NA,Yes,0,30,33,460,200,0,12,15,200,60,Yes,Yes,Yes,Quantity,Shorter/sparser vegetation,Increase,"Births, Purchased more",1,1,NA,NA,,,,No,,,Degraded,Medium,No,,No,No,Medium,,,No,Important,Important,Moderately important,Very important,Important,Slightly important,Important,Important,Generally agree,Generally agree,Generally agree,Generally agree
12/23/23,12/23/23,434,166,Tuv aimag,Delgerkhaan,Bag 1,,Odonchimeg,12/23/23,46.6200907 104.566549 1538.8 6.516,46.6200907,104.566549,1538.8,6.516,6,36,Male,Secondary,4,4,0,0,0,0,0,0,2,0,0,0,0,0,0,0,1,6,No,"Husband, wife",1,1,1,1,NA,NA,NA,NA,NA,NA,NA,NA,NA,"Husband, wife, children",1,1,1,1,NA,NA,4,NA,NA,NA,NA,NA,NA,NA,4,1,1,Yes,School,1,NA,NA,NA,NA,NA,NA,NA,NA,NA,NA,NA,NA,September,During school breaks To assist with migration to new camp (seasonal),NA,NA,1,NA,1,NA,,No,Yes,School for children,1,NA,NA,NA,NA,,Yes,Decreased,Yes,Lacking human capacity,No,,,,No,,NA,NA,NA,NA,NA,NA,Yes,Yes,Husband,Husband,Yes,No,Yes,,,,No,,,Government allowances,NA,NA,NA,1,NA,NA,NA,NA,NA,NA,NA,,Bank,2,20-30 mil,20,30,Autumn and Lunar New Year,NA,1,1,NA,NA,NA,,NA,NA,NA,NA,,None,0,,,none,0,,,none,0,,,none,0,,,"wife, son and daughter",NA,1,1,NA,NA,NA,NA,NA,3,NA,3,3,1,No,,No,No,Strongly agree,No,,10,7,12,12,10,2,2,30,60,25,No,,Yes,Yes,No,Yes,No,No,No,Yes,"Horse, Camel, Motorbike",0,1,0,1,"Horse, Camel, Motorbike",0,1,0,1,"Horse, Camel, Motorbike",0,1,0,1,10,9,5,10,7,5,10,12,10,Yes,Rotational grazing,Yes,Fencing the pasture,Yes,Financial difficulty,Yes,Sending,"Meat & dairy, Cash",1,1,NA,NA,,,NA,NA,NA,NA,NA,,,NA,NA,NA,NA,NA,NA,No,0,20,18,250,300,0,20,20,300,350,Yes,Yes,Yes,Both,"More weeds, Less nutritious plants",Decrease,,NA,NA,NA,NA,,Drought-related death,,Yes,Maintain,Improve the quality of livestock,Degraded,Medium,No,,Yes,Yes,Medium,,,No,Very important,Very important,Very important,Very important,Very important,Very important,Very important,Very important,Generally agree,Generally agree,Strongly agree,Neither agree nor disagree
12/23/23,12/23/23,434,167,Tuv aimag,Delgerkhaan,Bag 1,,Odonchimeg,12/23/23,46.6877117 104.7183431 1463.1 6.525,46.6877117,104.7183431,1463.1,6.525,6,49,Male,Secondary,3,3,0,0,1,1,0,0,2,0,0,0,0,0,0,0,1,6,No,"Husband, wife",1,1,1,1,NA,NA,NA,NA,NA,NA,NA,NA,NA,"Husband, wife, children",1,1,1,1,NA,NA,4,NA,NA,NA,NA,NA,NA,NA,5,2,2,Yes,,NA,NA,NA,NA,NA,NA,NA,NA,NA,NA,NA,NA,NA,September,During school breaks To assist with migration to new camp (seasonal),NA,NA,1,NA,1,NA,,No,Yes,"School for children, Employment",1,NA,NA,1,NA,,Yes,Decreased,No,,Yes,Yes,Yes,No,No,,NA,NA,NA,NA,NA,NA,Yes,Yes,Husband,Husband,Yes,No,No,Yes,Yes,No,Yes,Daughter,Soum center,"Salary, Government allowances",NA,NA,1,1,NA,NA,NA,NA,NA,NA,NA,,Bank,1,10-20mil,10,20,Lunar new year-spring,NA,NA,1,1,NA,NA,Local party,NA,NA,NA,1,,None,0,,,in the soum,Not specified,Not specified,,none,0,,,none,0,,,"wife, child and father",1,1,1,NA,NA,NA,NA,NA,3,NA,2,4,5,No,,No,No,Strongly disagree,Yes,Strongly confident,5,5,4,4,6,3,3,4,8,40,No,,No,Yes,Yes,No,No,Yes,Yes,Yes,"Car, Horse, Camel, Motorbike",0,1,1,1,"Horse, Camel, Car, Motorbike",0,1,1,1,"Horse, Camel, Car, Motorbike",0,1,1,1,15,11,8,9,9,3,10,5,3,No,,Yes,Planting pasture grass,No,,Yes,Sending,"Meat & dairy, Cash",1,1,NA,NA,,,NA,NA,NA,NA,NA,,,NA,NA,NA,NA,NA,NA,No,0,17,35,310,150,0,12,25,250,100,Yes,Yes,Yes,Quantity,"Less vegetation overall, sparser soil ",Increase,Births,1,NA,NA,NA,,,,No,,,Degraded,Medium,No,,No,Yes,Medium,,,No,Very important,Very important,Very important,Very important,Not important at all,Very important,Very important,Very important,Strongly agree,Strongly agree,Strongly agree,Strongly agree
12/23/23,12/23/23,434,168,Tuv aimag,Delgerkhaan,Bag 1,,Odonchimeg,12/23/23,46.7026117 104.7539876 1438.1 5.22,46.7026117,104.7539876,1438.1,5.22,2,59,Male,Complete secondary/High school,0,0,0,0,0,0,0,0,2,0,0,0,0,0,0,0,2,8,No,"Husband, wife, hired help",1,1,1,1,NA,NA,NA,NA,NA,NA,1,NA,NA,"Husband, wife, assistant herder, neighbors ",1,1,1,1,NA,NA,NA,NA,NA,NA,1,2,NA,NA,10,1,1,No,,NA,NA,NA,NA,NA,NA,NA,NA,NA,NA,NA,NA,NA,,,NA,NA,NA,NA,NA,NA,,,,,NA,NA,NA,NA,NA,,No,,No,,Yes,Yes,Yes,Yes,Yes,Household chores,NA,NA,1,NA,NA,NA,Yes,Yes,Husband,Husband,Yes,No,No,Yes,Yes,No,No,,,"Pension, Saving in bank",1,NA,NA,NA,NA,NA,NA,NA,NA,NA,NA,,Bank,1,1-5 mil,1,5,Winter and Lunar New Year,1,NA,1,NA,NA,NA,Local party,NA,NA,NA,1,,None,0,,,none,0,,,none,0,,,none,0,,,"wife, 2 daughters",NA,1,1,NA,NA,NA,NA,NA,3,NA,3,1,1,Yes,The Party,Yes,No,Strongly disagree,No,,4,6,3,1,4,3,2,5,10,30,No,,No,Yes,Yes,No,No,No,No,Yes,"Horse, Camel, Motorbike",0,1,0,1,Motorbike,0,0,0,1,Motorbike,0,0,0,1,5,5,10,5,10,5,10,5,10,No,,Yes,"Rotational grazing, Reduced the herd size",Yes,Fencing the pasture,No,,,NA,NA,NA,NA,,,NA,NA,NA,NA,NA,,,NA,NA,NA,NA,NA,NA,No,0,25,0,250,180,0,50,10,400,200,Yes,Yes,Yes,Both,"Reduced plant species diversity, More weeds",Decrease,,NA,NA,NA,NA,,Drought-related death,,Yes,Decrease,Improve the quality of livestock,Degraded,Medium,No,,Yes,Yes,Good,,,No,Important,Very important,Very important,Very important,Very important,Very important,Very important,,Strongly agree,Generally agree,Strongly agree,Strongly agree
12/23/23,12/24/23,434,169,Tuv aimag,Delgerkhaan,Bag 1,No,Tungalag,12/23/23,,NA,NA,NA,NA,3,44,Male,Elementary,1,0,0,0,0,0,0,0,1,0,0,0,0,0,0,0,1,3,,"Husband, wife, son",1,2,1,1,1,NA,1,NA,NA,NA,NA,NA,NA,"Husband, wife",1,1,1,1,NA,NA,NA,NA,NA,NA,NA,NA,NA,NA,3,3,1,No,,NA,NA,NA,NA,NA,NA,NA,NA,NA,NA,NA,NA,NA,,,NA,NA,NA,NA,NA,NA,,,,,NA,NA,NA,NA,NA,,,,,,Yes,Yes,Yes,Yes,No,,NA,NA,NA,NA,NA,NA,Yes,No,,,Yes,No,Yes,,,,No,,,Government allowances,NA,NA,NA,1,1,NA,NA,NA,NA,NA,NA,,Bank,1,20 mil,20,20,"Autumn, and Winter ",1,1,NA,NA,NA,NA,Local party,NA,NA,NA,1,,0,0,,,"2 persons, ages 40&50, a couple ",2,Friends,,0,0,,,0,0,,,"father, husband and sister",1,1,NA,NA,1,NA,NA,NA,NA,NA,2,1,2,Yes,Soum school,Yes,No,,No,,NA,10,7,5,3,3,3,2,7,45,No,,No,No,No,No,No,No,No,No,"Horse, Camel",0,1,0,0,"Car, Motorbike",0,0,1,1,"Car, Motorbike, Horse, Camel",0,1,1,1,0,0,0,0,0,0,0,0,0,Yes,Provided more fodder,Yes,Fence needlegrass,Yes,Financial difficulty,Yes,Sending,Meat & dairy,1,NA,NA,NA,,,NA,NA,NA,NA,NA,,,NA,NA,NA,NA,NA,NA,No,0,40,103,718,232,0,30,80,500,200,Yes,Yes,Yes,Both,"Shorter/sparser vegetation, Less nutritious plants",Increase,Births,1,NA,NA,NA,,,,Yes,Decrease,,Degraded,Slight,No,,No,Yes,Not enough,,,No,Important,Important,Very important,Very important,Important,Important,Important,Very important,Strongly agree,Generally agree,Generally agree,Neither agree nor disagree
12/23/23,12/24/23,434,170,Tuv aimag,Delgerkhaan,Bag 1,No,Tungalag,12/23/23,,NA,NA,NA,NA,4,50,Male,Secondary,2,0,0,0,0,0,0,0,2,0,0,0,0,0,0,0,1,4,,"Husband, wife, son, daughter",2,2,1,1,1,1,2,NA,NA,NA,NA,NA,NA,4,NA,NA,NA,NA,NA,NA,NA,NA,NA,NA,NA,NA,4,NA,4,3,3,No,,NA,NA,NA,NA,NA,NA,NA,NA,NA,NA,NA,NA,NA,,,NA,NA,NA,NA,NA,NA,,,,,NA,NA,NA,NA,NA,,,,,,No,,,,No,,NA,NA,NA,NA,NA,NA,Yes,Yes,Husband,Husband,Yes,No,Yes,,,,No,,,Government allowances,NA,NA,NA,1,1,NA,NA,NA,NA,NA,NA,,Bank,1,10 mil,10,10,Winter and Spring,1,NA,NA,NA,NA,NA,,NA,NA,NA,NA,,0,0,,,0,0,,,0,0,,,"2 person, ages 50+, brother and brother in law, in UB",2,Family,,"sister, brother in law, brother",NA,NA,NA,NA,1,1,NA,NA,NA,NA,3,3,1,No,,Yes,No,,No,,NA,10,7,6,6,1,1,3,3,80,No,,No,No,No,No,No,No,No,Yes,"Horse, Camel, Motorbike",0,1,0,1,"Car, Motorbike",0,0,1,1,"Car, Motorbike",0,0,1,1,NA,6,10,NA,6,10,NA,6,10,No,,Yes,Fence needlegrass,Yes,"Lack of materials, Financial difficulty",Yes,Both,Meat & dairy,1,NA,NA,NA,,Food,1,NA,NA,NA,NA,,,NA,NA,NA,NA,NA,NA,No,0,52,103,515,255,0,100,200,700,250,Yes,Yes,Yes,Both,"Shorter/sparser vegetation, Reduced wild onion abundance Higher number of mice",Decrease,,NA,NA,NA,NA,,Drought-related death,,Yes,Increase,Hoping for better climate,Degraded,Substantial,No,,No,No,Not enough,,,No,Important,Important,Important,Very important,Important,Slightly important,Important,,Strongly agree,Generally agree,Generally agree,Generally agree
12/23/23,12/23/23,434,171,Tuv aimag,Delgerkhaan,Bag 1,,Munkhtuvshin,12/23/23,,NA,NA,NA,NA,4,37,Male,Complete secondary/High school,2,0,0,0,0,0,0,0,2,0,0,0,0,0,0,0,1,2,No,"Unspecified, unspecified",NA,NA,NA,NA,NA,NA,NA,NA,NA,NA,NA,NA,2,"Husband, wife",1,1,1,1,NA,NA,NA,NA,NA,NA,NA,NA,NA,NA,2,3,2,Yes,School,1,NA,NA,NA,NA,NA,NA,NA,NA,NA,NA,NA,NA,September,During school breaks During Naadam,NA,NA,NA,1,1,NA,,No,Yes,School for children,1,NA,NA,NA,NA,,Yes,Decreased,Yes,Household chores not done,Yes,Yes,Yes,Yes,Yes,Herding,NA,1,NA,NA,NA,NA,Yes,Yes,Tumurbaatar,Head of the household,Yes,No,Yes,,,,No,,,Government allowances,NA,NA,NA,1,NA,NA,NA,NA,NA,NA,NA,,Bank,2,7 mil,7,7,"Autumn, winter",1,1,NA,NA,NA,NA,Local party,NA,NA,NA,1,,None,0,,,"a friend age 36, father age 57, mother age 60.",3,"Family, Friends",,none,0,,,"friend, age 30",1,Friends,,"father, mother and wife",1,1,NA,NA,NA,NA,NA,NA,5,NA,5,5,3,No,,Yes,Yes,Agree,Yes,Strongly confident,12,18,14,5,4,3,2,30,54,32,Yes,Outside soum,No,Yes,Yes,Yes,Yes,Yes,Yes,Yes,"Horse, Camel",0,1,0,0,"Horse, Camel",0,1,0,0,Motorbike,0,0,0,1,23,18,10,15,20,11,10,5,4,Yes,Changed the breeder livestock (male),Yes,Change spring/winter camps,Yes,"Insufficient legal framework, Low attention to herders",Yes,Sending,"Meat & dairy, Fiber products",1,NA,1,NA,,,NA,NA,NA,NA,NA,,,NA,NA,NA,NA,NA,NA,No,0,8,17,50,110,0,2,8,18,60,Yes,Yes,Yes,Both,"Less vegetation overall, Less surface water",The same,,NA,NA,NA,NA,,,,No,,,Degraded,Medium,No,,Yes,Yes,Good,,,No,Moderately important,Moderately important,Moderately important,Moderately important,Moderately important,Moderately important,Important,Moderately important,Generally agree,Neither agree nor disagree,Strongly agree,Neither agree nor disagree
12/23/23,12/23/23,434,172,Tuv aimag,Delgerkhaan,Bag 1,????,Nyamdavaa,12/23/23,46.6168503 104.5511914 1530.6999999999998 4.64,46.6168503,104.5511914,1530.7,4.64,2,26,Male,Complete secondary/High school,NA,NA,NA,NA,NA,NA,NA,NA,NA,NA,NA,NA,1,1,NA,NA,1,2,No,"Grandparent, son",1,1,NA,NA,1,NA,1,NA,1,NA,NA,NA,NA,"Grandmother, son",1,1,NA,NA,1,NA,NA,NA,1,NA,NA,NA,NA,NA,2,1,1,No,,NA,NA,NA,NA,NA,NA,NA,NA,NA,NA,NA,NA,NA,,,NA,NA,NA,NA,NA,NA,,,,,NA,NA,NA,NA,NA,,No,,No,,No,,,,No,,NA,NA,NA,NA,NA,NA,Yes,Yes,Head of the household,Head of the household,No,No,No,No,No,No,No,,,Pension,1,NA,NA,NA,NA,NA,NA,NA,NA,NA,NA,,Bank,1,5-6mil,5,6,winter,1,NA,NA,NA,NA,NA,,NA,NA,NA,NA,,none,0,,,none,0,,,none,0,,,none,0,,,"grandmother, and relatives",NA,NA,NA,NA,NA,1,NA,NA,5,NA,5,5,1,No,,Yes,No,,Yes,Neutral,5,5,5,5,5,5,6,8,50,8,No,,No,Yes,Yes,Yes,Yes,No,No,Yes,"Horse, Camel",0,1,0,0,"Horse, Camel",0,1,0,0,Motorbike,0,0,0,1,5,5,5,5,5,5,5,5,6,No,,Yes,Fencing the pasture,Yes,"Financial difficulty, Low price of products, Lack of adequate land for activities",No,,,NA,NA,NA,NA,,,NA,NA,NA,NA,NA,,,NA,NA,NA,NA,NA,NA,No,0,25,5,160,140,0,7,12,200,100,Yes,Yes,Yes,Both,Higher frequency of dzud,Increase,Births,1,NA,NA,NA,,,,Yes,Increase,,No change,,No,,Yes,Yes,Good,,,No,Important,Very important,Very important,Very important,Very important,Very important,Very important,Very important,Strongly agree,Strongly agree,Strongly agree,Strongly agree
12/28/23,12/28/23,434,173,Tuv aimag,Delgerkhaan,Bag 1,,Bolor,12/23/23,43.3712 104.34 0 0,43.3712,104.34,0,0,3,50,Male,Complete secondary/High school,0,0,0,1,0,0,0,0,2,0,0,1,0,0,0,1,2,6,No,"Husband, wife",1,1,1,1,NA,NA,NA,NA,NA,NA,NA,NA,NA,"Husband, wife",1,1,1,1,NA,NA,NA,NA,NA,NA,NA,NA,NA,NA,2,2,2,Yes,Employment,NA,NA,NA,1,NA,NA,NA,NA,NA,NA,NA,NA,2017,,During Naadam Other,NA,NA,NA,1,NA,1,Lunar New Year,No,No,Employment,NA,NA,NA,1,NA,,No,,No,,No,,,,No,,NA,NA,NA,NA,NA,NA,No,No,,,No,No,No,No,No,No,Yes,Not specified,Film director,Salary,NA,NA,1,NA,NA,NA,NA,NA,NA,NA,NA,,none,0,,NA,NA,0,NA,NA,NA,NA,NA,NA,,NA,NA,NA,NA,,0,0,,,all the people from the countryside,Not specified,Not specified,,"2 male, ages 40, ",2,Not specified,,0,0,,,"wife, son and daughter",NA,1,1,NA,NA,NA,NA,NA,5,NA,1,3,1,No,,No,No,,Yes,Neutral,20,10,25,5,20,5,4,130,350,0,Yes,Outside soum,No,No,No,No,No,No,No,No,,NA,NA,NA,NA,"Horse, Camel, Motorbike",0,1,0,1,"Horse, Camel, Motorbike",0,1,0,1,NA,0,0,20,20,10,20,NA,10,,,No,,No,,Yes,Both,Meat & dairy,1,NA,NA,NA,,"Food, Technology",1,NA,NA,1,NA,,,NA,NA,NA,NA,NA,NA,No,0,0,150,0,0,0,20,80,150,50,No,No,No,,,Increase,Other,0,NA,NA,1,The animals are trapped,,,Yes,Increase,Livelihood improvement,Improved,Medium,No,,No,Yes,Good,,,No,Moderately important,Very important,Very important,Very important,Not important at all,Very important,Very important,Very important,Strongly agree,Strongly agree,Strongly agree,Neither agree nor disagree
12/28/23,12/28/23,434,174,Tuv aimag,Delgerkhaan,Bag 1,,Bolor,12/23/23,48.3712 104.34 15500 0,48.3712,104.34,15500,0,5,32,Male,Complete secondary/High school,3,5,0,0,1,1,0,0,1,1,0,0,0,0,0,0,2,8,No,Husband,NA,1,1,NA,NA,NA,NA,NA,NA,NA,NA,NA,NA,"Husband, wife",1,1,1,1,NA,NA,NA,NA,NA,NA,NA,NA,NA,NA,2,2,1,Yes,Employment,NA,NA,NA,1,NA,NA,NA,NA,NA,NA,NA,NA,NA,,To assist with migration to new camp (seasonal) During Naadam Other,NA,NA,1,1,NA,1,Annually,Don't know,Don't know,"Access to services (health care), Employment",NA,NA,1,1,NA,,No,,No,,No,,,,No,,NA,NA,NA,NA,NA,NA,Yes,Yes,Father,Father,Yes,Yes,No,Yes,Yes,No,Yes,Wife,Kindergarten teacher,"Salary, Government allowances",NA,NA,1,1,NA,NA,NA,NA,NA,NA,NA,,Bank,2,3-7 mil,3,7,Autumn-school new year,NA,1,NA,NA,NA,NA,,NA,NA,NA,NA,,"1 male, age 32 ",1,Not specified,,"1 female, 2 male, ages 60 ",3,Not specified,,0,0,,,0,0,,,parents and wife,1,1,NA,NA,NA,NA,NA,NA,5,NA,5,2,1,Yes,Democratic party,Yes,No,,Yes,Very unconfident,35,20,40,8,6,3,3,NA,40,40,No,,No,No,No,Yes,Yes,No,No,No,"Horse, Camel",0,1,0,0,"Horse, Camel, Motorbike",0,1,0,1,"Horse, Camel, Motorbike",0,1,0,1,12,20,13,18,17,15,20,23,9,No,,No,,No,,Yes,Both,Meat & dairy,1,NA,NA,NA,,Food,1,NA,NA,NA,NA,,,NA,NA,NA,NA,NA,NA,No,0,0,23,250,75,0,8,30,170,50,Yes,Yes,Yes,Both,Desertification,Decrease,,NA,NA,NA,NA,,Drought-related death,,Yes,Increase,livelihood improvement,No change,,No,,Yes,Yes,Medium,,,No,Moderately important,Important,Very important,Very important,Very important,Very important,Very important,Very important,Strongly agree,Strongly agree,Strongly agree,Generally agree
12/28/23,12/28/23,434,175,Tuv aimag,Delgerkhaan,Bag 1,,Bolor,12/23/23,,NA,NA,NA,NA,5,26,Male,Complete secondary/High school,3,0,0,0,0,0,0,0,0,0,0,0,0,0,0,0,1,5,,"Husband, wife",1,1,1,1,NA,NA,NA,NA,NA,NA,NA,NA,NA,"Husband, wife",1,1,1,1,NA,NA,NA,NA,NA,NA,NA,NA,NA,NA,2,2,2,No,,NA,NA,NA,NA,NA,NA,NA,NA,NA,NA,NA,NA,NA,,,NA,NA,NA,NA,NA,NA,,,,,NA,NA,NA,NA,NA,,,,,,Yes,Yes,Yes,Yes,Yes,"Shearing livestock, Migration",NA,NA,NA,NA,1,1,Yes,Yes,Father in law,Father in law,Yes,Yes,No,No,Yes,No,No,,,Government allowances,NA,NA,NA,1,NA,NA,NA,NA,NA,NA,NA,,Bank,1,10-15 mil,10,15,winter,1,NA,NA,NA,NA,NA,,NA,NA,NA,NA,,"2 persons, ages 50-60, male and female ",2,Not specified,,"3 persons, 1 male and female, ages 50-60, 2 females, ages 30",5,Not specified,,"1 female, age 25 ",1,Not specified,,0,0,,,"parents, wife",1,1,NA,NA,NA,NA,NA,NA,NA,NA,3,3,1,No,,Yes,Yes,Agree,Yes,Strongly confident,NA,4,3,5,5,4,4,NA,16,0,No,,No,No,No,Yes,Yes,No,No,No,"Walk, Horse, Camel, Car, Motorbike",1,1,1,1,"Walk, Horse, Camel, Car, Motorbike",1,1,1,1,"Walk, Horse, Camel, Car, Motorbike",1,1,1,1,0,0,0,0,0,0,8,20,10,No,,Yes,"Fencing the pasture, adopt intensive cow farming ",Yes,"Lack of technical skills, Financial difficulty",,,,NA,NA,NA,NA,,,NA,NA,NA,NA,NA,,,NA,NA,NA,NA,NA,NA,,0,36,33,315,166,0,0,0,0,0,Yes,Yes,Yes,Both,"Shorter/sparser vegetation, Higher number of mice",Increase,Births,1,NA,NA,NA,,,,No,,,No change,,No,,Yes,Yes,Medium,,,No,Very important,Very important,Very important,Very important,Very important,Very important,Very important,Very important,Strongly agree,Generally agree,Strongly agree,Neither agree nor disagree
12/23/23,12/23/23,435,176,Tuv aimag,Delgerkhaan,Bag 2,,Bilguun,12/23/23,46.6190341 104.4760579 1514.9600830078125 9.484,46.6190341,104.4760579,1514.960083,9.484,4,31,Male,Complete secondary/High school,2,0,0,0,0,0,0,0,2,0,0,0,0,0,0,0,2,6,Yes,Husband,NA,1,1,NA,NA,NA,NA,NA,NA,NA,NA,NA,NA,"Husband, wife",1,1,1,1,NA,NA,NA,NA,NA,NA,NA,NA,NA,NA,2,1,1,,,NA,NA,NA,NA,NA,NA,NA,NA,NA,NA,NA,NA,NA,,,NA,NA,NA,NA,NA,NA,,,,,NA,NA,NA,NA,NA,,,,,,No,,,,No,,NA,NA,NA,NA,NA,NA,No,No,,,Yes,No,No,No,No,No,No,,,Government allowances,NA,NA,NA,1,1,NA,NA,NA,NA,NA,NA,,Bank,1,1 -5 mil,1,5,"Summer, autumn, winter",1,1,NA,NA,1,NA,,NA,NA,NA,NA,,1,1,Not specified,,0,0,,,0,0,,,0,0,,,"wife, parents",1,1,NA,NA,NA,NA,NA,NA,5,NA,1,1,1,No,,Yes,No,,Yes,Neutral,3,3,2,6,4,6,6,30,200,200,No,,No,No,No,No,No,No,No,No,"Horse, Camel, Motorbike",0,1,0,1,"Horse, Camel, Motorbike",0,1,0,1,"Horse, Camel, Motorbike",0,1,0,1,NA,12,9,NA,8,8,8,10,8,No,,No,,No,,No,,,NA,NA,NA,NA,,,NA,NA,NA,NA,NA,,,NA,NA,NA,NA,NA,NA,No,0,11,30,150,150,0,10,30,150,150,Yes,Yes,Yes,Quantity,Shorter/sparser vegetation,The same,,NA,NA,NA,NA,,,,Yes,Increase,,No change,,No,,No,No,Not enough,,,No,Very important,Very important,Very important,Very important,Very important,Very important,Very important,Very important,Strongly agree,Strongly agree,Strongly agree,Strongly agree
12/23/23,12/23/23,435,177,Tuv aimag,Delgerkhaan,Bag 2,,Bilguun,12/23/23,46.6196424 104.5666254 1505.5025634765625 5.98,46.6196424,104.5666254,1505.502563,5.98,5,42,Male,Complete secondary/High school,3,3,0,0,0,0,0,0,2,2,0,0,0,0,0,0,1,5,,Husband,NA,1,1,NA,NA,NA,NA,NA,NA,NA,NA,NA,NA,Everyone,NA,NA,NA,NA,NA,NA,NA,NA,NA,NA,NA,NA,5,NA,4,1,1,,,NA,NA,NA,NA,NA,NA,NA,NA,NA,NA,NA,NA,NA,,,NA,NA,NA,NA,NA,NA,,,,,NA,NA,NA,NA,NA,,,,,,No,,,,No,,NA,NA,NA,NA,NA,NA,Yes,Yes,Husband,Husband,Yes,Yes,Yes,,,,Yes,Wife,Kindergarten teacher,"Salary, Government allowances",NA,NA,1,1,1,NA,NA,NA,NA,NA,NA,,Bank,1,4 -10 mil,4,10,After December,1,NA,NA,NA,NA,NA,,NA,NA,NA,NA,,0,0,,,0,0,,,0,0,,,0,0,,,"wife, brothers",NA,1,NA,NA,1,NA,NA,NA,5,NA,5,5,1,,,,No,,No,,8,20,10,10,5,2,2,3,6,3,No,,No,No,No,No,No,No,No,No,Motorbike,0,0,0,1,Motorbike,0,0,0,1,Motorbike,0,0,0,1,NA,3,10,NA,3,10,NA,5,10,No,,No,,No,,,,,NA,NA,NA,NA,,,NA,NA,NA,NA,NA,,,NA,NA,NA,NA,NA,NA,,0,8,27,150,137,0,8,13,60,300,No,No,Yes,Quantity,Varied year by year,The same,,NA,NA,NA,NA,,,,No,,,No change,,No,,Yes,Yes,Good,,,No,Not important at all,Very important,Very important,Very important,Very important,Very important,Very important,Very important,Strongly agree,Strongly agree,Strongly agree,Strongly agree
12/23/23,12/23/23,435,178,Tuv aimag,Delgerkhaan,Bag 2,,Bilguun,12/23/23,46.619154 104.4760884 1519.1927490234375 6.815,46.619154,104.4760884,1519.192749,6.815,2,63,Male,Secondary,0,0,0,0,0,0,0,0,0,0,0,0,2,0,0,0,2,6,Yes,Husband,NA,1,1,NA,NA,NA,NA,NA,NA,NA,NA,NA,NA,"Husband, wife",1,1,1,1,NA,NA,NA,NA,NA,NA,NA,NA,NA,NA,2,1,1,Yes,Marriage,NA,NA,NA,NA,1,NA,NA,NA,NA,NA,NA,NA,2010,,Other,NA,NA,NA,NA,NA,1,Lunar New Year,Yes,No,Other,NA,NA,NA,NA,1,married and moved,Yes,Decreased,Yes,,No,,,,No,,NA,NA,NA,NA,NA,NA,Yes,No,,,Yes,No,Yes,,,,No,,,Pension,1,NA,NA,NA,NA,NA,NA,NA,NA,NA,NA,,Bank,1,1-2 mil,1,2,Autumn and during medical treatment,NA,1,NA,NA,NA,NA,Other local organizations: At Community level,NA,1,1,NA,Medical Education Association,0,0,,,0,0,,,0,0,,,0,0,,,"wife, relatives and sister ",NA,1,NA,NA,1,1,NA,NA,5,NA,3,3,1,No,,Yes,No,,Yes,Strongly confident,6,6,6,3,3,2,5,90,300,90,No,,No,No,No,No,No,No,No,No,"Horse, Camel, Motorbike, Walk",1,1,0,1,"Walk, Horse, Camel, Motorbike",1,1,0,1,"Motorbike, Car",0,0,1,1,6,20,5,3,3,5,3,5,5,No,,No,,No,,No,,,NA,NA,NA,NA,,,NA,NA,NA,NA,NA,,,NA,NA,NA,NA,NA,NA,No,0,12,30,50,70,9,130,160,100,120,Yes,Yes,Yes,Quantity,Less vegetation overall,Decrease,,NA,NA,NA,NA,,Drought-related death,,No,,,Degraded,Substantial,No,,No,Yes,Good,,,Yes,Not important at all,Very important,Very important,Very important,Moderately important,Not important at all,Important,Important,Strongly agree,Generally agree,Strongly agree,Strongly disagree
12/23/23,12/23/23,435,179,Tuv aimag,Delgerkhaan,Bag 2,Batsaikhan,Munkhtuvshin,12/23/23,,NA,NA,NA,NA,4,43,Male,Secondary,1,0,0,2,0,0,0,1,2,0,0,0,0,0,0,0,1,2,No,"Unspecified, unspecified",NA,NA,NA,NA,NA,NA,NA,NA,NA,NA,NA,NA,2,2,NA,NA,NA,NA,NA,NA,NA,NA,NA,NA,NA,NA,2,NA,2,3,2,Yes,"School, Employment",1,NA,NA,1,NA,NA,NA,NA,NA,NA,NA,NA,2021,,During school breaks During Naadam,NA,NA,NA,1,1,NA,,Yes,Don't know,"School for children, Employment",1,NA,NA,1,NA,,Yes,Decreased,Yes,Lacking human capacity,No,,,,No,,NA,NA,NA,NA,NA,NA,Yes,Yes,Batsaikhan,Head of the household,Yes,No,No,Yes,Yes,No,No,,,,NA,NA,NA,NA,NA,NA,NA,NA,NA,NA,NA,,Bank,2,40-50 mil,40,50,"Autumn, winter",1,1,NA,NA,NA,NA,,NA,NA,NA,NA,,0,0,,,0,0,,,"a brother, age 45",1,Family,,"brother, age 45",1,Family,,"siblings, mother, husband,",1,1,NA,NA,1,NA,NA,NA,3,1,5,4,5,No,,Yes,Yes,Strongly disagree,Yes,Strongly confident,20,5,4,20,27,2,3,10,80,500,No,,No,Yes,Yes,Yes,Yes,Yes,Yes,Yes,"Horse, Camel, Motorbike, Car",0,1,1,1,"Horse, Camel, Motorbike",0,1,0,1,"Horse, Camel, Motorbike, Car",0,1,1,1,20,17,20,20,17,20,5,4,6,Yes,Fencing the pasture,Yes,Planting pasture grass,Yes,Insufficient water well,Yes,Sending,"Meat & dairy, Cash, Fiber products",1,1,1,NA,,,NA,NA,NA,NA,NA,,,NA,NA,NA,NA,NA,NA,No,0,65,80,600,415,0,25,35,256,314,Yes,Yes,Yes,Both,More invasive/alien species,Increase,Births,1,NA,NA,NA,,,,No,,,No change,,No,,No,Yes,Good,,,No,Slightly important,Important,Very important,Very important,Very important,Very important,Moderately important,Important,Strongly agree,Generally agree,Generally agree,Generally agree
12/23/23,12/23/23,435,180,Tuv aimag,Delgerkhaan,Bag 2,??????,Munkhtuvshin,12/23/23,46.644686 104.4539833 1445.4 4.014,46.644686,104.4539833,1445.4,4.014,4,42,Male,Secondary,2,1,0,0,0,0,0,0,2,0,0,0,0,0,0,0,2,5,Yes,"Husband, wife",1,1,1,1,NA,NA,NA,NA,NA,NA,NA,NA,NA,"Husband, wide, siblings",NA,NA,NA,NA,NA,NA,NA,NA,NA,NA,NA,NA,NA,NA,5,2,2,Yes,Kindergarten,1,1,NA,NA,NA,NA,NA,NA,NA,NA,NA,NA,2015,,Weekly,1,NA,NA,NA,NA,NA,,No,No,School for children,1,NA,NA,NA,NA,,No,,No,,No,,,,No,,NA,NA,NA,NA,NA,NA,Yes,Yes,Ganbat,Head of the household,Yes,No,No,Yes,Yes,No,No,,,Remits,NA,NA,NA,NA,NA,NA,1,NA,NA,NA,NA,,Bank,1,20 mil,20,20,Winter and preparation of fodder,1,NA,NA,NA,NA,NA,,NA,NA,NA,NA,,0,0,,,0,0,,,0,0,,,"brother, age 45,sister, age 52, mother, age 73",3,Family,,"brother, sister and mother",1,NA,NA,NA,1,NA,NA,NA,5,NA,5,4,3,No,,Yes,Yes,Strongly agree,Yes,Strongly confident,NA,15,10,20,5,2,2,15,50,25,No,,No,Yes,Yes,No,No,Yes,Yes,Yes,"Horse, Camel, Motorbike",0,1,0,1,"Horse, Camel, Motorbike",0,1,0,1,"Horse, Camel, Motorbike",0,1,0,1,15,12,16,14,15,20,20,14,18,Yes,Improve the quality of the livestock,Yes,Planting pasture grass,Yes,"Insufficient water well, Lack of solidarity",Yes,Both,"Meat & dairy, Cash, Fiber products",1,1,1,NA,,"Cash, Food",1,1,NA,NA,NA,,"Supplemental fodder, Husbandry, Vehicle or fuel costs",NA,NA,NA,1,1,1,No,0,40,20,115,214,0,21,21,121,152,Yes,Yes,Yes,Both,Less nutritious plants,Increase,Births,1,NA,NA,NA,,,,No,,,Degraded,Slight,No,,No,Yes,Medium,,,No,Moderately important,Very important,Very important,Very important,Very important,Important,Very important,,Strongly agree,Strongly agree,Strongly agree,Generally agree
12/27/23,12/27/23,435,181,Tuv aimag,Delgerkhaan,Bag 2,No,Batdorj,12/23/23,,NA,NA,NA,NA,4,57,Male,Elementary,0,NA,NA,NA,0,NA,NA,NA,2,NA,NA,NA,0,NA,NA,NA,1,2,Yes,Husband,NA,1,1,NA,NA,NA,NA,NA,NA,NA,NA,NA,NA,24,NA,NA,NA,NA,NA,NA,NA,NA,NA,NA,NA,NA,24,NA,2,1,1,No,,NA,NA,NA,NA,NA,NA,NA,NA,NA,NA,NA,NA,NA,,,NA,NA,NA,NA,NA,NA,,,,,NA,NA,NA,NA,NA,,,,,,No,,,,Yes,Shearing livestock,NA,NA,NA,NA,NA,1,Yes,Yes,Head of the household,Head of the household,Yes,No,Yes,,,,No,,,Pension,1,NA,NA,NA,NA,NA,NA,NA,NA,NA,NA,,Bank,1,1-3 mil,1,3,Summer,NA,NA,NA,NA,1,NA,,NA,NA,NA,NA,,None,0,,,"2-3 persons, ages 40-50",3,Not specified,,"3 children, ages 20-30",3,Family,,"3 children, ages 20-30, in UB",3,Family,,3 children,NA,NA,1,NA,NA,NA,NA,NA,4,NA,5,4,2,No,,No,Yes,Neutral,Yes,Strongly confident,NA,5,3,5,3,2,2,1,2,3,No,,No,Yes,Yes,Yes,Yes,No,No,Yes,"Horse, Camel",0,1,0,0,Motorbike,0,0,0,1,Motorbike,0,0,0,1,6,6,7,5,3,5,3,2,5,Yes,Negotiating with others to protect pasture from stray livestock,Yes,Fence needlegrass,Yes,Financial difficulty,Yes,Both,"Meat & dairy, Cash",1,1,NA,NA,,"Food, Cash",1,1,NA,NA,NA,,"Household improvements, Supplemental fodder, Husbandry, Vehicle or fuel costs",NA,NA,1,1,1,1,Yes,0,0,0,55,250,0,30,15,350,120,Yes,Yes,Yes,Both,"Less vegetation overall, Unable to buy fodder",Decrease,,NA,NA,NA,NA,,Sold,,Yes,Decrease,Sold out cows and horses to herd smaller animals only,Degraded,Medium,No,,No,Yes,Medium,,,No,Moderately important,Important,Very important,Very important,Moderately important,Very important,Important,Important,Generally agree,Generally agree,Generally agree,Neither agree nor disagree
12/27/23,12/27/23,435,182,Tuv aimag,Delgerkhaan,Bag 2,No,Batdorj,12/23/23,,NA,NA,NA,NA,4,57,Male,No education,0,NA,NA,NA,2,0,0,2,2,0,0,0,0,NA,NA,NA,2,8,Yes,"Husband, brother, son",NA,3,1,NA,1,NA,1,NA,NA,1,NA,NA,NA,"Husband, older brother, son",NA,3,1,NA,1,NA,NA,NA,NA,1,NA,NA,NA,NA,4,1,1,Yes,"Higher Education, Employment, Marriage",NA,NA,1,1,1,NA,NA,NA,NA,NA,NA,NA,2015,,Other,NA,NA,NA,NA,1,NA,,Yes,No,University,NA,1,NA,NA,NA,,No,,No,,No,,,,No,,NA,NA,NA,NA,NA,NA,Yes,Yes,Head of the household,Head of the household,Yes,No,Yes,,,,No,,,"Pension, Government allowances",1,NA,NA,1,NA,NA,NA,NA,NA,NA,NA,,Bank,1,5-15 mil,5,15,Winter and Spring,1,NA,NA,1,NA,NA,,NA,NA,NA,NA,,none,0,,,Soum's shop provides loans,,,Soum shop,"a brother, age 60 ",1,Family,,"daughter, age 34, in UB",1,Family,,"brother, 2 son and daughter",NA,NA,1,NA,1,NA,NA,NA,5,NA,4,4,2,No,,Yes,No,,Yes,Strongly confident,6,10,5,6,3,3,4,8,32,15,No,,No,Yes,Yes,Yes,Yes,No,No,Yes,"Horse, Camel",0,1,0,0,"Horse, Camel, Motorbike",0,1,0,1,"Motorbike, Horse, Camel",0,1,0,1,10,10,15,12,10,12,6,7,10,Yes,Provided more fodder,No,,Yes,Critiques from other herders around building fences in grazing areas,Yes,Both,"Meat & dairy, Cash",1,1,NA,NA,,"Cash, Food",1,1,NA,NA,NA,,"Supplemental fodder, Husbandry, Vehicle or fuel costs",NA,NA,NA,1,1,1,No,0,12,45,300,120,0,25,10,100,80,Yes,Yes,Yes,Both,"Less vegetation overall, Fewer native plants, More invasive/alien species",Increase,Births,1,NA,NA,NA,,,,No,,,Degraded,Medium,No,,No,Yes,Not enough,,,No,Important,Important,Very important,Important,Important,Important,Important,Very important,Generally agree,Generally agree,Generally agree,Neither agree nor disagree
12/23/23,12/23/23,435,183,Tuv aimag,Delgerkhaan,Bag 2,????,Nyamdavaa,12/23/23,46.6489634 104.4608477 1448.2 4.816,46.6489634,104.4608477,1448.2,4.816,4,29,Male,Complete secondary/High school,2,0,0,0,2,0,0,0,0,0,0,0,0,0,0,0,2,8,Yes,"Husband, wife, child",1,1,1,1,NA,NA,1,NA,NA,NA,NA,NA,NA,"Husband, wife, child",1,1,1,1,NA,NA,1,NA,NA,NA,NA,NA,NA,NA,4,1,1,No,,NA,NA,NA,NA,NA,NA,NA,NA,NA,NA,NA,NA,NA,,,NA,NA,NA,NA,NA,NA,,,,School for children,1,NA,NA,NA,NA,,No,,No,,No,,,,Yes,Household Chores,NA,NA,1,NA,NA,NA,Yes,Yes,Head of the household,Head of the household,Yes,No,No,No,No,No,No,,,Crafts,NA,NA,NA,NA,NA,NA,NA,1,NA,NA,NA,,Bank,1,5mil,5,5,winter,1,NA,NA,NA,NA,NA,Other local organizations:,NA,NA,1,NA,Animal protection,parents,2,Family,,5 persons,5,Not specified,,none,0,,,none,0,,,"father, mother and wife",1,1,NA,NA,NA,NA,NA,NA,5,1,3,5,1,No,,Yes,Yes,Strongly agree,Yes,Confident,5,5,5,5,5,3,4,8,30,30,No,,No,No,No,No,No,No,No,No,"Motorbike, Horse, Camel",0,1,0,1,"Horse, Camel, Motorbike",0,1,0,1,"Horse, Camel, Motorbike",0,1,0,1,5,5,5,5,5,5,5,5,5,No,,No,,No,,No,,,NA,NA,NA,NA,,,NA,NA,NA,NA,NA,,,NA,NA,NA,NA,NA,NA,No,0,10,30,120,50,0,20,20,400,110,Yes,Yes,Yes,Both,Better vegetation in some years,Decrease,,NA,NA,NA,NA,,Drought-related death,,Yes,Increase,Livelihood improvement,No change,,No,,Yes,No,Good,,,Yes,Very important,Very important,Very important,Very important,Very important,Very important,Very important,Very important,Strongly agree,Strongly agree,Strongly agree,Strongly agree
12/23/23,12/23/23,435,184,Tuv aimag,Delgerkhaan,Bag 2,????,Nyamdavaa,12/23/23,46.6489458 104.4609769 1454.6000000000001 4.6,46.6489458,104.4609769,1454.6,4.6,4,58,Male,Secondary,0,0,0,0,2,0,0,0,2,0,0,0,0,0,0,0,1,4,Yes,"Husband, wife, son",1,2,1,1,1,NA,1,NA,NA,NA,NA,NA,NA,"Husband, wife, son",1,2,1,NA,1,NA,NA,NA,NA,NA,NA,NA,NA,NA,4,1,1,No,,NA,NA,NA,NA,NA,NA,NA,NA,NA,NA,NA,NA,NA,,,NA,NA,NA,NA,NA,NA,,,,,NA,NA,NA,NA,NA,,No,,No,,No,,,,No,,NA,NA,NA,NA,NA,NA,Yes,Yes,Head of the household,Head of the household,Yes,No,Yes,,,,No,,,Pension,1,NA,NA,NA,NA,NA,NA,NA,NA,NA,NA,,Bank,1,2mil,2,2,Winter and spring,1,NA,NA,1,NA,NA,Local party,NA,NA,NA,1,,none,0,,,father,1,Family,,none,0,,,5 children,5,Family,,"wife, children and father",1,1,1,NA,NA,NA,NA,NA,5,1,5,5,2,Yes,Democratic party,Yes,No,,Yes,Strongly confident,4,5,2,5,3,NA,3,20,20,20,Yes,Outside soum,No,No,No,No,No,No,No,Yes,"Horse, Camel, Walk",1,1,0,0,"Walk, Horse, Camel, Motorbike",1,1,0,1,"Walk, Motorbike",1,0,0,1,5,3,5,5,3,5,5,3,5,Yes,Improved approach and practice,No,,Yes,Financial difficulty,No,,,NA,NA,NA,NA,,,NA,NA,NA,NA,NA,,,NA,NA,NA,NA,NA,NA,No,0,50,90,800,200,0,80,50,1000,500,Yes,Yes,Yes,Both,Shorter/sparser vegetation,Decrease,,NA,NA,NA,NA,,Sold,,Yes,Increase,,Degraded,Medium,Yes,Don't know,Yes,Yes,Good,No change,,No,Very important,Very important,Very important,Very important,Very important,Very important,Very important,Very important,Strongly agree,Strongly agree,Strongly agree,Strongly agree
12/27/23,12/27/23,,185,Tuv aimag,Delgerkhaan,Bag 3,,Munkhtur,12/27/23,,NA,NA,NA,NA,4,27,Male,Complete secondary/High school,2,2,0,0,1,1,0,0,0,0,0,0,0,0,0,0,2,9,Yes,Husband,NA,1,1,NA,NA,NA,NA,NA,NA,NA,NA,NA,NA,Husband,NA,1,1,NA,NA,NA,NA,NA,NA,NA,NA,NA,NA,NA,3,10,3,Yes,Kindergarten,NA,1,NA,NA,NA,NA,NA,NA,NA,NA,NA,NA,2023,,Weekly During school breaks,1,NA,NA,NA,1,NA,,No,Yes,School for children,1,NA,NA,NA,NA,,Yes,Decreased,Yes,Lacking human capacity,Yes,Yes,Yes,Yes,Yes,Day laboring,1,NA,NA,NA,NA,NA,Yes,No,,,Yes,No,No,Yes,No,No,No,,,Government allowances,NA,NA,NA,1,NA,NA,NA,NA,NA,NA,NA,,Bank,1,5-10 mil,5,10,Autum and winter,1,1,NA,NA,NA,NA,,NA,NA,NA,NA,,"2 persons, ages 30-40, in the soum",2,Not specified,,"2 persons, ages 40-50, UB",2,Not specified,,none,0,,,none,0,,,wife and parents,1,1,NA,NA,NA,NA,NA,NA,5,1,5,5,1,No,,Yes,Yes,Agree,Yes,Very unconfident,7,7,5,4,4,4,3,30,100,300,Yes,Outside soum,No,No,No,Yes,No,No,No,Yes,"Horse, Camel, Motorbike",0,1,0,1,"Horse, Camel, Motorbike",0,1,0,1,"Horse, Camel, Motorbike",0,1,0,1,10,7,10,12,6,12,6,6,6,No,,Yes,"Fencing the pasture, improve water supply",Yes,Lack of time,Yes,Both,Meat & dairy,1,NA,NA,NA,,Food,1,NA,NA,NA,NA,,,NA,NA,NA,NA,NA,NA,No,0,20,90,373,255,0,10,37,110,125,Yes,Yes,Yes,Both,Shorter/sparser vegetation,Increase,Births,1,NA,NA,NA,,,,Yes,Decrease,Improve the quality of livestock,Degraded,Slight,No,,No,Yes,Medium,,,No,Important,Very important,Very important,Important,Important,Very important,Important,Very important,Strongly agree,Strongly agree,Strongly agree,Strongly disagree
12/27/23,12/27/23,,186,Tuv aimag,Delgerkhaan,Bag 3,,Munkhtur,12/27/23,,NA,NA,NA,NA,2,73,Male,College/University,0,0,0,0,0,0,0,0,0,0,0,0,1,1,0,0,1,1,No,Husband,NA,1,1,NA,NA,NA,NA,NA,NA,NA,NA,NA,NA,"Husband, wife",1,1,1,1,NA,NA,NA,NA,NA,NA,NA,NA,NA,NA,2,1,2,No,,NA,NA,NA,NA,NA,NA,NA,NA,NA,NA,NA,NA,NA,,,NA,NA,NA,NA,NA,NA,,,,,NA,NA,NA,NA,NA,,No,,No,,Yes,Yes,No,No,Yes,Shearing livestock,NA,NA,NA,NA,NA,1,No,No,,,Yes,No,No,No,No,No,No,,,Pension,1,NA,NA,NA,NA,NA,NA,NA,NA,NA,NA,,Bank,1,4mil,4,4,winter,1,NA,NA,NA,NA,NA,Local party,NA,NA,NA,1,,"2 persons,  ages 40-50 ?????, in the soum ",2,Not specified,,"2 persons, ages 30-45, in the soum",2,Not specified,,none,0,,,none,0,,,"husband, son and daughter ",NA,1,1,NA,NA,NA,NA,NA,1,1,5,5,1,Yes,Democratic party,Yes,Yes,Strongly agree,No,,4,4,3,4,5,2,2,5,10,5,No,,No,No,No,No,No,No,No,No,"Horse, Camel",0,1,0,0,"Horse, Camel, Motorbike",0,1,0,1,"Horse, Camel, Motorbike",0,1,0,1,6,3,3,3,3,4,3,3,3,No,,No,,No,,No,,,NA,NA,NA,NA,,,NA,NA,NA,NA,NA,,,NA,NA,NA,NA,NA,NA,No,0,6,10,30,50,0,16,20,110,80,Yes,Yes,Yes,Both,Higher frequency of dzud,Decrease,,NA,NA,NA,NA,,Drought-related death,,No,,,Degraded,Medium,No,,No,Yes,Not enough,,,No,Important,Important,Very important,Very important,Very important,Very important,Very important,Very important,Strongly agree,Strongly agree,Strongly agree,Strongly disagree
12/24/23,12/26/23,,187,Tuv aimag,Delgerkhaan,Bag 5,,Munkhtur,12/24/23,,NA,NA,NA,NA,5,38,Male,Secondary,3,3,0,0,1,1,0,0,1,1,0,0,0,0,0,0,1,1,No,Husband,NA,1,1,NA,NA,NA,NA,NA,NA,NA,NA,NA,NA,Husband,NA,1,1,NA,NA,NA,NA,NA,NA,NA,NA,NA,NA,NA,1,3,1,Yes,Employment,NA,NA,NA,1,NA,NA,NA,NA,NA,NA,NA,NA,2020,,To assist with migration to new camp (seasonal),NA,NA,1,NA,NA,NA,,Yes,Don't know,Employment,NA,NA,NA,1,NA,,No,,Yes,Lack of food,Yes,No,Yes,No,No,,NA,NA,NA,NA,NA,NA,Yes,No,,,Yes,No,No,Yes,No,No,Yes,Not specified,Public service,"Salary, Government allowances",NA,NA,1,1,NA,NA,NA,NA,NA,NA,NA,,Bank,1,7 mil,7,7,winter,1,NA,NA,NA,NA,NA,,NA,NA,NA,NA,,"4 persons, ages 43-70, UB",4,Not specified,,0,0,,,0,0,,,0,0,,,"wife, parents ",1,1,NA,NA,NA,NA,NA,NA,1,1,5,5,1,No,,Yes,Yes,Strongly disagree,No,,6,6,5,10,8,4,2,12,22,10,No,,No,No,No,No,No,Yes,No,Yes,"Walk, Horse, Camel, Motorbike",1,1,0,1,"Horse, Camel, Motorbike",0,1,0,1,Motorbike,0,0,0,1,6,5,6,5,4,6,7,6,7,No,,Yes,Fencing the pasture,Yes,Need a pasture specialist,Yes,Both,"Meat & dairy, Cash",1,1,NA,NA,,Food,1,NA,NA,NA,NA,,,NA,NA,NA,NA,NA,NA,No,0,23,13,417,205,0,12,7,118,95,Yes,Yes,Yes,Both,Less vegetation overall,Increase,Purchased more,0,1,NA,NA,,,,Yes,Decrease,,No change,,No,,Yes,Yes,Good,,,No,Important,Very important,Very important,Very important,Very important,,Very important,,Strongly agree,Generally agree,Strongly agree,Strongly disagree
12/18/23,12/25/23,,188,Tuv aimag,Delgerkhaan,Bag 6,,Bilguun,12/18/23,47.9254852 106.9198719 1275.4000244140625 4.983,47.9254852,106.9198719,1275.400024,4.983,4,40,Male,Complete secondary/High school,1,2,0,0,NA,NA,NA,NA,NA,NA,NA,NA,NA,NA,NA,NA,NA,NA,,,NA,NA,NA,NA,NA,NA,NA,NA,NA,NA,NA,NA,NA,,NA,NA,NA,NA,NA,NA,NA,NA,NA,NA,NA,NA,NA,NA,NA,NA,NA,,,NA,NA,NA,NA,NA,NA,NA,NA,NA,NA,NA,NA,NA,,,NA,NA,NA,NA,NA,NA,,,,,NA,NA,NA,NA,NA,,,,,,,,,,,,NA,NA,NA,NA,NA,NA,,,,,,,,,,,,,,,NA,NA,NA,NA,NA,NA,NA,NA,NA,NA,NA,,,,,NA,NA,,NA,NA,NA,NA,NA,NA,,NA,NA,NA,NA,,,0,,,,,,,,,,,,,,,,NA,NA,NA,NA,NA,NA,NA,NA,NA,NA,NA,NA,NA,,,,,,,,NA,NA,NA,NA,NA,NA,NA,NA,NA,NA,,,,,,,,,,,,NA,NA,NA,NA,,NA,NA,NA,NA,,NA,NA,NA,NA,NA,NA,NA,NA,NA,NA,NA,NA,NA,,,,,,,,,,NA,NA,NA,NA,,,NA,NA,NA,NA,NA,,,NA,NA,NA,NA,NA,NA,,NA,NA,NA,NA,NA,NA,NA,NA,NA,NA,,,,,,,,NA,NA,NA,NA,,,,,,,,,,,,,,,,,,,,,,,,,,,,